date,scenario_id,london_range,london_high,london_low,atr,london_slope,london_r2,london_pivot_density,london_range_pos,london_vol_bias,london_momentum_ratio,london_volatility_relative
2022-01-03,7,12.6099999999999,1810.49,1797.88,3.565000000000022,0.08577734877734697,0.13099585994654467,0.2222222222222222,0.8501189532117276,-0.5808080808080808,-3.7639027716091107,3.637125296157635
2022-01-04,0,16.800000000000182,1819.66,1802.86,2.921428571428578,-0.25109395109395083,0.5321231717081473,0.25,0.33690476190476315,0.5233219567690558,-2.797314311596076,5.495291437620531
2022-01-05,7,19.049999999999955,1837.87,1818.82,3.6664285714285825,-0.12958944658944668,0.08759214191648751,0.1111111111111111,0.27139107611549,-0.3850893407270487,-1.3815173289697158,5.2862766689607765
2022-01-06,1,25.330000000000155,1815.66,1790.33,3.0771428571429005,-0.6368442728442727,0.8888108365083979,0.19444444444444445,0.07816818002368757,0.07229865918850233,0.521676092549536,7.601398060102299
2022-01-07,0,21.039999999999964,1816.95,1795.91,3.6735714285714005,0.24294337194337243,0.2778597805220241,0.2222222222222222,0.440114068441065,0.5193921524155137,-0.5860493293074092,5.870457716069907
2022-01-10,0,19.8900000000001,1864.16,1844.27,3.620714285714306,0.445836550836552,0.8321250597935733,0.2222222222222222,0.9381598793363494,-0.12217808351903885,0.27023572207474766,5.269926717204118
2022-01-11,0,33.66000000000008,1881.68,1848.02,2.8750000000000164,0.8415585585585588,0.9471463983038472,0.1111111111111111,0.9281045751633967,-0.25879858657243815,0.8530879827665742,11.073452523155812
2022-01-12,2,25.75,1905.84,1880.09,4.101428571428577,0.48934877734877713,0.6934952326896777,0.1388888888888889,0.8462135922330172,-0.6517544689302941,9.579395399201637,6.6878636248860035
2022-01-13,0,13.3900000000001,1911.99,1898.6,3.4092857142857644,-0.131404118404119,0.26932422179282717,0.19444444444444445,0.5392083644510809,0.7166023166023165,0.8737254643013082,3.8373306949609236
2022-01-14,0,21.519999999999982,1927.62,1906.1,3.6785714285714284,0.1399279279279293,0.18219779566893848,0.19444444444444445,0.7857806691449859,0.3227401129943503,-1.082919820604996,5.749069745253283
2022-01-17,0,21.809999999999945,1965.32,1943.51,3.753571428571474,-0.4176550836550821,0.7266140310490706,0.16666666666666666,0.2691425951398502,0.17742343710453048,1.4304880816982006,5.241413510459182
2022-01-18,0,14.88000000000011,1986.91,1972.03,3.321428571428555,0.24847104247104163,0.6468303970644621,0.2222222222222222,0.7338709677419349,0.426786254157009,0.2626157977936195,3.881678855918427
2022-01-19,3,20.720000000000027,2016.18,1995.46,3.6078571428571258,-0.4627606177606176,0.7329938098841456,0.1111111111111111,0.1973938223938182,0.13878239533813833,-6.073192313631686,5.241120407128789
2022-01-20,6,13.560000000000173,1995.4,1981.84,4.232142857142841,-0.02960746460746539,0.02384231332721922,0.2222222222222222,0.6032448377581091,0.39736638264910923,10.0,3.349247499424226
2022-01-21,6,18.670000000000073,2005.78,1987.11,4.032142857142877,0.26510553410553545,0.5010756864673579,0.2222222222222222,0.968934118907342,0.44633560272326794,0.18836231520575078,4.696761570099418
2022-01-24,7,15.730000000000018,1997.4,1981.67,4.302857142857208,-0.20174646074646116,0.4674062358366632,0.2222222222222222,0.04005085823266885,0.6901160745691172,-7.462534443318371,4.101567592736298
2022-01-25,3,18.919999999999845,2020.59,2001.67,3.9307142857143162,-0.28798326898327087,0.5428822846810273,0.16666666666666666,0.11257928118392702,0.3959105255935227,10.0,4.84128225175913
2022-01-26,0,15.879999999999882,2004.54,1988.66,4.043571428571421,0.040245817245816606,0.024901493601097932,0.16666666666666666,0.7052896725440744,0.2567251461988304,4.222853113166063,4.095170847020524
2022-01-27,7,14.490000000000009,2022.96,2008.47,3.8550000000000018,-0.16942342342342287,0.36337805696374953,0.2777777777777778,0.33471359558315433,0.2687249857061178,0.8279567942992564,3.386864292803279
2022-01-28,0,20.199999999999818,2036.59,2016.39,4.230714285714255,0.20000257400257473,0.23797863641711334,0.16666666666666666,0.7960396039603996,0.11235814939518643,0.10232330436956898,4.916740717845662
2022-01-31,0,25.730000000000246,2049.28,2023.55,3.6792857142856974,0.4513436293436292,0.66929200278466,0.1388888888888889,0.5141857753594983,0.6470588235294118,-0.17714115477386905,6.555215189105627
2022-02-01,1,27.50999999999999,2042.02,2014.51,4.075000000000013,-0.633870012870012,0.8957217444871708,0.2222222222222222,0.0901490367139229,-0.4096897577560561,0.6161513693009014,7.69762548509057
2022-02-02,1,17.37999999999988,2030.56,2013.18,4.164999999999948,-0.11324453024453138,0.19140828314285213,0.19444444444444445,0.4108170310701911,0.17034272141160503,0.03566417361729103,4.322167123084886
2022-02-03,0,20.269999999999982,2008.08,1987.81,4.40428571428572,0.3891557271557257,0.6276577010727835,0.2222222222222222,0.630488406512086,-0.01402493321460374,0.07078533326280208,4.886369832546493
2022-02-04,0,19.539999999999964,2029.81,2010.27,3.975714285714259,0.42849163449163474,0.784085273475575,0.2222222222222222,0.7318321392016367,0.19765166340508805,0.35387250097514383,4.815749710267515
2022-02-07,0,17.899999999999864,2057.58,2039.68,4.661428571428571,0.3093564993564995,0.5848845541606764,0.25,0.920111731843584,0.40102171136653897,0.04963426375897854,4.464061278414965
2022-02-08,6,27.75,2081.71,2053.96,3.0600000000000755,0.6026589446589402,0.6754671892833545,0.08333333333333333,0.6457657657657684,0.4774588040211421,-0.16215728843479735,7.654879123405135
2022-02-09,3,35.00999999999999,2064.94,2029.93,3.327142857142868,-0.6550321750321784,0.7939275485373738,0.16666666666666666,0.1031133961725193,-0.8178661616161617,2.377301165192958,8.18954970342247
2022-02-10,0,17.279999999999973,2017.23,1999.95,3.955714285714277,-0.046540540540540645,0.015390202302424522,0.19444444444444445,0.7615740740740669,-0.36935366739288306,-0.7810903785146804,4.3031800304365815
2022-02-11,1,23.639999999999873,2040.87,2017.23,4.2928571428571685,-0.017370656370657545,0.0009686276184166483,0.1388888888888889,0.2846869712351969,-0.27900552486187846,-0.8889491784243688,5.887192967719265
2022-02-14,3,22.069999999999936,1989.57,1967.5,3.422142857142847,-0.3851750321750326,0.5044315423890351,0.1388888888888889,0.5129134571816932,0.39789568955764226,-1.5012447042998953,6.085244897177629
2022-02-15,0,17.409999999999854,1961.84,1944.43,3.8107142857142144,-0.07526512226512042,0.07661646515018196,0.1111111111111111,0.21596783457783011,0.3335563733690197,-0.34412927995540626,4.566866350572764
2022-02-16,0,26.569999999999936,1951.09,1924.52,4.03357142857143,0.6200836550836571,0.847249050486876,0.1388888888888889,0.8667670304855111,0.19039106145251397,1.4768855277855055,7.290112199291187
2022-02-17,6,12.670000000000073,1950.88,1938.21,3.7650000000000188,0.09077734877734844,0.19849942109090296,0.2222222222222222,0.5690607734806626,0.11347819911944326,-0.04686730865230454,3.3404022702900575
2022-02-18,0,16.38000000000011,1949.18,1932.8,4.543571428571438,0.16506821106821137,0.3440808410078942,0.19444444444444445,0.4761904761904702,0.6042345276872965,-0.518242259570055,3.8477765400623714
2022-02-21,0,19.330000000000155,1946.38,1927.05,3.5135714285714488,0.37660489060488916,0.7867488978562738,0.19444444444444445,0.7563372995344025,0.22922838200028212,0.6664622326886904,5.154830312073398
2022-02-22,0,24.320000000000164,1962.42,1938.1,4.772142857142869,0.4459420849420833,0.5795887133137574,0.19444444444444445,0.6060855263157857,-0.42904564315352695,-0.010750690362880249,5.442624406662307
2022-02-23,6,15.149999999999864,1965.35,1950.2,3.8914285714285404,0.22253925353925344,0.5578853893890258,0.2222222222222222,0.7953795379537996,-0.26586663367561547,6.488265779692598,4.052070453254931
2022-02-24,0,22.949999999999818,1972.84,1949.89,3.7421428571428317,0.5113294723294736,0.857017539034114,0.19444444444444445,0.7193899782135129,-0.1457274553835244,0.5724987891027643,6.622049452971571
2022-02-25,1,19.569999999999936,1976.27,1956.7,3.170000000000024,-0.34779665379665414,0.7613221768126751,0.16666666666666666,0.05620848237097152,-0.07887502643264961,2.1871496016098493,5.624429047985623
2022-02-28,0,16.75999999999999,1938.09,1921.33,3.3921428571428414,-0.006068211068211109,0.0005838188306268116,0.19444444444444445,0.6026252983293641,0.2837073526728699,0.3238436902838534,4.406132146825139
2022-03-01,1,18.8900000000001,1936.01,1917.12,5.294285714285739,-0.24313899613899628,0.4048031392506056,0.19444444444444445,0.11434621492853735,-0.025712577237392863,5.773111522329178,4.234785470914265
2022-03-02,3,19.080000000000155,1919.95,1900.87,3.8607142857142827,0.11286100386100331,0.08137951548703035,0.1388888888888889,0.21383647798742775,0.16623909697280656,-1.3596876528575668,5.111936847141441
2022-03-03,7,17.110000000000127,1864.67,1847.56,3.374285714285666,-0.2459755469755472,0.6052068884230023,0.16666666666666666,0.3249561659847986,-0.46916708903531,-0.24730252724093071,4.684386356599292
2022-03-04,6,17.610000000000127,1881.48,1863.87,3.7628571428571314,-0.169393822393823,0.2758514711442513,0.19444444444444445,0.7189097103918223,0.2064176245210728,-7.669877998816165,4.7650299041135975
2022-03-07,0,13.170000000000073,1902.2,1889.03,3.168571428571389,-0.028760617760616534,0.014478245240134663,0.16666666666666666,0.20577069096431447,-0.5467781073065516,-6.661223319601209,3.7898415018499394
2022-03-08,0,20.330000000000155,1911.19,1890.86,4.271428571428552,-0.04959974259974396,0.014005877443726049,0.16666666666666666,0.34727004426955826,0.4445479962721342,-0.8787792854802701,4.8837814521242
2022-03-09,6,19.440000000000055,1868.81,1849.37,3.8257142857142816,-0.09865122265122082,0.06843699285955367,0.2222222222222222,0.6965020576131766,0.3844862323707186,-0.9963284283197704,5.151212125991746
2022-03-10,0,19.970000000000027,1883.29,1863.32,3.6978571428571576,0.08558944658944562,0.07197796999603058,0.1388888888888889,0.44767150726089344,-0.09962850388382304,-0.0028222620120676406,5.381598083668433
2022-03-11,3,19.50999999999999,1868.91,1849.4,3.7649999999999864,-0.26742342342342357,0.540041221816069,0.19444444444444445,0.10353664787288482,0.46882399368587213,0.906074690739711,5.481773025527237
2022-03-14,0,26.90000000000009,1843.92,1817.02,3.7899999999999636,0.41317117117117086,0.6012230930278895,0.08333333333333333,0.8252788104089208,0.14089468122578372,-7.884824279145728,7.551928700738084
2022-03-15,0,14.919999999999845,1858.06,1843.14,2.9464285714285388,0.15056241956242056,0.28972306856407243,0.2222222222222222,0.8063002680965212,0.2146236559139785,0.41947094609888375,4.55710562996177
2022-03-16,0,23.37000000000012,1854.65,1831.28,3.61000000000003,-0.31860617760617754,0.6487915778635416,0.2222222222222222,0.38254172015404403,0.09826589595375723,0.20111635489013213,6.351228350193068
2022-03-17,0,25.639999999999873,1861.79,1836.15,3.158571428571414,0.23599871299871245,0.17912544423780027,0.1111111111111111,0.874804992199686,0.24415975885455915,-3.112547733966375,8.072009044855738
2022-03-18,0,20.170000000000073,1861.78,1841.61,3.8978571428570734,0.08583397683397388,0.050550373141879976,0.2222222222222222,0.8626673277144288,0.7009437431057728,0.8937429738574402,5.277117064738419
2022-03-21,0,17.97999999999979,1842.86,1824.88,3.9457142857142538,0.05036550836550812,0.020846607597963435,0.2222222222222222,0.3136818687430444,0.27996519469219056,-1.4350672244726888,4.874987895807075
2022-03-22,0,14.580000000000155,1841.89,1827.31,3.659285714285699,0.2110875160875163,0.5110526785544708,0.19444444444444445,0.9513031550068567,0.13368447454226234,-10.0,3.8464622777310162
2022-03-23,6,10.8599999999999,1862.82,1851.96,3.2492857142857474,0.08249034749034902,0.2092609377017736,0.16666666666666666,0.6906077348066362,0.3177610333692142,-0.20465560346059394,3.312338118176726
2022-03-24,2,19.690000000000055,1872.98,1853.29,3.575000000000062,0.3347129987130006,0.793037399715355,0.1388888888888889,0.9294057897409804,-0.10235666549419627,1.5009918246889793,5.281095837923256
2022-03-25,0,26.579999999999927,1910.47,1883.89,3.744285714285687,-0.274512226512225,0.20975580726928675,0.16666666666666666,0.5233258088788523,0.4036772455791076,-1.3947298605855947,6.732834095592308
2022-03-28,0,30.75,1898.61,1867.86,3.733571428571427,0.6571660231660245,0.7181166786951451,0.1388888888888889,0.8975609756097606,0.5255687342018277,0.0899493072204535,7.826205517429444
2022-03-29,0,18.569999999999936,1915.32,1896.75,4.293571428571421,0.22787902187902248,0.4886354409068946,0.2222222222222222,0.5799676898222951,0.38601694915254237,-0.9130406435667499,4.58166117575644
2022-03-30,0,24.730000000000018,1916.34,1891.61,3.474999999999958,0.33201415701415654,0.6831141516784139,0.16666666666666666,0.771936918722205,0.3298611111111111,0.9340558433860509,5.955619266055066
2022-03-31,0,18.679999999999836,1926.09,1907.41,4.235714285714282,0.07187902187902255,0.06690442343628444,0.19444444444444445,0.4245182012847915,-0.28286222573631153,-0.7880100367440681,4.472381097155435
2022-04-01,0,21.569999999999936,1947.54,1925.97,3.709285714285719,0.4473951093951094,0.7617331437706607,0.1388888888888889,0.9105238757533579,-0.26947517062838316,5.432402349096992,6.427233599772939
2022-04-04,0,22.839999999999918,1949.99,1927.15,4.24714285714286,0.534943371943373,0.884369492227291,0.19444444444444445,0.8266199649737281,-0.05227971653964434,1.0925724337973137,5.754471560972169
2022-04-05,6,21.840000000000146,1958.94,1937.1,3.859999999999997,0.45885070785070775,0.7550201168939348,0.1388888888888889,0.7884615384615344,-0.4561819980217606,2.538489804565433,5.646247755834878
2022-04-06,7,15.190000000000055,1991.74,1976.55,3.552857142857095,0.026751608751610582,0.009368674882993032,0.16666666666666666,0.2718894009216652,-0.2928198180762531,-0.6737998006427142,4.211506089711881
2022-04-07,1,17.230000000000018,1960.84,1943.61,4.064285714285672,-0.08007850707850867,0.10357397479153652,0.19444444444444445,0.3911781775972143,-0.7370606144478273,-0.053524997634164975,4.377990864817468
2022-04-08,7,18.25,1967.49,1949.24,3.156428571428559,0.1333539253539249,0.14181090029098073,0.16666666666666666,0.2767123287671208,-0.9361088211046991,-10.0,5.504587155963344
2022-04-11,0,18.15000000000009,1972.73,1954.58,2.9178571428571365,0.43167052767052894,0.691801973101866,0.16666666666666666,0.8297520661157078,0.04315224582812615,-2.1657031720628637,4.967957769426272
2022-04-12,3,13.309999999999945,1963.6,1950.29,3.2207142857142634,-0.1683745173745173,0.4573739889865426,0.16666666666666666,0.1870773854244943,0.35638110863705613,-5.076556844220098,3.7420592862003645
2022-04-13,0,17.579999999999927,1950.3,1932.72,3.3057142857142514,-0.1953140283140308,0.361548841430879,0.16666666666666666,0.44823663253696894,-0.8431973591134166,2.3528258672314037,4.950950481107748
2022-04-14,0,15.929999999999836,1963.34,1947.41,3.8028571428571434,-0.10988674388674452,0.15018895857762257,0.25,0.5028248587570667,0.10078534031413612,0.9216710842250118,3.681868834867293
2022-04-15,0,21.319999999999936,1964.06,1942.74,4.127142857142823,0.23896396396396533,0.350074790568773,0.16666666666666666,0.7279549718574122,0.5485842330413526,0.19266976315491552,5.114096834530317
2022-04-18,0,23.550000000000182,1960.16,1936.61,3.7635714285714164,0.5073191763191757,0.8801108311971969,0.2222222222222222,0.7129511677282404,-0.5107856191744341,0.6337192192430194,6.086581951324612
2022-04-19,0,17.160000000000082,1965.88,1948.72,3.7957142857142765,0.2684247104247117,0.74347981727621,0.1388888888888889,0.6981351981351959,-0.8471362229102167,0.6393682066187911,4.592498977809196
2022-04-20,1,16.429999999999836,1963.06,1946.63,3.6842857142857253,-0.1748970398970412,0.23176612744402736,0.16666666666666666,0.4236153377967059,-0.372901921132457,-0.552155048480222,4.378946923105346
2022-04-21,6,17.090000000000146,1946.7,1929.61,3.5250000000000097,0.21866280566280794,0.5148229116443038,0.16666666666666666,0.8361614979520228,-0.3727790236329136,3.388547805336372,4.673959757765214
2022-04-22,3,16.98999999999978,1950.87,1933.88,4.242857142857166,0.028338481338481845,0.008702816313266607,0.2222222222222222,0.15538552089463842,-0.5661042558549484,-0.6340859237802021,4.107979486392173
2022-04-25,0,20.9699999999998,1897.11,1876.14,3.8107142857142793,0.36909137709137857,0.7824767306759686,0.16666666666666666,0.7281831187410648,-0.10140254715460262,0.7084136766827095,5.896858209329903
2022-04-26,0,18.6099999999999,1895.85,1877.24,4.947857142857158,0.1027902187902208,0.10860018963740543,0.16666666666666666,0.4352498656636192,0.6747967479674797,-0.6331130077708637,4.885939323220502
2022-04-27,2,19.279999999999973,1896.78,1877.5,4.087857142857096,-0.28330630630630627,0.5897257478153515,0.2222222222222222,0.24325726141079157,-0.6700447093889716,0.5984413372282011,5.076759106392803
2022-04-28,1,25.919999999999845,1916.09,1890.17,3.9785714285714158,0.38847104247104364,0.4821329373942019,0.1111111111111111,0.611496913580247,0.22423664122137404,0.02649110712998457,7.534058075492358
2022-04-29,3,20.830000000000155,1917.39,1896.56,4.136428571428594,-0.35104118404118295,0.7103359374487602,0.1388888888888889,0.010081613058090966,-0.07098085719125868,1.1055092619117615,5.388617418798533
2022-05-02,1,25.75,1932.91,1907.16,4.556428571428585,-0.43319691119691034,0.5413765725960341,0.2222222222222222,0.1304854368932,-0.11554132712456344,-3.6460986056775186,5.882646238922997
2022-05-03,7,14.730000000000018,1932.19,1917.46,3.8750000000000164,-0.0713667953667935,0.06275436520188023,0.19444444444444445,0.1493550577053661,-0.20284486590606016,-2.535420440557631,3.8528990471445494
2022-05-04,1,13.940000000000055,1924.77,1910.83,4.457857142857116,-0.19627927927927877,0.3994596291192079,0.25,0.13629842180775348,-0.2879036144578313,0.17780903569597772,3.5160092482309535
2022-05-05,3,25.310000000000173,1919.93,1894.62,4.499285714285699,-0.42384427284427384,0.5062336778179929,0.1388888888888889,0.0782299486369026,0.11128903122497999,-1.1853361758550045,6.348219884344777
2022-05-06,0,20.269999999999982,1908.56,1888.29,3.9685714285714573,0.40298970398970396,0.716652174824076,0.19444444444444445,0.7005426739023216,0.0003714020427112349,-0.020433174466970162,5.15513213202603
2022-05-09,0,30.40000000000009,1959.18,1928.78,3.5400000000000285,-0.5792496782496792,0.8505998616090059,0.25,0.1980263157894725,0.33843478260869564,0.6598659009505962,8.037012557832158
2022-05-10,1,20.37999999999988,1946.53,1926.15,3.7014285714285506,-0.2785752895752909,0.6090747129832744,0.16666666666666666,0.3174681059862531,-0.10025854639471417,0.7335197479741509,5.450672610045351
2022-05-11,1,18.059999999999945,1938.27,1920.21,3.6414285714285564,-0.20983140283140544,0.29378004232140353,0.16666666666666666,0.1733111849390859,0.25141959647215173,-3.693233152605228,5.166326113608482
2022-05-12,0,16.09999999999991,1928.75,1912.65,3.7835714285714466,0.12929729729729778,0.1490108407419702,0.1388888888888889,0.7267080745341543,-0.025574619617999353,0.6457034814475404,4.069898082015859
2022-05-13,6,15.800000000000182,1942.64,1926.84,4.397857142857155,0.0777451737451724,0.08798079091524935,0.19444444444444445,0.8272151898734186,0.5448390545195392,0.14255817047424518,4.008900613175782
2022-05-16,2,21.1400000000001,1928.65,1907.51,4.186428571428613,-0.30187644787644646,0.4319343169866309,0.1388888888888889,0.6863765373699112,-0.06205364227900333,-0.28749985144659357,5.137649362046853
2022-05-17,0,20.279999999999973,1975.44,1955.16,3.733571428571427,-0.07372200772200532,0.03947709560331705,0.1388888888888889,0.453155818540426,0.3811926605504587,9.95059745669786,5.03915517122374
2022-05-18,2,23.5300000000002,1988.89,1965.36,4.270714285714283,0.3721299871299879,0.4946636663161661,0.1111111111111111,0.7088822779430481,0.27790048070676887,-1.7052684447452373,5.687172699545421
2022-05-19,0,21.710000000000036,2014.41,1992.7,4.024999999999993,0.17906821106821086,0.13871497833331067,0.1388888888888889,0.490096729617681,0.07740686985970005,-0.5959329349970888,5.3393582136164985
2022-05-20,1,16.920000000000073,2005.66,1988.74,4.182857142857139,0.01084813384813402,0.0007466979264250638,0.19444444444444445,0.35047281323877294,-0.0024233784746970776,-0.7562372285208782,4.838482357146552
2022-05-23,0,42.13999999999987,2055.56,2013.42,4.3014285714285405,0.9411981981981974,0.9096534207877671,0.08333333333333333,0.8901281442809653,0.565527253530421,0.825358493205436,9.995980627944512
2022-05-24,0,27.36999999999989,2049.99,2022.62,3.702857142857153,-0.5142316602316601,0.7440570257107672,0.1111111111111111,0.22433321154549232,-0.24336469596966717,0.18198534144563244,6.9106466545097325
2022-05-25,6,20.039999999999964,2080.35,2060.31,3.9192857142857065,0.2546113256113254,0.3439796038038321,0.1388888888888889,0.7744510978043917,-0.17881095828123225,0.03563033266874463,4.942675657952734
2022-05-26,0,16.769999999999982,2082.52,2065.75,4.172142857142782,0.23112612612612682,0.6276721843080714,0.16666666666666666,0.8556946929039907,0.4005699810006333,0.9239202874469414,3.846015234662973
2022-05-27,1,15.210000000000036,2081.67,2066.46,4.683571428571375,-0.07731660231660262,0.07531693575686042,0.19444444444444445,0.5884286653517289,-0.22616060225846926,1.0364570465656298,3.732642557687728
2022-05-30,0,19.230000000000018,2102.27,2083.04,4.509999999999958,0.03884813384813565,0.01482052332331465,0.1388888888888889,0.3062922516900607,0.786068353769893,-2.763279177412009,4.5936753497896055
2022-05-31,1,16.090000000000146,2111.79,2095.7,3.4421428571428936,0.14777734877734955,0.2973656779478389,0.2222222222222222,0.749533871970186,0.36558441558441557,0.12649690277900558,3.9235168322963307
2022-06-01,1,15.820000000000164,2120.48,2104.66,4.412857142857222,-0.12097168597168473,0.184498881645591,0.19444444444444445,0.22439949431100792,-0.2718668407310705,0.4589190463352171,3.7307829081585155
2022-06-02,0,21.139999999999873,2116.77,2095.63,4.22785714285718,-0.02690604890605089,0.005653307812262839,0.19444444444444445,0.3826868495742545,0.10493827160493827,-3.0242585581635932,4.6227899288004375
2022-06-03,7,16.159999999999854,2122.44,2106.28,4.614285714285708,-0.08513384813384389,0.10921264983041491,0.2222222222222222,0.35891089108909524,0.2650743277100384,-4.674037440331138,3.691270179382323
2022-06-06,1,18.259999999999764,2168.35,2150.09,4.16571428571433,-0.02990733590733639,0.006797173797571835,0.16666666666666666,0.046549835706457834,0.47746927628584435,-1.321074175048138,4.53418731832284
2022-06-07,1,15.590000000000146,2149.57,2133.98,3.5350000000000494,-0.07793307593307534,0.06333736617331807,0.1111111111111111,0.810776138550337,0.5089420023399632,2.0343886012990815,3.779321225180882
2022-06-08,0,25.86999999999989,2156.27,2130.4,4.555000000000031,0.6163346203346194,0.745313483307124,0.08333333333333333,0.897564746810974,0.42212351339733484,0.016370937772120238,6.292641962915336
2022-06-09,7,22.120000000000346,2162.53,2140.41,4.660714285714254,-0.271902187902186,0.40028502482447403,0.16666666666666666,0.1505424954791987,-0.5672692148475231,-0.2884268224684661,4.996987951807359
2022-06-10,2,17.16000000000031,2135.38,2118.22,4.647142857142886,0.20827670527670242,0.553932514701352,0.25,0.6072261072261005,-0.7022596366858662,-0.09864533906727747,4.01392331040631
2022-06-13,3,20.860000000000127,2134.81,2113.95,4.209285714285703,-0.19192020592020462,0.27048828905839956,0.16666666666666666,0.35378715244487363,0.6026546777991865,-1.7657253228411929,4.767070367229995
2022-06-14,0,24.559999999999945,2129.82,2105.26,3.6892857142857207,-0.5964015444015434,0.883737197821568,0.1111111111111111,0.21783387622149517,-0.10773026315789473,0.2688603475076838,6.572214375975637
2022-06-15,0,20.84999999999991,2159.1,2138.25,4.243571428571419,0.34304247104247154,0.49785816412747436,0.16666666666666666,0.6412470023980791,-0.5324944485566248,-1.302680359044686,4.861556397551706
2022-06-16,0,16.75,2170.72,2153.97,3.7742857142857247,-0.01766280566280593,0.0034606381581677396,0.19444444444444445,0.506268656716419,-0.052697813434009755,1.1143397388627923,4.0707290375778316
2022-06-17,2,19.179999999999836,2183.99,2164.81,4.247857142857161,-0.16333719433719188,0.2477595994432521,0.1388888888888889,0.5161626694473501,-0.3410197284140405,-0.13442422441526075,4.393344574173628
2022-06-20,1,26.409999999999854,2191.16,2164.75,4.6735714285714165,-0.38780566280565854,0.6212651208904363,0.16666666666666666,0.01022340022718604,-0.4837758112094395,0.8301213389042775,5.737245909553289
2022-06-21,0,27.449999999999818,2191.02,2163.57,3.7721428571428857,0.5059073359073369,0.7955264012946592,0.1388888888888889,0.8881602914389732,0.5891321344800625,1.3644855064071695,6.791952634834521
2022-06-22,6,22.649999999999636,2211.2,2188.55,5.019285714285648,0.1193693693693695,0.11465468889766493,0.2222222222222222,0.9368653421633616,-0.6369262506446622,3.495561482462673,4.90569443191044
2022-06-23,0,21.490000000000236,2226.46,2204.97,4.4021428571428975,0.2665868725868772,0.35717220108978126,0.2222222222222222,0.4569567240577038,0.44621301143040276,-0.23614297726457764,5.13844095586458
2022-06-24,0,21.48999999999978,2226.41,2204.92,4.349999999999974,0.41387902187902215,0.6115363899902997,0.19444444444444445,0.5346672871102791,0.14596335816388162,-0.08791520769546074,4.846197213347994
2022-06-27,0,20.039999999999964,2261.33,2241.29,4.010714285714357,-0.14584942084941693,0.20799382174080433,0.19444444444444445,0.739021956087823,0.5454253611556983,-1.3004646566023585,5.236146464620225
2022-06-28,6,33.029999999999745,2260.16,2227.13,4.380714285714313,0.6566602316602334,0.6724888375874921,0.1388888888888889,0.943082046624291,-0.3112629181993344,-2.424929567026425,7.241026533275338
2022-06-29,2,20.039999999999964,2283.06,2263.02,4.453571428571389,0.33260360360360336,0.6194871011464004,0.2222222222222222,0.5214570858283352,-0.3174148360394779,0.2525231599090203,4.645374935609696
2022-06-30,0,27.940000000000055,2329.3,2301.36,4.649999999999961,0.6556332046332057,0.8137704653512274,0.1388888888888889,0.7795275590551075,0.42255639097744363,0.1778361275977053,6.026705926661459
2022-07-01,0,25.090000000000146,2322.59,2297.5,4.0557142857143,0.2246293436293458,0.12695726433251683,0.19444444444444445,0.33917895575927337,-0.1862657091561939,-0.5888368871514474,5.366457729473741
2022-07-04,6,25.840000000000146,2380.61,2354.77,4.198571428571411,0.545285714285713,0.7178552455044339,0.17142857142857143,0.5785603715170176,0.6066249176005274,0.1324628100932323,6.015783497170703
2022-07-05,0,22.550000000000182,2378.76,2356.21,4.362142857142836,-0.3000296010295979,0.40433098942679774,0.16666666666666666,0.3512195121951223,0.6373812754409769,4.483611230678151,4.7685220149536205
2022-07-06,1,22.720000000000255,2340.86,2318.14,4.705714285714326,-0.25047876447876516,0.3231850997246065,0.16666666666666666,0.32614436619719306,-0.6022839573954101,-0.18228564286254068,4.977323405531573
2022-07-07,0,16.300000000000182,2355.9,2339.6,5.029285714285736,0.10804633204633492,0.11141803835434014,0.2222222222222222,0.15644171779142046,-0.12584971523057137,0.17404612476192094,3.4736868810729864
2022-07-08,0,13.390000000000327,2347.01,2333.62,4.253571428571344,-0.04971557271557289,0.052803905000957024,0.2222222222222222,0.681105302464501,0.12678288431061807,4.120980324754319,3.032679033649797
2022-07-11,7,26.419999999999618,2410.43,2384.01,4.787857142857222,-0.45130244530244523,0.7299621799509974,0.16666666666666666,0.02460257380770801,-0.012874251497005988,0.4179517955402039,5.765411893071281
2022-07-12,0,26.120000000000346,2420.51,2394.39,4.759999999999958,0.22257400257400095,0.2020958309206985,0.1111111111111111,0.584609494640114,-0.007731958762886598,10.0,5.72057794676815
2022-07-13,7,18.7800000000002,2420.48,2401.7,4.145714285714283,0.18322393822394123,0.4010436158432715,0.19444444444444445,0.684771033013844,-0.1944233206590621,-3.034119348384583,3.99874948247167
2022-07-14,7,20.5300000000002,2405.96,2385.43,5.0792857142857235,-0.29274388674388563,0.41336021052140487,0.16666666666666666,0.1534339990258188,-0.42503781475220215,0.26910020775211085,4.164585136141391
2022-07-15,2,17.920000000000073,2381.02,2363.1,4.161428571428489,-0.2760733590733566,0.5338499709702458,0.16666666666666666,0.7248883928571531,0.03959803804282809,0.24386469030192004,4.103015132448752
2022-07-18,0,27.070000000000164,2398.23,2371.16,4.390714285714369,0.5807374517374516,0.7825986466782248,0.16666666666666666,0.6401920945696277,0.1927186387020182,0.13032280076861696,5.642848870874342
2022-07-19,7,24.139999999999873,2375.87,2351.73,5.730000000000051,-0.23751737451737467,0.1684111945208771,0.16666666666666666,0.1545153272576652,-0.28305913739439753,-1.48519425444379,4.612231745827101
2022-07-20,0,27.26000000000022,2406.46,2379.2,4.820714285714303,0.23472072072071712,0.19165219728931615,0.19444444444444445,0.554292002934703,0.7136022616070458,-0.37894442510603243,5.7947893864433135
2022-07-21,2,14.300000000000182,2422.71,2408.41,4.767857142857175,-0.1753256113256111,0.3119349945612493,0.2222222222222222,0.17062937062937228,0.3560363247863248,2.5902049668338734,3.1647726274744357
2022-07-22,0,23.0300000000002,2426.46,2403.43,4.957142857142896,0.30373487773487856,0.5556770823268452,0.25,0.9396439426834624,0.8046236746045542,0.635035352911849,4.835332933413333
2022-07-25,0,21.269999999999982,2446.68,2425.41,4.141428571428605,0.252619047619045,0.3735562035388437,0.1388888888888889,0.4645039962388396,0.14704106280193235,-0.3715765924929468,4.722523006709294
2022-07-26,0,31.5,2498.31,2466.81,5.330714285714196,0.46346718146718346,0.5817896623979242,0.19444444444444445,0.8276190476190528,0.263621353880022,1.0056593221055614,6.127032888998693
2022-07-27,0,28.0,2481.31,2453.31,5.166428571428663,-0.592885456885457,0.768244959299554,0.25,0.21428571428571427,-0.697189870712683,0.015261757629142102,5.624461945604691
2022-07-28,6,18.920000000000073,2471.07,2452.15,5.847142857142866,0.17549034749034784,0.22039927632733639,0.25,0.8224101479915373,0.5284664830119375,-3.685572366392644,3.6856857940183074
2022-07-29,0,40.88999999999987,2465.4,2424.51,5.048571428571352,0.27768211068211385,0.137793534117996,0.16666666666666666,0.9337246270481769,-0.6821468744978306,-10.0,7.461949004641889
2022-08-01,0,23.300000000000182,2442.0,2418.7,4.855714285714352,0.32429214929214983,0.3447754652697525,0.16666666666666666,0.5141630901287522,-0.05909412597310686,-0.685196179594627,5.132764250029539
2022-08-02,1,18.120000000000346,2409.3,2391.18,4.493571428571483,0.10532175032174866,0.15458193776275245,0.2222222222222222,0.47902869757175087,-0.9076684339842235,1.1920764752333608,3.8481874607596076
2022-08-03,1,20.730000000000018,2406.86,2386.13,4.458571428571466,-0.29310939510939976,0.5874622056577463,0.19444444444444445,0.1736613603473182,0.33676499703029106,0.8350549723287144,4.631909347236257
2022-08-04,3,20.230000000000018,2425.89,2405.66,5.445714285714238,-0.08892149292149433,0.05746740992667924,0.2222222222222222,0.20612951062778392,0.3129228687415426,-1.4053434532678788,3.9964722898366833
2022-08-05,7,34.679999999999836,2414.96,2380.28,6.090714285714317,-0.624252252252253,0.7561088923382109,0.19444444444444445,0.06459054209918663,-0.679585398828301,3.0511665189807795,7.018100637617791
2022-08-08,0,38.31999999999971,2436.39,2398.07,5.438571428571387,1.0608983268983267,0.8543035537381376,0.1388888888888889,0.7379958246346545,0.039783491204330175,0.7949985217677806,7.1120276331391175
2022-08-09,6,30.3100000000004,2441.55,2411.24,5.207142857142799,0.38126254826254996,0.43471958949111605,0.2222222222222222,0.8680303530188074,-0.4822274881516588,-1.854583372319409,6.318422652653631
2022-08-10,0,23.7800000000002,2430.71,2406.93,4.811428571428645,0.1755534105534125,0.1318375216999312,0.19444444444444445,0.6984861227922619,0.5166466542953826,-0.7448757738130612,4.861309072324712
2022-08-11,0,24.559999999999945,2437.83,2413.27,4.615000000000042,0.35784041184040916,0.35299288706625326,0.19444444444444445,0.7495928338762172,-0.34638479888130297,-7.069223688919943,5.318347039261664
2022-08-12,7,29.7199999999998,2456.41,2426.69,6.714999999999951,-0.3905804375804322,0.34863337649643256,0.16666666666666666,0.12752355316285294,-0.37666208161393855,-1.101240270091839,4.667335556040221
2022-08-15,0,25.269999999999982,2487.08,2461.81,4.536428571428489,0.31583140283140165,0.46627850355028205,0.19444444444444445,0.5148397309062219,0.07371838225348303,0.5188627455639502,5.331045105984026
2022-08-16,6,16.2199999999998,2476.37,2460.15,5.457857142857132,0.00897940797940827,0.0008809186888208791,0.1388888888888889,0.5191122071516755,0.12434691745036573,-2.7865138170795087,3.234937041463164
2022-08-17,0,29.190000000000055,2527.86,2498.67,4.827857142857089,0.4604401544401572,0.5366295711810518,0.19444444444444445,0.5765673175745083,0.28235882058970513,-0.25167383182289965,6.169384057971067
2022-08-18,0,25.590000000000146,2521.17,2495.58,4.822857142857109,0.07581467181467111,0.031922943662070546,0.1388888888888889,0.7545916373583367,-0.4624561403508772,-0.2608909157832703,5.246689637497531
2022-08-19,7,16.309999999999945,2519.52,2503.21,4.230714285714287,0.007247104247104883,0.0004515910561827678,0.1388888888888889,0.2967504598405985,-0.09211495946941783,-2.134927864668537,3.5187274735247023
2022-08-22,0,20.199999999999818,2386.37,2366.17,4.307857142857107,0.20156499356499016,0.1774967033239921,0.16666666666666666,0.16435643564355143,-0.47842615472343664,9.56733885413616,4.330246821686936
2022-08-23,0,31.36999999999989,2375.75,2344.38,4.933571428571343,0.5592020592020582,0.8531962909598086,0.1388888888888889,0.8205291679948955,0.07526881720430108,0.7319832031109849,6.383765297758703
2022-08-24,7,22.559999999999945,2423.45,2400.89,4.35357142857148,-0.26643243243243414,0.4662263308144275,0.19444444444444445,0.11524822695035086,0.28450587992572723,10.0,4.917860062369402
2022-08-25,0,23.289999999999964,2374.79,2351.5,4.364999999999976,0.43766280566280297,0.701805028064574,0.16666666666666666,0.809360240446541,0.4041871395001068,0.2556277528197941,5.138669515120703
2022-08-26,3,21.38000000000011,2380.13,2358.75,4.849999999999909,0.14894079794079643,0.09870524336807661,0.19444444444444445,0.3115060804490094,0.1566453924532527,-0.33956012225172694,4.0922856068633635
2022-08-29,3,16.769999999999982,2381.5,2364.73,4.86000000000003,-0.08936679536679416,0.09137268654322929,0.19444444444444445,0.3870005963029093,0.012138521956444126,0.6511360287194902,3.3134626768541917
2022-08-30,6,20.329999999999927,2378.97,2358.64,4.459285714285735,0.03687258687259015,0.008568872591065693,0.16666666666666666,0.21495327102805514,0.4929665520475148,0.09852860265720681,4.186511730528755
2022-08-31,0,23.63000000000011,2385.02,2361.39,4.752142857142904,0.041157014157011694,0.006448708251171283,0.2222222222222222,0.6470588235294072,-0.28490787091277026,-0.7406511101924503,4.800735255585977
2022-09-01,0,17.470000000000255,2392.55,2375.08,4.444999999999936,0.1395830115830151,0.16559642559300314,0.19444444444444445,0.5609616485403571,0.6308186195826645,-3.142134886966025,3.775499440420993
2022-09-02,0,41.65000000000009,2454.13,2412.48,4.491428571428612,1.007644787644784,0.9090399515993569,0.1388888888888889,0.8187274909963946,-0.20755860953920777,1.5993794722191614,9.087548107518353
2022-09-05,1,25.449999999999818,2428.23,2402.78,3.7271428571428453,-0.5451853281853284,0.6401863030699279,0.1388888888888889,0.2286836935166896,0.19900441226383075,-3.1065555169902663,5.75525752565384
2022-09-06,0,22.229999999999563,2416.24,2394.01,4.670714285714309,0.30051222651222564,0.48334521702660843,0.19444444444444445,0.9725596041385657,0.04802779480891069,1.905524724374914,4.697345251471505
2022-09-07,6,15.38000000000011,2380.42,2365.04,6.300714285714223,-0.01663577863577966,0.004615204170069058,0.1388888888888889,0.42002600780234006,-0.23260841917843061,1.321993354977017,2.86090955393329
2022-09-08,0,23.100000000000364,2416.59,2393.49,5.03928571428576,0.18783268983269108,0.19858187649015419,0.19444444444444445,0.7497835497835451,-0.1878932154395511,-1.7574146318010015,4.349876143755476
2022-09-09,2,40.820000000000164,2434.78,2393.96,4.8328571428571,0.9511003861003859,0.9471827339425427,0.1111111111111111,0.9532092111709872,0.45155807365439093,0.588047811707721,8.271762686105175
2022-09-12,1,21.86999999999989,2407.13,2385.26,5.000000000000033,-0.3010733590733562,0.48883504887335144,0.16666666666666666,0.3781435756744409,-0.63911884383331,0.585469048562708,5.0614538992436255
2022-09-13,0,25.9399999999996,2399.47,2373.53,5.815000000000055,-0.44667567567567695,0.6055738588268726,0.1111111111111111,0.10331534309945557,-0.3028653039364456,0.87574237294077,5.106119723013022
2022-09-14,1,21.269999999999982,2420.14,2398.87,4.699999999999948,0.050375804375803745,0.01009937957027035,0.16666666666666666,0.23131170662905862,-0.40631056671059773,5.613169344538329,4.122964974289356
2022-09-15,7,20.48999999999978,2375.18,2354.69,5.038571428571361,-0.32762934362934076,0.5186337696200659,0.2222222222222222,0.39775500244022344,-0.36522204387372925,0.09717528161930607,4.5627888481420955
2022-09-16,1,23.480000000000018,2364.89,2341.41,4.8292857142857235,-0.5592767052767036,0.7158728467097702,0.2222222222222222,0.23637137989779292,-0.18828646885194966,1.366947247762517,5.2763574428621425
2022-09-19,0,17.5,2355.59,2338.09,5.141428571428605,-0.17127670527670116,0.2980903617246771,0.19444444444444445,0.166857142857147,0.24327292696320704,0.5068559946797642,3.92563546780488
2022-09-20,7,29.050000000000182,2343.19,2314.14,4.386428571428594,-0.7367258687258708,0.9199367856030145,0.19444444444444445,0.09294320137694513,-0.06211114626173152,0.44755700798944015,6.578333715240848
2022-09-21,7,20.960000000000036,2356.68,2335.72,5.0835714285714335,0.02497168597168588,0.005238458315224965,0.16666666666666666,0.15171755725192201,-0.19218523878437047,-8.8667874224484,4.168856230687606
2022-09-22,6,17.609999999999673,2331.99,2314.38,4.660000000000049,0.18585199485199513,0.35959746721284663,0.25,0.8801817149347125,-0.45444801714898175,2.6456373925747787,3.9622146230836344
2022-09-23,6,31.920000000000073,2352.4,2320.48,4.951428571428551,0.7583178893178895,0.7543453906870965,0.1388888888888889,0.8468045112781998,-0.09792442788717402,0.8630612400029484,6.776499132280869
2022-09-26,0,24.26000000000022,2427.92,2403.66,4.171428571428643,0.2822844272844232,0.35492011990457145,0.16666666666666666,0.6088211046990869,0.5731315042573321,0.4466119485239481,5.3190876622105545
2022-09-27,6,29.450000000000273,2433.19,2403.74,4.660000000000017,0.5599330759330742,0.7335429407646303,0.1388888888888889,0.8988115449915114,-0.43360261414178086,2.714443089751472,6.442746766212395
2022-09-28,1,26.01000000000022,2435.84,2409.83,5.12357142857143,-0.4082818532818548,0.5090779845886664,0.1388888888888889,0.5928489042675872,-0.08132530120481928,2.0271092698292046,4.959552661745885
2022-09-29,0,26.58999999999969,2502.72,2476.13,4.598571428571437,-0.3279176319176352,0.4698887095361458,0.16666666666666666,0.2704024069198999,0.3903143585386576,0.8828051636401736,5.631604382120176
2022-09-30,0,19.18000000000029,2478.51,2459.33,5.261428571428561,-0.15094079794079476,0.14887933004301562,0.08333333333333333,0.6428571428571294,-0.464880227365002,-1.8340868298611672,4.078733180592728
2022-10-03,0,30.25,2523.01,2492.76,4.347142857142801,-0.2297155727155749,0.14105533679551818,0.16666666666666666,0.4628099173553719,-0.5507765830346476,-0.599344693253072,6.222882542377768
2022-10-04,0,27.539999999999964,2546.86,2519.32,3.698571428571443,-0.4839086229086233,0.7394410903577779,0.19444444444444445,0.32752360203340575,0.08417888012025554,1.624286525279941,5.980456026058663
2022-10-05,7,24.4399999999996,2560.22,2535.78,4.897857142857122,0.37241184041184194,0.38938280132088954,0.2222222222222222,0.3604746317512312,0.03811168681635003,-1.446971366516293,5.4572423509396
2022-10-06,6,19.259999999999764,2553.06,2533.8,5.255714285714281,-0.03771685971685983,0.014091205561707879,0.16666666666666666,0.46573208722740966,0.3320814675718619,-1.0016368518478826,3.8902073940486446
2022-10-07,0,32.63000000000011,2552.31,2519.68,5.447142857142808,-0.483749034749036,0.5490612656830117,0.16666666666666666,0.42414955562366224,-0.25132275132275134,-0.1447122827348691,6.137418596406131
2022-10-10,1,26.539999999999964,2538.35,2511.81,5.155714285714372,-0.4469019607843128,0.6980512514082655,0.2571428571428571,0.11039939713639187,0.06449422946367957,2.6917526343146325,4.97188057943972
2022-10-11,0,23.519999999999982,2495.57,2472.05,4.006428571428647,0.4653552123552117,0.7003828093003713,0.19444444444444445,0.692176870748289,0.03427172582619339,0.4258800168030148,5.325259095871048
2022-10-12,0,20.429999999999836,2491.96,2471.53,4.419999999999975,0.04062184873949401,0.018979112096146375,0.14285714285714285,0.739109153206071,0.42591931453052484,-0.3381701427256617,4.607726262203155
2022-10-13,0,28.920000000000073,2487.84,2458.92,4.642142857142842,-0.3355083655083637,0.3871309124893079,0.1388888888888889,0.43603042876902126,-0.7758403738989754,-0.2073746699435983,6.023506074882224
2022-10-14,0,25.409999999999854,2503.77,2478.36,5.098571428571469,-0.19858815958815945,0.1099623532543156,0.2222222222222222,0.6871310507674198,-0.18985849056603774,-0.6407279762185987,5.066659281619482
2022-10-17,0,40.74000000000024,2522.32,2481.58,6.110714285714266,0.839790218790218,0.7142812608973044,0.19444444444444445,0.7378497790868869,0.3136510874595095,-0.253699378129794,7.726739394669321
2022-10-18,7,14.300000000000182,2534.96,2520.66,5.666428571428469,-0.056491634491633566,0.0631101002977728,0.2777777777777778,0.09370629370630269,0.4129797627355199,-4.132013519215354,2.883675894546977
2022-10-19,6,18.9699999999998,2543.72,2524.75,5.075714285714282,0.13717245817245916,0.17202537763898024,0.16666666666666666,0.5977859778597926,-0.013719282375998794,4.8565269872008585,3.9698221633539044
2022-10-20,0,29.179999999999836,2554.43,2525.25,5.151428571428661,-0.22697039897039972,0.14805048359098275,0.2222222222222222,0.5164496230294807,-0.024691358024691357,-0.6373203054597316,5.596143089257602
2022-10-21,7,20.9699999999998,2528.77,2507.8,5.130714285714313,-0.2844826254826227,0.48440549132911853,0.19444444444444445,0.2718168812589353,0.18426349496797803,-0.11245812254331533,4.123716810706358
2022-10-24,0,33.75,2490.34,2456.59,4.8507142857142425,0.505409266409269,0.47236503335481633,0.16666666666666666,0.9191111111111105,-0.44349939246658565,-2.6958665873036294,7.364752235187207
2022-10-25,0,30.139999999999873,2485.06,2454.92,6.437142857142882,-0.4236705276705256,0.34080737170147546,0.1388888888888889,0.7259455872594626,0.0416452442159383,-1.890647801492601,4.986495269733492
2022-10-26,1,19.980000000000018,2493.94,2473.96,5.482857142857158,-0.17222136422136222,0.19018589177675083,0.1388888888888889,0.4394394394394263,-0.20816055730635263,2.304016635173529,3.9851515319408324
2022-10-27,0,29.019999999999982,2454.62,2425.6,4.327857142857121,-0.48995366795366846,0.5981099230059039,0.16666666666666666,0.4431426602343258,-0.093993993993994,6.148975785730054,6.001969731788199
2022-10-28,1,17.86999999999989,2419.43,2401.56,3.8549999999999858,0.025079794079793893,0.006396448033144239,0.2222222222222222,0.40123111359821584,0.2838413634873812,-0.35479393550858956,4.142072029396748
2022-10-31,6,14.789999999999964,2353.75,2338.96,4.329999999999992,0.0538944658944637,0.03843618966336316,0.2222222222222222,0.7403651115618557,0.09220376118312945,-10.0,3.4949129338071603
2022-11-01,2,18.070000000000164,2377.84,2359.77,5.129285714285743,0.14822265122265182,0.19219049207674133,0.16666666666666666,0.7360265633646963,-0.04886515353805074,0.367968838170434,3.5349956527139845
2022-11-02,0,18.25,2409.04,2390.79,4.842142857142887,0.24279665379665155,0.39793851383837947,0.19444444444444445,0.7063013698630067,0.16491028197094845,-10.0,3.8661678786095455
2022-11-03,0,15.450000000000273,2400.57,2385.12,4.227857142857147,0.023971685971686058,0.007403456531474324,0.25,0.47378640776699255,0.22030537378544518,0.8510057890519025,3.1044381010095163
2022-11-04,0,36.539999999999964,2406.96,2370.42,4.314285714285721,-0.919330759330758,0.8147292862754653,0.1111111111111111,0.04898741105637563,0.32184010719071016,0.7266446987917627,8.038445925596116
2022-11-07,1,35.83999999999969,2414.49,2378.65,4.8842857142856895,-0.8260154440154456,0.7693791755051519,0.19444444444444445,0.11635044642857446,-0.17150041911148364,1.7364913768236996,7.45348011949757
2022-11-08,0,22.570000000000164,2410.07,2387.5,5.082142857142928,0.07530244530244465,0.03070087585808194,0.1388888888888889,0.35711120957022097,0.10615871103749436,0.35165620892076965,4.614549570198252
2022-11-09,0,39.899999999999636,2414.68,2374.78,5.213571428571511,-0.8017490347490336,0.6708279470758182,0.16666666666666666,0.09949874686716381,0.2608348843392715,-10.0,7.428987295477022
2022-11-10,0,19.08999999999969,2387.37,2368.28,4.612142857142869,-0.1769562419562437,0.18596971006120358,0.16666666666666666,0.5950759559978972,-0.20446096654275092,-1.333079921175488,4.17211668133779
2022-11-11,6,18.039999999999964,2417.2,2399.16,4.332857142857198,0.05889317889318292,0.04737648871456402,0.2222222222222222,0.3170731707317221,0.04771784232365145,-0.671460061388268,3.9235668789808646
2022-11-14,0,26.940000000000055,2442.68,2415.74,4.929999999999966,0.4597528957528984,0.47838229492360096,0.16666666666666666,0.4391239792130794,-0.09078435856391494,0.14912865764610558,4.794203635439193
2022-11-15,-1,21.970000000000255,2472.78,2450.81,4.4328571428572365,0.45729214929215006,0.716599496281684,0.2222222222222222,0.8930359581247002,-0.3778059606848446,3.514285821102795,4.50150010976415
2022-11-16,2,27.13000000000011,2496.06,2468.93,4.48214285714289,-0.2152702702702678,0.18935141620548665,0.16666666666666666,0.31146332473277694,-0.5247809222812814,0.08646203138974727,5.616031346391612
2022-11-17,0,25.23999999999978,2493.16,2467.92,5.595714285714296,0.29130759330759354,0.4257909719491113,0.1388888888888889,0.6588748019017533,-0.3649851632047478,-0.5438834009762191,4.9622050499888735
2022-11-18,0,17.559999999999945,2490.42,2472.86,4.0835714285714015,0.07489189189189335,0.04325431787795448,0.19444444444444445,0.7306378132118432,0.109375,1.6429086857297122,3.911673708961655
2022-11-21,0,30.610000000000127,2526.92,2496.31,4.6735714285713845,0.5394839124839113,0.6679455254956222,0.2222222222222222,0.9503430251551789,-0.6452520515826494,-9.343658687388968,6.1909355762980125
2022-11-22,1,14.980000000000018,2542.75,2527.77,4.528571428571435,0.00450836550836413,0.00023256233824270442,0.1388888888888889,0.2763684913217535,-0.15375291375291375,-1.365860960897843,3.0829212519651286
2022-11-23,0,18.509999999999764,2544.31,2525.8,4.8364285714285415,0.342270270270266,0.5528861061306144,0.25,0.7396002160993935,-0.14026076649545635,-10.0,3.906011606193271
2022-11-24,2,19.659999999999854,2527.1,2507.44,4.779285714285736,-0.361054054054054,0.6741459851574396,0.19444444444444445,0.32604272634790954,0.021744003586639766,2.420266491804292,4.001066020593562
2022-11-25,7,40.16999999999962,2540.18,2500.01,4.892857142857208,-0.8276396396396379,0.8369359958653271,0.16666666666666666,0.11301966641772485,0.7894736842105263,2.9658079484673716,8.827262659469469
2022-11-28,0,20.829999999999927,2481.91,2461.08,4.789285714285727,0.23757657657657666,0.34029062891457773,0.16666666666666666,0.4277484397503546,-0.492156862745098,-0.9640382069865728,4.320900866787933
2022-11-29,0,27.190000000000055,2511.85,2484.66,4.228571428571448,0.35555341055341144,0.3985844715376944,0.16666666666666666,0.587716072085325,0.4788464353681745,-0.3806128133580329,5.747305379176172
2022-11-30,1,44.909999999999854,2475.45,2430.54,5.547857142857116,-0.9548558558558582,0.7491070163767901,0.1388888888888889,0.04698285459808805,-0.8421455938697318,0.07292951187233575,8.950920415224934
2022-12-01,0,29.019999999999982,2431.4,2402.38,5.235714285714266,-0.17206177606178147,0.11964361709427289,0.16666666666666666,0.3132322536181839,0.030984622446637595,0.8287577816141378,5.7946641521992746
2022-12-02,1,19.609999999999673,2389.2,2369.59,4.973571428571437,0.025361647361645364,0.007140653718637893,0.2222222222222222,0.5288118306986264,-0.1479979726305119,-1.5919391608758624,4.164394181989678
2022-12-05,0,21.4699999999998,2390.2,2368.73,3.9192857142857065,-0.12622136422136204,0.123789551244206,0.16666666666666666,0.5626455519329315,0.6019280980116489,7.456300807625222,4.844049510934006
2022-12-06,6,13.7800000000002,2364.02,2350.24,3.7857142857143833,-0.0011171171171172132,1.6044721116219104e-05,0.19444444444444445,0.20899854862119502,-0.46361848574237957,-0.07290822581975967,3.3018070484875
2022-12-07,0,20.050000000000182,2386.77,2366.72,5.228571428571513,0.23951866151866122,0.2574082022362122,0.19444444444444445,0.6503740648379202,0.20675512665862486,-10.0,4.306719286731069
2022-12-08,0,30.190000000000055,2406.88,2376.69,5.419999999999975,-0.4249575289575259,0.49783119811271653,0.16666666666666666,0.3534282875124231,0.2527267061389841,-0.058584079106458097,5.910938283019377
2022-12-09,0,19.550000000000182,2395.54,2375.99,4.275000000000026,0.11900772200771914,0.08815020679610677,0.16666666666666666,0.8695652173912962,0.01547029702970297,-1.7360460440632381,4.159012629161929
2022-12-12,0,18.019999999999982,2442.32,2424.3,4.38999999999997,-0.10195752895752587,0.09373193264280538,0.16666666666666666,0.7519422863484873,0.14827630398564653,-1.5024182923835545,4.157148153742638
2022-12-13,2,54.14000000000033,2484.36,2430.22,4.139285714285701,1.3204684684684633,0.8888280021704171,0.1388888888888889,0.891762098263759,-0.6230201910288962,4.249555487849959,11.751570877925925
2022-12-14,0,14.170000000000073,2502.58,2488.41,4.039285714285695,0.08069111969111692,0.11750988514381344,0.1388888888888889,0.8235709244883566,0.3402949528258679,1.4799448744352233,3.0100902814657617
2022-12-15,2,26.329999999999927,2501.58,2475.25,4.1650000000000285,-0.2711647361647376,0.25092952373739624,0.2777777777777778,0.45537409798707995,-0.2998446400828586,-0.49305130821346893,5.4600933172044055
2022-12-16,1,29.549999999999727,2542.81,2513.26,5.752857142857108,0.31102702702702817,0.22026420695940346,0.16666666666666666,0.368527918781725,0.6127766270576692,-0.7105012343555781,5.432460824651999
2022-12-19,0,25.40000000000009,2515.9,2490.5,4.677142857142859,0.3871544401544389,0.38611296863061306,0.19444444444444445,0.6307086614173198,0.3551020408163265,-1.232500524309784,5.298236900918819
2022-12-20,2,24.519999999999982,2513.4,2488.88,4.413571428571491,-0.3381943371943351,0.45333700750005373,0.16666666666666666,0.653752039151703,0.09107234479220112,-0.5673452145050256,5.119803793220565
2022-12-21,0,28.980000000000018,2506.78,2477.8,5.31499999999999,0.2989781209781201,0.23044106599092415,0.19444444444444445,0.6953071083505736,-0.05821972734562951,-1.722938987773742,5.653320947515095
2022-12-22,0,24.359999999999673,2522.18,2497.82,5.273571428571391,-0.05057014157014354,0.015444000929690957,0.19444444444444445,0.2356321839080402,-0.7470355731225297,-0.3740004999666076,5.146845642085403
2022-12-23,1,19.26000000000022,2508.11,2488.85,4.44285714285713,0.006790218790217999,0.0002847546336127228,0.16666666666666666,0.3400830737279391,-0.48990174672489084,-2.1756951881226945,4.020327274082757
2022-12-26,0,27.509999999999764,2436.97,2409.46,4.6385714285714,0.43746975546975636,0.5743938436914855,0.1388888888888889,0.743729552889866,-0.4772950016334531,0.07298361069152602,5.881920728991232
2022-12-27,0,40.32999999999993,2445.11,2404.78,4.312142857142882,-1.1068635778635765,0.9016822353837958,0.16666666666666666,0.11430696751796877,0.03663177925784967,0.838079761060283,7.8884473283864684
2022-12-28,0,15.300000000000182,2430.15,2414.85,4.796428571428643,-0.01858687258687365,0.0039835279267011765,0.25,0.6575163398692697,0.2536380036079375,0.4228204670145224,3.0917146121925447
2022-12-29,1,28.0,2455.97,2427.97,5.690000000000022,-0.5502702702702716,0.7399706254211184,0.16666666666666666,0.042142857142867536,-0.1870894677236693,1.620299839951192,5.5898849700541895
2022-12-30,0,18.679999999999836,2430.62,2411.94,5.0271428571429295,0.13678635778635695,0.17441708671138156,0.25,0.5026766595289055,-0.16786355475763015,-0.5455274441806415,3.580204284964548
2023-01-02,1,35.529999999999745,2371.18,2335.65,5.57714285714295,-0.734948519948518,0.8274533267524776,0.1388888888888889,0.21080776808330526,-0.40415704387990764,0.5203450330806121,7.220467329287641
2023-01-03,7,29.09999999999991,2340.81,2311.71,4.271428571428617,-0.4310167310167315,0.38392255906672773,0.19444444444444445,0.16288659793813734,-0.03001547189272821,-2.7647767107493197,6.261136843902661
2023-01-04,0,19.420000000000073,2291.62,2272.2,4.022142857142788,-0.2855353925353897,0.4925427299473641,0.19444444444444445,0.40525231719878047,-0.21435446170768596,-0.5015287411672977,4.594184327254876
2023-01-05,6,22.4399999999996,2284.24,2261.8,5.089285714285585,0.05673873873873911,0.0259852252476122,0.19444444444444445,0.3979500891265595,-0.1810858143607706,-3.3775616886895725,4.595856733012006
2023-01-06,0,20.7800000000002,2309.73,2288.95,4.312857142857183,0.29417889317889495,0.5407190292781968,0.16666666666666666,0.7853705486044277,-0.5943562610229277,1.4263831322339047,4.5338574359951584
2023-01-09,0,44.820000000000164,2324.71,2279.89,4.795000000000073,0.9530064350064359,0.8133205152566131,0.1388888888888889,0.8326639892904959,-0.11372673771274057,3.476042388099605,9.608779616317133
2023-01-10,1,24.08999999999969,2318.97,2294.88,4.540714285714265,0.19591377091376838,0.20861911712161402,0.1388888888888889,0.6973848069738458,-0.26370627635822375,-4.9597679370792225,5.434175073626109
2023-01-11,0,18.230000000000018,2330.51,2312.28,5.1735714285714165,-0.2031415701415694,0.33196612504057327,0.2777777777777778,0.2830499177180389,-0.31098867462503826,-0.5090748400622311,3.9025790886540395
2023-01-12,0,27.800000000000182,2355.29,2327.49,4.132142857142948,0.3595894465894493,0.3965083972263044,0.19444444444444445,0.5032374100719477,0.41733639494833524,-3.625425817641503,5.44816135441904
2023-01-13,1,18.84999999999991,2344.96,2326.11,4.365000000000009,-0.29386486486486446,0.5691070600757681,0.2222222222222222,0.49867374005305765,-0.38533663237400706,-0.45893403534820804,4.024808723723333
2023-01-16,0,20.049999999999727,2365.08,2345.03,4.8614285714286325,-0.23019176319176643,0.33937982510009645,0.16666666666666666,0.36508728179550165,-0.7314487632508834,1.0314485700780218,4.117596723916529
2023-01-17,0,24.2199999999998,2366.43,2342.21,5.346428571428597,-0.36215444015444376,0.5607101767744367,0.1111111111111111,0.33443435177539127,0.3369162342475908,-10.0,4.929881668753206
2023-01-18,0,19.019999999999982,2380.57,2361.55,4.898571428571456,0.04940154440154141,0.03753536343004829,0.2222222222222222,0.4263932702418339,-0.1949206349206349,-1.2860107101726475,4.027138638110892
2023-01-19,6,20.190000000000055,2388.82,2368.63,3.9007142857142623,0.3147863577863562,0.5362007292118777,0.2222222222222222,0.8261515601782957,-0.34039636046366695,-10.0,4.719521358007524
2023-01-20,-1,19.450000000000273,2384.15,2364.7,5.04714285714275,0.23087902187901968,0.5143517322695474,0.16666666666666666,0.582005141388175,-0.008808290155440414,0.5811266631249765,4.0652577798421685
2023-01-23,0,17.210000000000036,2352.3,2335.09,4.924285714285751,0.21632432432432513,0.2341974940259173,0.1388888888888889,0.5793143521208471,-0.22680100755667507,5.283910240872991,3.9579466119096764
2023-01-24,0,22.210000000000036,2336.23,2314.02,3.8549999999999858,0.4102380952380961,0.6750599657224562,0.19444444444444445,0.5884736605132888,-0.22135476463834672,-10.0,5.362087383058908
2023-01-25,1,28.230000000000018,2359.68,2331.45,4.676428571428622,-0.3294092664092696,0.46200247491412316,0.16666666666666666,0.17747077577046458,-0.10013908205841446,0.4578062006334921,5.595749283222459
2023-01-26,0,32.80000000000018,2358.69,2325.89,4.618571428571386,0.6103783783783784,0.837898875487789,0.19444444444444445,0.8579268292682979,0.4614335505379603,1.1184960158470993,6.371681415929287
2023-01-27,1,19.61999999999989,2358.95,2339.33,4.345714285714231,-0.02323294723294618,0.004808221548214691,0.16666666666666666,0.3012232415902083,-0.7303854875283446,-0.9655059087193124,4.162448855887256
2023-01-30,3,24.200000000000273,2298.26,2274.06,4.253571428571506,0.27479021879021964,0.2595042708632061,0.16666666666666666,0.5884297520661188,-0.173679751482632,-1.3693486013445626,5.558755970394134
2023-01-31,0,30.889999999999873,2257.91,2227.02,4.8292857142857235,-0.541858429858432,0.8112781368573314,0.16666666666666666,0.22984784719973902,-0.08986340762041696,0.3321713697641242,6.517723400246987
2023-02-01,0,34.179999999999836,2221.37,2187.19,3.918571428571405,-0.8278880308880301,0.8161497698674577,0.16666666666666666,0.30193095377414314,0.2676438653637351,0.3121268521957929,7.691186713099297
2023-02-02,6,25.120000000000346,2213.84,2188.72,4.667857142857201,0.5355920205920206,0.7695973716453579,0.16666666666666666,0.9574044585987201,0.6019723038187159,0.27276479803063414,5.572100065137497
2023-02-03,6,31.58999999999969,2230.6,2199.01,5.27285714285709,0.6922882882882871,0.8478039340083242,0.16666666666666666,0.8167141500474827,0.2931559544798846,0.24810743100337906,6.804930588798374
2023-02-06,0,29.949999999999818,2242.85,2212.9,5.017142857142842,0.06281981981981989,0.009021494754842962,0.1111111111111111,0.7095158597662814,-0.3491472868217054,-1.0341957224187857,6.069969438635969
2023-02-07,0,36.44999999999982,2253.0,2216.55,4.332857142857132,0.8682792792792838,0.8568492356364407,0.1111111111111111,0.9122085048011019,-0.40947498338555016,8.412201816474825,8.131047119955403
2023-02-08,0,30.320000000000164,2269.56,2239.24,4.910000000000017,0.7189845559845567,0.8765510955386504,0.19444444444444445,0.8601583113456543,0.34555122970278224,0.3451379252869554,7.218604299622611
2023-02-09,0,21.360000000000127,2291.92,2270.56,4.5821428571428635,0.3601994851994838,0.6364429176487908,0.2222222222222222,0.9850187265917527,0.4110589462702139,0.4767181258566689,4.407495506708223
2023-02-10,0,26.480000000000018,2328.57,2302.09,4.972142857142866,-0.43815701415700997,0.6241783908874639,0.16666666666666666,0.4097432024169147,0.33741579914268216,3.2764526921851096,5.08710567642983
2023-02-13,0,22.920000000000073,2333.01,2310.09,4.766428571428605,0.2851338481338447,0.37782226274567565,0.1388888888888889,0.42102966841185013,0.14141742522756828,-0.32811416416674866,4.760026536894087
2023-02-14,6,20.2800000000002,2346.63,2326.35,5.405714285714241,0.1966512226512213,0.26950473983373213,0.16666666666666666,0.6513806706114352,-0.24400076790170858,-2.045659447385408,3.937894420514926
2023-02-15,7,23.009999999999764,2335.58,2312.57,4.26928571428581,-0.32607850707850533,0.481618640447198,0.16666666666666666,0.32507605388961736,-0.011196742765740876,10.0,5.13400062863281
2023-02-16,1,29.09999999999991,2338.29,2309.19,4.802857142857127,-0.5509922779922781,0.6838386758448557,0.19444444444444445,0.35704467353951563,0.16913439635535307,0.3409320713946954,6.159143975407751
2023-02-17,7,24.079999999999927,2318.75,2294.67,4.190714285714258,-0.0321209781209777,0.006144876252981425,0.16666666666666666,0.0784883720930182,0.37251184834123224,-0.24368795630079962,5.205682520074084
2023-02-20,7,22.559999999999945,2434.96,2412.4,5.295000000000008,0.08008751608751763,0.025049143981834998,0.16666666666666666,0.46897163120567165,0.18260692048586302,-1.0842097570938538,4.3870559501807405
2023-02-21,0,30.13000000000011,2468.23,2438.1,4.434285714285709,0.39957915057915006,0.37229703939416614,0.1388888888888889,0.8755393295718558,-0.1406936241102529,-1.6929918742719188,6.148680822117548
2023-02-22,0,17.909999999999854,2488.44,2470.53,4.849285714285705,0.05364864864864618,0.0254207198198452,0.19444444444444445,0.15745393634839375,-0.37350167812050505,-0.7137643007425002,3.734615352789769
2023-02-23,0,18.800000000000182,2482.79,2463.99,4.890000000000002,0.04200772200772044,0.010182886651949167,0.1388888888888889,0.9207446808510762,-0.14310105645075233,0.08453084235663841,3.7592541162468005
2023-02-24,0,25.720000000000255,2472.13,2446.41,5.8828571428571195,-0.48151608751608593,0.6741646785119177,0.1388888888888889,0.21267496111975895,-0.2927482678983834,3.7212248859840673,4.566050363336078
2023-02-27,6,18.56999999999971,2534.43,2515.86,4.887142857142862,-0.2843346203346178,0.582841290798329,0.19444444444444445,0.4238018309100708,-0.1887290871734664,0.6228433967350966,3.570826847358239
2023-02-28,6,27.13000000000011,2554.9,2527.77,5.677857142857225,-0.11974774774774863,0.047178292031260546,0.16666666666666666,0.9495023958717329,0.8308868501529052,-1.566933887145722,4.747453284169708
2023-03-01,1,25.61999999999989,2549.81,2524.19,5.13999999999997,-0.5517824967824938,0.7571825558845436,0.19444444444444445,0.053473848555811734,-0.0006188118811881188,0.4547744200977153,5.348266392746615
2023-03-02,0,31.45999999999958,2557.97,2526.51,5.543571428571373,0.24846460746460683,0.3275932581530913,0.19444444444444445,0.7542911633820686,-0.5747256905032161,-4.191994425027371,5.8483601115389
2023-03-03,0,20.76000000000022,2569.32,2548.56,4.7071428571428635,-0.12356885456885593,0.13521100245591697,0.1388888888888889,0.47976878612716434,-0.4645286686103013,-0.8025322891194566,3.987408632556168
2023-03-06,6,23.929999999999836,2545.31,2521.38,5.817857142857195,0.4331119691119683,0.7067941902892936,0.2222222222222222,0.8549937317175168,0.23219092050959986,0.5766746498902161,4.167030597860584
2023-03-07,7,25.329999999999927,2556.08,2530.75,4.515714285714369,-0.4743976833976856,0.6711783202804822,0.1388888888888889,0.17923410975128215,-0.5150340979541228,-0.17032953315069072,5.3425176914674495
2023-03-08,2,23.91000000000031,2560.59,2536.68,5.285714285714254,-0.06059202059202512,0.02326072388024043,0.16666666666666666,0.703053115851097,0.8202247191011236,-0.5050893428496647,4.303677037799009
2023-03-09,0,31.23999999999978,2594.37,2563.13,5.226428571428706,0.5205688545688555,0.47541090558370575,0.16666666666666666,0.7099871959026886,0.3358005453837164,0.06747860462183843,5.459076756651689
2023-03-10,6,34.809999999999945,2607.35,2572.54,4.860714285714266,0.30426254826255245,0.1801901337071145,0.1388888888888889,0.9051996552714814,-0.40661400455214886,-3.006772094519249,6.626769607324684
2023-03-13,0,25.059999999999945,2631.61,2606.55,5.40785714285721,0.4615444015443994,0.6028886465070309,0.16666666666666666,0.531524341580197,0.017199514366653176,1.1197428075798475,5.195726668010397
2023-03-14,0,26.799999999999727,2653.49,2626.69,4.860714285714201,0.22204504504504471,0.10820293141757312,0.1388888888888889,0.26679104477612553,0.4610433860831377,-0.3407556636587372,5.144522100131429
2023-03-15,1,27.579999999999927,2661.38,2633.8,4.969285714285661,-0.4210373230373208,0.5940478774291896,0.2222222222222222,0.07759245830311379,0.05531062124248497,-3.5848349561138977,5.0881324787420175
2023-03-16,0,30.59999999999991,2651.22,2620.62,5.439285714285688,0.29186486486486807,0.16573280035574653,0.16666666666666666,0.9127450980392279,-0.029091769157994322,-4.914876562311052,5.808507272686154
2023-03-17,0,34.36000000000013,2680.13,2645.77,5.648571428571423,-0.47495366795366817,0.4558093575110349,0.16666666666666666,0.25844004656577635,-0.3242414955562366,-2.5206794388060123,6.369141142201456
2023-03-20,0,44.25,2718.88,2674.63,5.6649999999999965,-0.8177863577863549,0.587564347200077,0.1388888888888889,0.4106214689265553,-0.5378219428107889,0.02892168234424236,7.980619211886059
2023-03-21,1,34.45000000000027,2723.76,2689.31,5.003571428571506,-0.7108391248391236,0.648528413122688,0.1388888888888889,0.11465892597968771,-0.5260792306888262,-0.04027742890488976,7.281709751555924
2023-03-22,2,29.51000000000022,2709.4,2679.89,4.698571428571411,0.5260231660231607,0.6204183125366968,0.19444444444444445,0.6177566926465565,0.40916303054343517,-0.19146638778168104,5.458437011428445
2023-03-23,7,39.9699999999998,2730.06,2690.09,4.894999999999982,-0.9262664092664064,0.7703176835470608,0.19444444444444445,0.09807355516637709,0.20060592945249947,10.0,7.74085559154778
2023-03-24,3,24.360000000000127,2721.75,2697.39,4.847142857142866,0.06645045045045311,0.0190680167767683,0.1388888888888889,0.7766830870279136,0.7000700770847933,0.3043898814675361,4.687208658636716
2023-03-27,0,35.429999999999836,2752.89,2717.46,5.457857142857165,-0.48690090090090093,0.5514300623996935,0.19444444444444445,0.3409539937905725,-0.3064458048253511,-0.05544330487659697,6.7092944177884695
2023-03-28,0,35.429999999999836,2737.89,2702.46,5.454285714285788,0.8306615186615163,0.8627974012683532,0.16666666666666666,0.8966977138018665,0.41115845803190965,0.2666825311604861,6.013213989857088
2023-03-29,0,24.809999999999945,2741.25,2716.44,6.106428571428588,-0.25521879021878796,0.4447751452254379,0.19444444444444445,0.3083434099153611,0.29008567931456547,0.6554662845770897,3.910495651439665
2023-03-30,0,33.55000000000018,2765.25,2731.7,5.187142857142784,0.5536743886743902,0.500303510335441,0.1388888888888889,0.9710879284649838,-0.38161784466541254,-2.1862015484621202,6.1715336859049135
2023-03-31,0,35.60999999999967,2778.14,2742.53,4.98357142857146,-0.4680321750321732,0.5724582939065227,0.19444444444444445,0.053636618927264026,0.7051632388896879,7.150601965155024,6.557819351066886
2023-04-03,0,25.84999999999991,2727.88,2702.03,6.109999999999998,0.3422535392535407,0.3911066391764255,0.16666666666666666,0.7148936170212798,0.479930862300749,6.836770248131401,4.716640962703892
2023-04-04,6,44.899999999999636,2793.18,2748.28,5.404285714285639,0.8702007722007695,0.7844589175258875,0.08333333333333333,0.933630289532293,-0.315194042675068,3.407942120665113,8.402557571346847
2023-04-05,0,25.31999999999971,2832.43,2807.11,4.448571428571443,0.44526512226512416,0.5735175451317951,0.19444444444444445,0.5750394944707785,0.11828605914302957,-0.1516550685758309,4.532718612473594
2023-04-06,0,22.659999999999854,2819.69,2797.03,4.563571428571322,-0.0005791505791510474,2.6772978825946386e-06,0.2222222222222222,0.7299205648720243,0.06462799495586381,-1.4089855769725452,4.182664522957602
2023-04-07,1,25.01000000000022,2798.92,2773.91,5.694999999999969,-0.4963564993564962,0.6300281991544663,0.19444444444444445,0.10515793682527334,-0.17866723897413886,-0.026563089082983018,4.747070985527247
2023-04-10,6,24.009999999999764,2868.74,2844.73,5.958571428571466,0.3771261261261255,0.6336219770040578,0.16666666666666666,0.813827571845071,-0.46527289174791436,7.31509234649545,4.589968935029029
2023-04-11,0,31.740000000000236,2887.01,2855.27,5.211428571428574,0.685994851994854,0.7788337268274631,0.19444444444444445,0.7797731568998052,0.24896064971478293,0.10843887890856263,5.940376988547796
2023-04-12,0,26.970000000000255,2888.09,2861.12,6.31142857142858,-0.32741441441441343,0.36704889339799757,0.1388888888888889,0.4189840563589201,0.1743717629004412,-0.4292552061458987,4.656770414018792
2023-04-13,0,28.090000000000146,2875.11,2847.02,5.445000000000001,0.3535585585585595,0.3374896049357599,0.1111111111111111,0.8159487362050536,0.46517527675276754,-0.9462283692421288,5.121313847489555
2023-04-14,7,28.83999999999969,2861.74,2832.9,6.383571428571519,-0.6453886743886738,0.7364665549500495,0.19444444444444445,0.18550624133148289,-0.19445401308990698,-9.739550647357621,5.281533078256268
2023-04-17,1,32.11999999999989,2915.33,2883.21,5.4878571428572025,-0.46757142857142747,0.6187764763210859,0.16666666666666666,0.11955168119552174,-0.2862566438876234,0.8632177318084358,5.999288467239805
2023-04-18,0,51.51999999999998,2915.56,2864.04,5.443571428571496,1.2093745173745176,0.8977568313592316,0.16666666666666666,0.9033385093167698,0.3829175767329578,0.6340427815576605,8.906401778119188
2023-04-19,0,32.32999999999993,2931.0,2898.67,4.6749999999999545,0.28041956241955845,0.28312691825788466,0.16666666666666666,0.6300649551500135,-0.42231491136600624,-0.40229863971923824,5.9694025585791755
2023-04-20,1,17.139999999999873,2881.21,2864.07,5.527142857142833,-0.04780180180180193,0.02268235551113909,0.25,0.3290548424737406,0.13546042920404225,-1.8770755196210973,3.1255191976496506
2023-04-21,6,42.26999999999998,2874.88,2832.61,5.958571428571466,0.7417850707850698,0.597259235973695,0.05555555555555555,0.6025550035486116,0.6355366027007818,-0.5076406605340521,7.126230544600644
2023-04-24,2,30.170000000000073,2953.1,2922.93,5.080000000000025,0.3990296010295996,0.5725415983451043,0.19444444444444445,0.9032151143520031,-0.6204289461502854,3.0118875682064887,5.852007219910934
2023-04-25,6,26.0300000000002,2943.21,2917.18,5.214285714285812,-0.06945431145431501,0.02071977901011938,0.16666666666666666,0.8809066461774919,-0.8453355155482815,-8.405239578805158,4.561585535465913
2023-04-26,6,26.230000000000018,2944.5,2918.27,4.501428571428538,0.5765637065637024,0.7413941284515392,0.19444444444444445,0.5646206633625594,-0.4224737867681173,2.643899803661904,5.191917525773219
2023-04-27,0,36.36000000000013,2938.77,2902.41,6.291428571428631,0.6452277992277967,0.5805224103371744,0.19444444444444445,0.7689768976897673,0.4581589958158996,-0.14697115765628535,5.710923573627851
2023-04-28,3,24.600000000000364,2948.76,2924.16,4.934285714285677,-0.011755469755469072,0.0006897996823211785,0.1388888888888889,0.16422764227641887,-0.7725752508361204,-1.3973486142159728,3.924885720436147
2023-05-01,6,36.470000000000255,2948.21,2911.74,6.111428571428568,0.5191853281853278,0.48545803705254253,0.19444444444444445,0.43295859610639725,-0.6597058289449791,0.4002225531545746,6.249427956521357
2023-05-02,1,48.15000000000009,2934.05,2885.9,5.4950000000000205,-0.8103706563706569,0.6948844211474903,0.16666666666666666,0.18380062305295727,-0.16065847051469057,0.9582336598691451,8.642461582293077
2023-05-03,7,32.899999999999636,2898.47,2865.57,5.727857142857082,-0.3015624195624258,0.15770478397393792,0.16666666666666666,0.042249240121577145,-0.3985321727257211,-1.1513859824049375,5.718384660482064
2023-05-04,1,33.25999999999976,2884.95,2851.69,5.178571428571364,-0.6679111969111994,0.8246514531277567,0.25,0.23932651834035157,-0.613479888875468,0.43727658734349084,5.777549536259984
2023-05-05,0,32.960000000000036,2867.15,2834.19,5.241428571428514,-0.38226126126126125,0.24458359415225983,0.08333333333333333,0.6741504854368864,0.21948608137044967,-1.3512230116032669,6.245310896315297
2023-05-08,3,37.129999999999654,2746.74,2709.61,5.016428571428572,-0.8235662805662759,0.9138151418532517,0.1388888888888889,0.10665230272017434,-0.2112094395280236,0.9353531898383022,6.771012059614146
2023-05-09,0,34.40000000000009,2729.46,2695.06,5.299285714285686,-0.692138996139001,0.8313395703308551,0.19444444444444445,0.36453488372092824,0.5588801659013479,0.5842888603387952,6.736397121676024
2023-05-10,0,25.080000000000382,2725.05,2699.97,4.979999999999985,-0.41543886743886693,0.40611492796673004,0.1111111111111111,0.16188197767146484,0.008219689893517654,-1.0037684142945649,4.997062718665455
2023-05-11,0,26.539999999999964,2749.5,2722.96,5.328571428571357,0.28091248391248613,0.40436300555519816,0.19444444444444445,0.6330067822155314,0.37430426716141,0.8178482848162743,5.055047050376052
2023-05-12,0,46.20000000000027,2809.11,2762.91,6.112142857142869,-0.9307284427284402,0.8008885421596289,0.19444444444444445,0.2811688311688346,-0.1693414499169895,0.3947676936049321,8.624000000000084
2023-05-15,1,48.38000000000011,2797.53,2749.15,5.245714285714224,-1.1926653796653812,0.9278042638367112,0.16666666666666666,0.052914427449357995,0.460881145266896,1.573561866346924,9.33211882764486
2023-05-16,0,24.93000000000029,2747.78,2722.85,4.612142857142934,0.37219433719434397,0.5615996232979895,0.19444444444444445,0.8295226634576836,-0.27926997245179064,0.002064748589823264,4.900360368793014
2023-05-17,0,51.54999999999973,2809.1,2757.55,4.52071428571425,1.3290090090090096,0.916610960210863,0.08333333333333333,0.8642095053346258,0.11766558203001995,0.41666599800585385,10.324667583312753
2023-05-18,0,40.23999999999978,2809.74,2769.5,4.691428571428657,0.917580437580436,0.8744895761233947,0.16666666666666666,0.6727137176938447,-0.30116081909482195,1.2581658735471986,7.466061949183043
2023-05-19,0,52.67000000000007,2774.05,2721.38,5.309999999999945,-1.401127413127415,0.8176700633296983,0.1388888888888889,0.21264476931839382,-0.16498137307078234,4.617229161560452,10.300681391342126
2023-05-22,0,27.23999999999978,2734.22,2706.98,5.227857142857114,0.09204633204633278,0.04453875266768696,0.2777777777777778,0.6842878120411168,0.35086937137761925,0.008650043447029673,5.109629012088317
2023-05-23,6,40.69999999999982,2773.47,2732.77,6.644999999999982,0.5602509652509658,0.452997972087707,0.1388888888888889,0.8867321867321942,-0.5449782966621763,1.7478149824827924,7.230250821266907
2023-05-24,6,28.76000000000022,2773.32,2744.56,5.784285714285716,0.11662548262548098,0.05246332287747562,0.2222222222222222,0.9005563282336542,-0.7946702689426501,-2.701430148945695,5.603073854455811
2023-05-25,7,31.159999999999854,2796.22,2765.06,4.087857142857144,-0.314334620334621,0.3094729621218288,0.16666666666666666,0.06771501925546011,0.2450186799501868,-8.183365171153804,6.556987182163582
2023-05-26,0,40.67000000000007,2802.58,2761.91,6.202142857142754,0.9605315315315304,0.8674690750470133,0.1111111111111111,0.7705925743791514,0.24929768917082012,0.4792086436868057,7.064949747011792
2023-05-29,0,40.5,2835.71,2795.21,5.911428571428587,0.7390669240669246,0.7606077400659472,0.1388888888888889,0.9498765432098716,0.5380716785326415,0.10110568398602889,6.803183617965832
2023-05-30,0,39.75,2878.1,2838.35,5.929999999999869,0.9136640926640951,0.8050716565088579,0.16666666666666666,0.6080503144654107,0.048883270122208174,0.43590116333693807,7.191961545227143
2023-05-31,2,20.809999999999945,2866.34,2845.53,5.2621428571427975,0.296862290862291,0.6860478720183725,0.2222222222222222,0.6818837097549081,0.7013918177983973,0.7351570554233857,4.289247681209192
2023-06-01,0,40.92000000000007,2919.1,2878.18,5.355000000000083,1.0978043758043752,0.9219189955366079,0.1388888888888889,0.9054252199413518,0.09525423728813559,0.8048357666731645,7.34095536413464
2023-06-02,1,23.179999999999836,2923.25,2900.07,5.783571428571447,-0.36622779922779697,0.47771191844583155,0.16666666666666666,0.44909404659188645,0.2678236397748593,-3.457821657296347,3.915343702556776
2023-06-05,0,25.9699999999998,2906.79,2880.82,5.6692857142857065,0.35538223938223873,0.41948855253581896,0.19444444444444445,0.6187909125914453,-0.4505866187506606,-0.6538181953510768,4.412720781344264
2023-06-06,0,40.24000000000024,2921.44,2881.2,5.255714285714313,-0.5873732303732339,0.5917679705450786,0.2222222222222222,0.3799701789264382,-0.4091743119266055,0.15242023106131072,6.767741957012914
2023-06-07,6,27.269999999999982,2915.11,2887.84,5.401428571428531,-0.06861647361647111,0.023781355244052033,0.25,0.7121378804547153,0.030824770896973063,-7.6337453313691155,4.9691706407025675
2023-06-08,0,29.679999999999836,2920.54,2890.86,6.43357142857144,0.10358043758043843,0.03411297690258963,0.2222222222222222,0.6216307277628005,-0.3061993593367251,-0.24623175153826926,5.005444220994517
2023-06-09,7,28.190000000000055,2933.27,2905.08,6.346428571428468,-0.12022908622908779,0.07531523692916563,0.1388888888888889,0.28698119900674457,-0.7587818483340871,-10.0,4.800081083820403
2023-06-12,1,36.40000000000009,2924.52,2888.12,6.623571428571397,-0.04876962676962549,0.005049041844579954,0.1388888888888889,0.08956043956044533,0.5506631299734748,-0.7567853306380755,5.766626641603886
2023-06-13,2,23.909999999999854,2878.68,2854.77,4.697142857142841,-0.058809523809526476,0.02600582023399668,0.2222222222222222,0.849853617733178,-0.8847826086956522,3.7793611642739613,4.581208538462976
2023-06-14,0,31.210000000000036,2932.96,2901.75,5.992857142857182,0.690839124839126,0.8063818367868985,0.19444444444444445,0.6792694649150847,-0.2626173473481505,3.1005381896480193,5.486706895950312
2023-06-15,0,52.75,2959.87,2907.12,6.2014285714286155,1.3706872586872607,0.9284009051865114,0.2222222222222222,0.8553554502369648,0.11074651353568499,1.217973863502459,8.759715719449227
2023-06-16,1,43.00999999999976,2976.74,2933.73,6.098571428571371,0.1277824967824948,0.021146975952305802,0.16666666666666666,0.4810509183910758,0.7038527889591719,-0.2461498177898926,6.733965816107792
2023-06-19,1,27.639999999999873,2946.16,2918.52,4.987142857142901,-0.33548519948519984,0.25105798930134365,0.19444444444444445,0.4790159189580426,0.39060205580029367,0.7915965200608104,4.679772638707795
2023-06-20,7,23.079999999999927,2936.92,2913.84,5.403571428571338,0.22909266409265874,0.27876887495475017,0.2222222222222222,0.6230502599653249,0.783652250857206,-0.6190512781233467,3.953008342820254
2023-06-21,0,39.56999999999971,2977.72,2938.15,5.936428571428548,0.8594015444015457,0.8713099280911639,0.2222222222222222,0.7427343947434948,0.2677814938684504,0.6575420194184918,6.004751223183968
2023-06-22,0,24.620000000000346,2989.32,2964.7,5.506428571428581,-0.09456756756756862,0.05426334453377841,0.19444444444444445,0.6437855402112161,-0.6320324379118094,-0.27613979007298095,4.175999030753424
2023-06-23,1,30.309999999999945,2970.22,2939.91,5.944285714285668,-0.4786010296010305,0.7678111828685267,0.2222222222222222,0.09633784229627443,0.27566492667163806,0.550984574344843,5.326722108896919
2023-06-26,1,28.039999999999964,2960.1,2932.06,5.690714285714291,-0.37063706563706617,0.53556702031635,0.1388888888888889,0.11804564907275142,0.30290791599353795,0.42246740753736545,4.782246466314498
2023-06-27,6,26.240000000000236,2959.86,2933.62,4.839999999999983,0.5937052767052801,0.8135712246968824,0.16666666666666666,0.7949695121951197,-0.025255446308077887,0.5544469465028028,4.844609371279559
2023-06-28,0,37.460000000000036,2982.39,2944.93,6.683571428571473,0.5102226512226509,0.5389036720816167,0.19444444444444445,0.8625200213561109,-0.14391143911439114,-3.677606307778981,6.099065426598969
2023-06-29,0,22.76000000000022,2999.59,2976.83,5.135000000000024,0.36061389961389856,0.46287724348815124,0.16666666666666666,0.6137961335676678,0.09370988446726572,-0.4270501019977669,4.387906236611831
2023-06-30,2,18.620000000000346,3010.57,2991.95,5.390714285714337,-0.12819305019305172,0.09853847543397305,0.2222222222222222,0.8576799140708893,-0.30026572187776795,-1.6235697452054867,3.208424075625272
2023-07-03,0,38.92000000000007,3036.87,2997.95,5.927142857142859,-0.7459034749034781,0.7461324519370537,0.19444444444444445,0.4193216855087393,0.1284951303801445,0.7831003704787397,6.403280037083237
2023-07-04,0,38.2800000000002,3035.57,2997.29,6.380714285714411,0.4808468468468489,0.3824918262787614,0.08333333333333333,0.8359456635318661,0.2692547228565497,0.05403936696797894,5.858560952279713
2023-07-05,0,26.659999999999854,3017.73,2991.07,5.980714285714352,0.14971042471042534,0.08431748017046911,0.1388888888888889,0.5562640660165045,-0.24397590361445784,0.9607782511443167,4.401991875245663
2023-07-06,0,43.63000000000011,3061.55,3017.92,6.387142857142927,-0.256742599742596,0.0910055884661015,0.1111111111111111,0.5186798074719242,-0.47829565913182637,-0.788527671879604,6.502216242589114
2023-07-07,0,29.789999999999964,3066.82,3037.03,7.369285714285719,0.18392535392535328,0.08047477694747698,0.1388888888888889,0.26216851292379845,0.3184846754235675,-0.34006147302879763,4.768564777025757
2023-07-10,0,38.16999999999962,3118.99,3080.82,5.843571428571424,0.5093976833976837,0.3966252958582477,0.16666666666666666,0.49986900707362114,0.15695224719101122,-0.7396725513479173,6.733029773800262
2023-07-11,0,24.2800000000002,3101.32,3077.04,5.450714285714249,0.10361904761904714,0.053401678833293754,0.19444444444444445,0.41144975288303764,-0.2245357343837929,-0.566072186683963,4.327955125801987
2023-07-12,0,22.25,3096.85,3074.6,5.6521428571428975,-0.09712483912483781,0.10312175302512308,0.2222222222222222,0.7240449438202304,0.7133878064110623,-0.9556317397476947,3.6259344525207364
2023-07-13,0,28.68000000000029,3112.3,3083.62,4.485714285714331,0.23609909909909943,0.1251241295506093,0.1111111111111111,0.6265690376569063,-0.4162172390954679,-1.3259751908842754,5.064545741214434
2023-07-14,1,39.25,3097.9,3058.65,6.462142857142941,-0.665800514800509,0.701283804814313,0.19444444444444445,0.38649681528662605,0.502449646162221,0.5883029464183284,6.012126369535148
2023-07-17,0,56.350000000000364,3077.82,3021.47,5.9235714285714165,1.2315173745173706,0.9092829454235409,0.16666666666666666,0.8873114463176518,-0.010553129548762736,1.2417127721389103,9.155660149261017
2023-07-18,0,31.460000000000036,3083.44,3051.98,6.1707142857142445,0.4515868725868715,0.5111124013867658,0.19444444444444445,0.8617291799110012,-0.6065246338215713,-4.62212963627264,5.180005031084918
2023-07-19,1,34.279999999999745,3104.39,3070.11,6.1007142857142105,0.32392792792793007,0.1883329575055719,0.1388888888888889,0.21761960326721388,-0.08355795148247978,-1.9232413634088377,5.646892710764219
2023-07-20,0,30.670000000000073,3102.06,3071.39,5.5614285714284835,-0.3842805662805681,0.4950567463091717,0.19444444444444445,0.32702967068797445,0.6253544620517097,-9.686717276261925,5.464626610291791
2023-07-21,0,39.190000000000055,3099.1,3059.91,5.998571428571495,0.40121492921493157,0.2538532033182837,0.16666666666666666,0.9160500127583577,-0.015957446808510637,10.0,6.258637734796834
2023-07-24,3,25.809999999999945,3171.47,3145.66,6.02428571428566,0.40900514800514703,0.5224151655852575,0.1388888888888889,0.7345989926385151,-0.1763496143958869,2.202503255789655,4.184839886501843
2023-07-25,0,33.820000000000164,3173.26,3139.44,5.659999999999919,0.030055341055339153,0.0016308020931002341,0.1111111111111111,0.9284447072738007,-0.26565813657571047,-1.1315481085037704,5.3166148893963125
2023-07-26,2,32.30000000000018,3207.52,3175.22,6.618571428571483,0.45764092664092915,0.3928700816683235,0.16666666666666666,0.962229102167189,-0.574623745819398,-4.674434030405941,4.678683926149063
2023-07-27,0,34.76999999999998,3275.31,3240.54,6.991428571428547,0.6119639639639647,0.6849649277090721,0.1388888888888889,0.8254242162783961,-0.4105925537493445,0.3150136815482586,5.726879675290941
2023-07-28,0,52.66000000000031,3265.65,3212.99,6.022857142857155,-1.1131956241956236,0.808928546889591,0.08333333333333333,0.04766426129890246,-0.17217425821176938,0.3224827367746294,8.71330503383144
2023-07-31,1,35.190000000000055,3121.06,3085.87,6.598571428571469,-0.4649073359073396,0.3364722474182783,0.1111111111111111,0.115942028985505,0.5559475806451613,-10.0,5.243977150426365
2023-08-01,0,34.559999999999945,3096.07,3061.51,4.888571428571432,0.5709806949806948,0.5322536495923013,0.1388888888888889,0.46788194444443415,0.06421761076836792,-0.7111250431744762,6.584599100291111
2023-08-02,1,36.35999999999967,3080.24,3043.88,6.387857142857164,-0.686435006435005,0.6472160419941376,0.16666666666666666,0.11633663366336788,0.12639821029082773,-5.952678457934272,5.776358633124096
2023-08-03,0,23.699999999999818,3112.91,3089.21,6.120000000000053,0.15526254826254987,0.08779578144022811,0.16666666666666666,0.18776371308016254,0.12928821470245042,-0.918962279552678,4.056289816487552
2023-08-04,0,55.629999999999654,3095.72,3040.09,5.12642857142857,-1.494068211068212,0.923837893566278,0.1111111111111111,0.20061118101743527,-0.1678227559788798,0.36809642948954047,9.153464683893473
2023-08-07,1,21.210000000000036,3102.93,3081.72,6.252857142857173,-0.043571428571432515,0.01083077471528018,0.19444444444444445,0.2800565770862821,0.2488605287146764,-1.0113195019889338,3.40948930252734
2023-08-08,6,26.309999999999945,3071.98,3045.67,5.589285714285746,0.16292664092664175,0.07731845191920803,0.16666666666666666,0.7137970353477683,0.10597458772641255,1.8062183066415052,4.458317503118418
2023-08-09,1,29.329999999999927,3074.77,3045.44,5.682857142857172,-0.439523809523812,0.6351924510267861,0.16666666666666666,0.039209001022846704,0.4502157031924072,10.0,5.001377023666533
2023-08-10,7,26.970000000000255,3078.57,3051.6,5.93999999999999,-0.337857142857143,0.39078799275135984,0.19444444444444445,0.020763811642563596,-0.14084316117663007,0.1080564229996431,4.552905002110231
2023-08-11,1,24.550000000000182,3100.69,3076.14,8.325714285714282,0.21187516087516256,0.20317637422636103,0.19444444444444445,0.5535641547861525,-0.2869269949066214,1.5006292050157832,3.3373612264935115
2023-08-14,0,26.38000000000011,3060.88,3034.5,6.7914285714285985,-0.19945559845559974,0.15021019022314652,0.19444444444444445,0.07960576194086051,0.5972139303482588,1.9981482061731615,4.322467172316496
2023-08-15,1,37.66000000000031,3065.59,3027.93,6.953571428571389,-0.4541184041184062,0.26670452061680555,0.19444444444444445,0.011949017525232851,0.5825530943137702,10.0,6.092560137126208
2023-08-16,1,22.170000000000073,3071.91,3049.74,6.113571428571374,-0.2765019305019298,0.28864462679462194,0.2222222222222222,0.4402345511953174,-0.4949874686716792,0.4613402794924461,3.394666326400433
2023-08-17,1,45.76000000000022,3036.69,2990.93,5.415714285714265,-1.0989305019305022,0.9219359398163228,0.1111111111111111,0.010489510489510837,0.6829442591710339,1.8729961483796622,8.084550588383792
2023-08-18,0,21.480000000000018,3029.71,3008.23,6.152857142857166,0.37123166023165804,0.6163039775836155,0.19444444444444445,0.6941340782122831,0.5257309941520468,0.3967633155611392,3.6426992378740994
2023-08-21,3,46.789999999999964,3082.82,3036.03,6.078571428571422,-0.8388931788931803,0.7636548442203673,0.2222222222222222,0.13058345800384008,-0.27079693589571296,0.5997560330148588,7.7843297771205044
2023-08-22,0,30.769999999999982,3062.4,3031.63,4.958571428571466,0.2994736164736163,0.356087261262492,0.2222222222222222,0.6610334741631363,0.9764402724093503,-0.4841005116039194,4.977669930958788
2023-08-23,0,34.07999999999993,3022.16,2988.08,6.290714285714265,-0.34557657657657714,0.3235722773773189,0.19444444444444445,0.2608568075117339,0.5853269537480064,0.40081289748213556,5.691009393171291
2023-08-24,3,22.740000000000236,3031.84,3009.1,5.966428571428521,-0.18904633204633176,0.19638436727396105,0.2222222222222222,0.33377308707124304,0.10568421052631578,-10.0,3.7113065554447986
2023-08-25,0,34.11000000000013,3041.48,3007.37,5.434285714285612,0.6509407979407953,0.798839591210174,0.1111111111111111,0.9387276458516524,0.38817275747508306,1.5299918185102865,5.896425055821051
2023-08-28,0,54.61000000000013,3096.28,3041.67,5.124285714285763,-1.298491634491633,0.8648979363549455,0.16666666666666666,0.16224134773851137,-0.6306138135500164,0.11346239718573774,8.831040822416172
2023-08-29,0,18.159999999999854,3074.6,3056.44,6.834285714285735,-0.039939510939512916,0.017915868765366834,0.25,0.3381057268722424,0.21660888228495956,1.0149640827875597,2.710688582852035
2023-08-30,0,29.179999999999836,3077.69,3048.51,5.809285714285742,-0.23515701415701776,0.17152737313653882,0.16666666666666666,0.5702535983550365,0.2311207005965224,0.23030468102657958,4.692785347330764
2023-08-31,6,21.210000000000036,3076.34,3055.13,6.115714285714213,-0.09804761904761862,0.07584902722895721,0.1111111111111111,0.5964167845355997,0.16728884741017266,0.9005481469763305,3.4340454238812947
2023-09-01,0,35.48000000000002,3109.73,3074.25,6.995714285714224,0.3843178893178909,0.3586018115150258,0.19444444444444445,0.5591882750845585,0.37458831686600796,-0.23100057160353757,5.343900449162209
2023-09-04,0,51.04999999999973,3140.74,3089.69,5.562142857142882,-1.1928507078507096,0.903385019336148,0.16666666666666666,0.23408423114593305,0.5670738939627565,1.8637590684575163,8.502766046041222
2023-09-05,6,28.799999999999727,3085.81,3057.01,6.6071428571429545,0.545069498069497,0.5215758926636412,0.16666666666666666,0.8277777777777748,-0.040452907874421,-7.774983282374055,4.7705155635308705
2023-09-06,3,30.61999999999989,3121.52,3090.9,5.955714285714326,-0.5353423423423429,0.5946290188283326,0.19444444444444445,0.07870672762899618,0.40319673116211996,1.0173017049637272,4.51572201901973
2023-09-07,7,34.33999999999969,3103.12,3068.78,6.599285714285608,-0.5257155727155719,0.5589694001771498,0.16666666666666666,0.15433896330808897,0.5792648444863336,0.6618726779867451,5.77169802511788
2023-09-08,6,27.639999999999873,3131.02,3103.38,7.017142857142842,0.2679781209781245,0.24297291957619194,0.16666666666666666,0.6541244573082493,0.1875926841324765,0.0065230667259170115,4.021628737467184
2023-09-11,7,24.2800000000002,3124.36,3100.08,6.738571428571439,-0.08802187902188129,0.02037963597122171,0.2222222222222222,0.09884678747940985,0.3799249530956848,-1.3472935754256854,3.743577977441502
2023-09-12,7,20.799999999999727,3088.91,3068.11,5.359285714285761,0.09749678249678159,0.05720677171086276,0.19444444444444445,0.4504807692307699,-0.06910928616550853,0.12594460819516382,3.777389424376154
2023-09-13,1,30.519999999999982,3091.24,3060.72,6.067857142857098,-0.16766023166022842,0.06386192329219575,0.16666666666666666,0.19003931847969152,-0.5260002447081855,-2.1660881335888327,4.901077262777574
2023-09-14,6,29.5600000000004,3102.53,3072.97,7.075714285714249,0.3478262548262528,0.4297096039751783,0.19444444444444445,0.780446549391064,-0.04908118167015585,1.442710677390784,4.506152077914281
2023-09-15,0,55.159999999999854,3143.75,3088.59,6.451428571428551,-1.3623217503217506,0.7713441403144393,0.1111111111111111,0.3143582306018807,0.23279574432154015,0.8440572713944265,8.459479115000581
2023-09-18,1,28.320000000000164,3309.03,3280.71,6.239999999999976,0.4933166023166024,0.5355009344113005,0.16666666666666666,0.7171610169491465,0.07883383448816839,0.16012528856621996,4.3402430829018135
2023-09-19,0,21.300000000000182,3283.59,3262.29,6.776428571428563,-0.07300643500643486,0.038750306271581145,0.2222222222222222,0.2525821596244161,-0.8360852596817773,-1.2156566727853577,3.2528444814787183
2023-09-20,0,33.5300000000002,3313.88,3280.35,7.352142857142845,-0.5811261261261285,0.7199742217314616,0.19444444444444445,0.2886966895317696,-0.6888944285180107,0.5035517800550963,4.674657335306593
2023-09-21,0,42.38999999999987,3335.24,3292.85,6.4221428571428465,0.417418275418279,0.43357220996034584,0.19444444444444445,0.8721396555791546,0.1325083006338666,3.759112466265156,6.4769157544026585
2023-09-22,0,32.89000000000033,3370.26,3337.37,6.890000000000035,-0.006283140283139134,9.58731504529616e-05,0.16666666666666666,0.4363028276071683,-0.034792741801231895,-0.7763974039488751,4.826118855465913
2023-09-25,1,70.26000000000022,3371.38,3301.12,6.060714285714182,-1.6634079794079795,0.962084957375107,0.1111111111111111,0.04412183319100341,-0.5151777970511708,0.6871779775889048,10.74396674656402
2023-09-26,0,24.740000000000236,3331.48,3306.74,6.510714285714292,-0.028307593307590417,0.0034435900582351357,0.16666666666666666,0.4252223120452844,-0.2767940354147251,0.35188833612255466,3.6949993332444797
2023-09-27,1,22.20999999999958,3405.47,3383.26,6.192857142857098,-0.14299485199485026,0.1471783489838758,0.16666666666666666,0.38135974786132193,0.13739917928399603,2.009977679068832,3.1992271901043225
2023-09-28,0,20.5,3406.55,3386.05,5.643571428571412,-0.08976576576577075,0.07034794555149759,0.19444444444444445,0.5692682926829082,0.061560693641618494,-0.15981129383780945,3.396025480051831
2023-09-29,7,42.440000000000055,3448.9,3406.46,6.2900000000000285,-0.535378378378374,0.3662170240925255,0.25,0.16847313854854104,0.5098128708352351,-4.508425159678448,6.011703138262272
2023-10-02,1,23.199999999999818,3459.22,3436.02,6.9050000000000376,0.08626126126126085,0.043575943033147706,0.16666666666666666,0.11250000000000637,-0.3042165833411942,6.059602383139409,3.46773906544714
2023-10-03,1,33.41000000000031,3415.15,3381.74,7.59071428571422,-0.457005148005148,0.5622368638246821,0.1388888888888889,0.18587249326548874,0.09900309384668271,5.108524142749333,4.825903783653729
2023-10-04,0,39.38999999999987,3445.22,3405.83,6.83428571428567,0.7042818532818577,0.5956538611917356,0.19444444444444445,0.5445544554455533,0.43300135808057943,-0.11270848340463803,5.92341431103312
2023-10-05,0,42.059999999999945,3434.46,3392.4,7.142142857142809,0.6806126126126157,0.5796053930094063,0.16666666666666666,0.35187826913931874,0.21627158326016974,-0.2639395855220567,6.538025475742573
2023-10-06,7,27.40000000000009,3464.64,3437.24,7.359285714285794,-0.42112097812097565,0.48507410720449745,0.2222222222222222,0.21313868613139147,0.13846153846153847,0.18301244032077818,3.9118463543142243
2023-10-09,6,41.19999999999982,3508.74,3467.54,7.792142857142868,0.6967631917631936,0.6649049148837144,0.19444444444444445,0.8480582524271896,0.23835319609967498,2.515694923827441,5.501775210640642
2023-10-10,7,31.769999999999982,3524.14,3492.37,7.1100000000000625,0.07561261261261551,0.01825001116919201,0.1388888888888889,0.5228202706956291,-0.20707465957113788,-0.4097363949773117,4.829913217643597
2023-10-11,0,36.58000000000038,3543.07,3506.49,6.945000000000001,0.7940154440154438,0.8336209194525686,0.1388888888888889,0.7058501913613968,-0.37363199345402476,1.137261545539913,5.792794009985514
2023-10-12,0,37.67000000000007,3616.56,3578.89,7.159285714285813,0.6553758043758029,0.5077167073362187,0.19444444444444445,0.6405627820546871,0.29485511531638087,-0.5972942551546331,5.571242443805396
2023-10-13,1,23.550000000000182,3609.36,3585.81,7.889285714285701,0.06742213642213864,0.019086306523049688,0.25,0.6386411889596538,0.16743119266055045,0.8045827823586373,3.0531939796320295
2023-10-16,0,39.600000000000364,3587.8,3548.2,5.962142857142908,-0.6930257400257426,0.6600521939431105,0.16666666666666666,0.4603535353535316,0.3204619271021292,0.22639743254765224,6.2855757148211335
2023-10-17,0,32.05000000000018,3592.77,3560.72,7.5414285714285985,-0.5425444015444023,0.5891918333566666,0.16666666666666666,0.15569422776911726,-0.6257099583491101,-0.10613760484639745,4.561903928108466
2023-10-18,0,35.159999999999854,3639.95,3604.79,6.440714285714258,0.6463809523809494,0.7252996394448503,0.16666666666666666,0.6220136518771325,0.5070933001967485,0.6951735469992824,5.096648758096221
2023-10-19,1,43.04000000000042,3653.51,3610.47,6.394285714285843,-0.33295495495495686,0.1371747160811235,0.1388888888888889,0.017890334572490108,-0.13723076923076924,-1.6904301576466654,5.981189666724589
2023-10-20,2,44.81999999999971,3674.08,3629.26,8.098571428571404,0.8317824967825007,0.6553197590097409,0.19444444444444445,0.8848728246318632,0.3832775919732441,0.28075800824841207,5.429071332436041
2023-10-23,0,31.90000000000009,3658.71,3626.81,6.847857142857232,0.5565559845559819,0.5971064158286645,0.2222222222222222,0.6313479623824394,-0.5407218880148079,-0.6294823564638234,4.590661976335156
2023-10-24,0,28.190000000000055,3648.32,3620.13,7.856428571428588,0.11469240669240825,0.05930895587887172,0.2777777777777778,0.7009577864490857,0.6777282483077431,-0.4554396900794803,3.5930807748722797
2023-10-25,1,40.820000000000164,3623.71,3582.89,6.857857142857126,-0.6062432432432405,0.6886069512059562,0.16666666666666666,0.14845663890249683,0.23693803159173754,0.6828698916200833,5.979544324988897
2023-10-26,7,28.019999999999982,3644.73,3616.71,6.747857142857193,-0.2677915057915064,0.2911153404230903,0.2222222222222222,0.37401855817273466,0.15362620223550819,-1.0632437109073964,4.0713828554295235
2023-10-27,0,42.909999999999854,3666.99,3624.08,8.649285714285725,0.6368468468468461,0.42538574654733147,0.25,0.6849219296201345,0.2420472889564144,-0.10360436128627538,5.734212556774291
2023-10-30,7,37.15000000000009,3753.33,3716.18,8.332142857142864,-0.6537606177606177,0.7487391306739192,0.2222222222222222,0.17200538358008916,-0.1355222267261181,2.1067773326415753,4.951368504561693
2023-10-31,0,35.75,3736.47,3700.72,6.716428571428586,-0.023886743886740013,0.0012313028155004147,0.1111111111111111,0.6268531468531555,0.26721763085399447,-0.34894372160447323,4.799092279582123
2023-11-01,0,44.38000000000011,3799.34,3754.96,7.217142857142887,0.7338893178893173,0.6350560706643495,0.1388888888888889,0.9549346552501128,0.8698188517040221,0.1853330063814029,6.018161418689312
2023-11-02,1,44.320000000000164,3876.9,3832.58,7.382857142857217,-0.4714813384813373,0.24011094156991272,0.16666666666666666,0.034296028880865886,0.7785186949273637,-2.3243344794084813,5.7131515678551095
2023-11-03,0,29.7800000000002,3838.19,3808.41,6.706428571428562,-0.06054054054054202,0.015367201069426151,0.1111111111111111,0.7377434519811991,0.4759581881533101,-3.019684563168223,4.279870313181696
2023-11-06,0,28.550000000000182,3850.65,3822.1,7.828571428571389,-0.249597168597171,0.18483261841956,0.19444444444444445,0.26339754816111854,-0.2258732212160414,-1.4185131900969625,3.9763231197771827
2023-11-07,1,34.76999999999998,3890.43,3855.66,8.03500000000005,-0.6047554697554687,0.38439720530105087,0.2222222222222222,0.29450675870003573,-0.21767370310229894,0.022541698305780723,4.640665219003223
2023-11-08,6,28.61999999999989,3887.56,3858.94,9.261428571428496,0.2139549549549557,0.18200175127602786,0.2222222222222222,0.6331236897274619,-0.2247393024092053,-0.8541064369599805,3.3664380284681332
2023-11-09,0,34.30000000000018,3916.15,3881.85,7.239999999999976,0.5664568854568813,0.6185145718582936,0.2222222222222222,0.90174927113703,0.4338264694122351,0.26722446061368943,4.229512047131616
2023-11-10,0,24.110000000000127,3900.38,3876.27,8.43357142857144,-0.0013178893178881778,1.1368653671658004e-05,0.19444444444444445,0.5300705101617641,-0.5569590643274854,-1.6243505681266717,3.128355503837266
2023-11-13,1,60.94999999999982,3933.06,3872.11,7.545714285714309,-1.4365855855855885,0.8106591506043777,0.1388888888888889,0.17719442165709204,0.4962598626908495,2.6886464127095118,7.763840622749009
2023-11-14,0,46.88000000000011,3935.86,3888.98,8.0535714285713,1.0184208494208493,0.7799201926439363,0.16666666666666666,0.597056313993168,0.25411828247367,0.9052064796407254,5.841845653265103
2023-11-15,2,40.70000000000027,3878.42,3837.72,7.81142857142858,-0.1285817245817265,0.03420937735731011,0.16666666666666666,0.5309582309582306,0.37787828947368424,0.479262360757747,5.444151321970596
2023-11-16,0,50.91999999999962,3918.45,3867.53,7.72142857142863,-0.5227747747747729,0.26947020279061784,0.1111111111111111,0.3968970934799633,-0.24843423799582465,-1.2399215311257703,6.8720708851810395
2023-11-17,3,38.120000000000346,3923.55,3885.43,6.120000000000085,-0.11707722007721821,0.016259504263482542,0.1111111111111111,0.16474291710388622,-0.12766439909297053,-1.1362637769559065,5.408416447796259
2023-11-20,7,65.75,3946.87,3881.12,8.320000000000034,-1.21896525096525,0.7617543508918134,0.1388888888888889,0.20471482889733897,-0.854573484069887,0.03580307072492258,7.943962200375381
2023-11-21,0,39.51000000000022,3945.78,3906.27,7.953571428571487,-0.16083912483912166,0.05131459212201938,0.19444444444444445,0.11338901543912917,0.537897999436461,-1.6272812138758868,4.917212803050133
2023-11-22,0,40.56999999999971,3949.39,3908.82,7.617857142857247,-0.18138352638352784,0.03676073834382942,0.08333333333333333,0.85235395612522,0.2945264986967854,-1.1860326152845095,5.0035922985816255
2023-11-23,0,34.840000000000146,3972.75,3937.91,8.359285714285761,0.38553925353925345,0.36703820681834953,0.16666666666666666,0.7540183696900078,0.38591269841269843,0.44381331501402804,4.57947610552998
2023-11-24,0,33.539999999999964,4001.3,3967.76,8.182142857142935,-0.336482625482625,0.30692025444965715,0.19444444444444445,0.5936195587358342,0.6594285714285715,-2.022833383935356,3.8254485875348014
2023-11-27,6,56.279999999999745,4005.56,3949.28,8.717142857142887,0.746828828828829,0.5833203811900685,0.19444444444444445,0.6014570007107332,0.900350618195239,-0.26704064104661085,6.857706516062857
2023-11-28,0,48.5600000000004,3994.01,3945.45,8.63571428571426,-0.6133796653796676,0.5684184857024434,0.25,0.21046128500824074,-0.5759873617693523,0.17089713368789355,6.146511259954728
2023-11-29,2,28.73999999999978,3980.1,3951.36,7.947857142857207,0.2970952380952343,0.3819226178286425,0.2222222222222222,0.6969380654140535,0.8437301755127934,0.04214427836520551,3.684296738682525
2023-11-30,0,29.070000000000164,4035.38,4006.31,8.103571428571481,0.36365379665380004,0.3886866258961865,0.2222222222222222,0.9690402476780157,-0.1613786806665145,10.0,3.6876192393848766
2023-12-01,1,37.220000000000255,4026.55,3989.33,7.047857142857116,0.504310167310165,0.37719247779154613,0.16666666666666666,0.5177324019344398,-0.7517420191216982,-1.2732755852784514,4.765128153021589
2023-12-04,3,44.61000000000013,3973.58,3928.97,7.243571428571419,-0.8807065637065585,0.7899094644217028,0.16666666666666666,0.25442725846223563,0.3847303790710091,1.0829828150271303,6.104720116428118
2023-12-05,0,63.559999999999945,3977.85,3914.29,7.627857142857173,1.3639588159588183,0.8317358876025768,0.1388888888888889,0.9609817495280047,0.2032520325203252,6.579166525906038,8.16658338856877
2023-12-06,0,31.84999999999991,3956.7,3924.85,8.435714285714312,0.3586396396396428,0.3474306245298097,0.19444444444444445,0.4150706436420814,0.016829865361077112,0.25010032913141844,3.7411466939500175
2023-12-07,0,39.86000000000013,4048.73,4008.87,7.4500000000000455,0.7561917631917673,0.6544027351353459,0.19444444444444445,0.636226793778225,0.09164070612668744,-0.1324281021027911,4.849862514997833
2023-12-08,0,48.26999999999953,4100.19,4051.92,8.337142857142974,0.9705830115830125,0.7860240290406943,0.16666666666666666,0.6797182515019736,0.3092641609317099,0.4197317389862717,5.83865045251304
2023-12-11,1,44.90000000000009,4034.69,3989.79,7.03785714285719,-0.6234993564993567,0.45147984890491605,0.1388888888888889,0.04521158129176383,0.6385928726939384,1.637779149043212,5.716147708069666
2023-12-12,0,51.48000000000002,4046.81,3995.33,8.627142857142806,1.1761119691119706,0.8609006257498426,0.1388888888888889,0.7647630147630123,0.32215884159719177,0.7008120375670832,6.100874243443172
2023-12-13,2,31.690000000000055,4014.54,3982.85,8.271428571428585,-0.2804041184041171,0.296656434542585,0.25,0.483117702745343,0.5213675213675214,-1.0288349017487814,4.013589920139121
2023-12-14,0,38.63999999999987,4046.67,4008.03,8.642142857142842,0.463052767052768,0.38632289784583945,0.25,0.5051759834368542,-0.0757014293276866,0.009374445311954322,4.574488925845792
2023-12-15,0,28.86999999999989,4034.56,4005.69,7.057857142857139,-0.233583011583013,0.2567786271386091,0.2222222222222222,0.5368895046761364,-0.052795031055900624,-1.2307735622124427,3.8491907707121813
2023-12-18,7,44.059999999999945,4055.43,4011.37,9.00214285714284,-0.9602805662805641,0.7135049860611953,0.08333333333333333,0.13368134362234077,-0.48060956384655806,0.5819781742643112,5.72022070756248
2023-12-19,0,40.29000000000042,4089.26,4048.97,6.793571428571503,0.6490707850707856,0.5799117851860456,0.25,0.783817324398115,-0.12967329067025934,1.640357147474362,5.254659831643152
2023-12-20,0,44.94999999999982,4126.21,4081.26,8.598571428571372,1.05927799227799,0.8354586672039049,0.2777777777777778,0.7677419354838789,-0.2347091932457786,0.8783967593612847,5.5139950348050055
2023-12-21,1,33.00999999999976,4121.45,4088.44,8.690714285714193,-0.16221492921492792,0.07925931878842242,0.2777777777777778,0.3305059073008297,0.15726495726495726,0.7592750535221806,4.270627282971688
2023-12-22,0,63.70000000000027,4079.55,4015.85,9.369285714285784,0.8673101673101665,0.3752032837345523,0.08333333333333333,0.9331240188383014,0.4280967325087687,-1.0513504448596172,7.683827840975736
2023-12-25,1,34.75,4095.54,4060.79,7.7350000000000625,-0.4973526383526346,0.4961235176990576,0.19444444444444445,0.5801438848920821,-0.05069422021310946,1.086496879087653,4.219580065772827
2023-12-26,0,60.95000000000027,4123.27,4062.32,8.402857142857101,1.3477631917631876,0.8788142818974879,0.16666666666666666,0.8900738310090124,0.4191494779730074,1.163719889461926,7.441858211558604
2023-12-27,1,49.99000000000069,4220.31,4170.32,8.95857142857137,0.646734877734873,0.2842721980457109,0.19444444444444445,0.42168433686736617,-0.04985262078687684,-1.1830283380234197,5.996958077162057
2023-12-28,0,59.8100000000004,4179.42,4119.61,10.324285714285582,-1.0084298584298557,0.5601873437429181,0.1111111111111111,0.36983781976257724,-0.34042839822174326,-0.4023570181908032,6.811503358950134
2023-12-29,6,60.29999999999973,4108.11,4047.81,7.2700000000001115,1.2485263835263805,0.7759971072690619,0.1388888888888889,0.8749585406301824,0.23893065998329155,2.9894111723448216,7.571300448430421
2024-01-01,0,53.809999999999945,4058.88,4005.07,7.583571428571466,-0.9738931788931819,0.6322425032450721,0.1111111111111111,0.4001115034380183,-0.5796045785639958,-0.5339198480809866,6.864128412734901
2024-01-02,0,56.09999999999991,4048.72,3992.62,5.789999999999964,1.1116769626769631,0.8223378037005853,0.19444444444444445,0.7221033868092742,0.1672542107324716,0.48032231186414864,7.588385431064361
2024-01-03,0,43.63000000000011,4091.29,4047.66,8.48785714285717,-0.7432290862290863,0.4373533872531107,0.19444444444444445,0.2722897089158854,-0.12716286734413623,-1.0283568415299822,5.599814608730191
2024-01-04,0,71.1899999999996,4130.4,4059.21,7.7607142857142595,-1.6499510939510922,0.8679620324791463,0.19444444444444445,0.050709369293442164,0.33938758877634184,3.587301339667201,9.513115088781689
2024-01-05,0,50.25999999999976,4071.02,4020.76,8.107857142857094,0.679261261261264,0.4370227587035463,0.16666666666666666,0.6520095503382438,0.6837361736993036,-0.2410256759558965,5.913976536508476
2024-01-08,1,41.679999999999836,4044.12,4002.44,7.859999999999998,0.5096293436293443,0.6235970406279715,0.2222222222222222,0.5599808061420403,-0.3700787401574803,0.022263866908241857,5.717716802260207
2024-01-09,7,34.929999999999836,3986.79,3951.86,6.634285714285722,0.3415868725868708,0.25146896158684806,0.1388888888888889,0.5362152877182967,0.040919169522273736,-1.0650167431733089,4.592252130520618
2024-01-10,0,38.13000000000011,4006.26,3968.13,6.938571428571452,0.8477168597168616,0.7958878469867404,0.2222222222222222,0.771046420141621,-0.009371917132522197,0.3090154895930678,4.792984678925879
2024-01-11,0,58.48000000000002,4012.77,3954.29,7.4571428571428315,1.0179214929214948,0.5443852894849033,0.08333333333333333,0.683481532147747,0.6433818234192712,-0.35242612679221447,7.731553764794773
2024-01-12,7,36.059999999999945,4005.71,3969.65,6.7592857142856575,-0.4486692406692418,0.6971377239758996,0.25,0.3826955074875138,-0.1870967741935484,1.4686184058114216,4.455333263058312
2024-01-15,0,43.940000000000055,4025.51,3981.57,7.383571428571519,-0.9025250965250967,0.6993125429221685,0.16666666666666666,0.25489303595812024,-0.3036970243462579,0.27780915268932677,5.426113546319427
2024-01-16,1,27.25,4001.51,3974.26,8.160000000000016,0.22895238095238032,0.22126788184627397,0.25,0.6513761467889908,0.43478260869565216,-0.26566534539455355,3.5608908709067117
2024-01-17,1,41.5300000000002,3984.4,3942.87,6.709285714285735,0.014257400257398235,0.00028348017319643806,0.16666666666666666,0.3501083554057282,0.026626697231528832,-1.032115541776934,5.159692949372136
2024-01-18,3,34.960000000000036,3909.71,3874.75,8.595714285714264,-0.49357657657657933,0.43942238439155945,0.19444444444444445,0.3032036613272282,-0.3560330578512397,-0.2379065355492773,4.5660975837298485
2024-01-19,1,35.289999999999964,3917.58,3882.29,8.889285714285702,-0.5520218790218778,0.5175960314951344,0.2222222222222222,0.11533012184755363,0.347694457382394,3.2608242127155362,4.622747580915541
2024-01-22,0,42.61000000000013,3974.59,3931.98,8.302857142857095,0.45194208494208604,0.22397842036009893,0.1388888888888889,0.7197840882421962,-0.16002530044275776,-1.9302706292570742,5.539318684209889
2024-01-23,0,42.91000000000031,4020.86,3977.95,7.4742857142856725,0.6781737451737441,0.5668864168443506,0.19444444444444445,0.8678629690048932,-0.6757033248081842,-10.0,5.7958669557457645
2024-01-24,0,37.82999999999993,4027.11,3989.28,7.3814285714285495,0.38894079794079767,0.21770495320335426,0.19444444444444445,0.5900079302141092,0.2409558136430383,-0.4467460944067557,4.836761408030506
2024-01-25,1,73.26000000000022,4014.32,3941.06,7.89928571428566,-2.0075945945945937,0.9446323636372563,0.05555555555555555,0.14714714714714944,0.08422051227996205,0.7099981670275954,10.097173188360248
2024-01-26,0,51.86999999999989,3987.46,3935.59,7.2100000000000035,1.1603153153153138,0.8330313727003624,0.16666666666666666,0.6641604010025042,-0.4038379530916844,1.7896417436069587,6.9417653353584665
2024-01-29,0,35.88000000000011,4026.12,3990.24,7.694999999999969,-0.22925225225225396,0.1336688931783592,0.16666666666666666,0.42001114827202113,0.06089582284851535,-0.40078258200891725,4.591800356506264
2024-01-30,0,54.54999999999973,4068.41,4013.86,7.9264285714285245,1.2793474903474886,0.701237365702906,0.1388888888888889,0.9690192483959659,-0.22501247297522037,-10.0,6.776213796825987
2024-01-31,3,33.10999999999967,4162.32,4129.21,7.727857142856984,-0.19024710424709973,0.06809546742223417,0.16666666666666666,0.24222289338567218,-0.17304270462633453,-0.7203950508187769,4.096776331779284
2024-02-01,0,48.470000000000255,4169.18,4120.71,8.097857142857135,1.0940231660231647,0.8590594163680094,0.16666666666666666,0.9240767485042238,-0.04738907334741926,1.6312396685957937,6.08635900451203
2024-02-02,0,38.649999999999636,4212.17,4173.52,7.6399999999999375,0.21273101673100223,0.11534907342413518,0.19444444444444445,0.344113842173335,0.24804856895056374,0.78236375293822,4.282331940301129
2024-02-05,0,44.149999999999636,4233.66,4189.51,8.204999999999993,-0.7026087516087536,0.5067522895017794,0.2222222222222222,0.3975084937712418,-0.04259876249405045,-0.22058634029756924,5.309934710396676
2024-02-06,1,73.32999999999993,4270.68,4197.35,7.151428571428563,-2.017758043758043,0.9225727477566155,0.1388888888888889,0.1894177008045743,0.37789628539904374,1.9292616492851224,9.296918746368258
2024-02-07,3,41.48000000000047,4251.6,4210.12,8.531428571428608,0.32914285714285896,0.13358354241584117,0.1388888888888889,0.4023625843780212,0.054,-1.1408349860883034,4.997697885066411
2024-02-08,1,50.76000000000022,4180.75,4129.99,8.4592857142858,-1.0495675675675673,0.850522145029634,0.1388888888888889,0.08510638297873523,-0.21709507587488386,0.8796722691023859,6.4023384027088195
2024-02-09,0,50.01000000000022,4165.24,4115.23,8.664999999999964,0.8095585585585551,0.596220342980758,0.16666666666666666,0.8698260347930376,-0.4563949882148617,-7.1822850521671935,5.752158910412105
2024-02-12,6,44.61000000000058,4213.34,4168.73,8.692857142857065,0.4532252252252226,0.2649228577813904,0.1388888888888889,0.7525218560860834,0.2821713970790852,-0.05099752848227969,5.247096218608067
2024-02-13,7,44.32999999999993,4220.34,4176.01,10.214285714285584,-0.5396470588235294,0.3643557292477432,0.14285714285714285,0.19264606361380504,0.3547351524879615,-1.2367910833766922,4.980921719430069
2024-02-14,0,27.289999999999964,4189.97,4162.68,8.577142857142983,0.26805405405405824,0.2406990987153259,0.2222222222222222,0.5489190179552798,0.5766715601227813,1.0586512782713893,3.4055993403801486
2024-02-15,0,57.32999999999993,4282.21,4224.88,6.862857142857138,1.339842985842992,0.8014568861410879,0.16666666666666666,0.6317809174952085,0.4320372576627315,0.011096406099735718,6.680319701106783
2024-02-16,1,41.160000000000764,4260.02,4218.86,8.082142857142896,-0.3778146718146717,0.2349072465732208,0.19444444444444445,0.500971817298336,0.14361702127659576,-4.566609277716186,4.76653784115413
2024-02-19,6,44.32999999999993,4176.99,4132.66,8.565714285714355,0.9362316602316566,0.7866110989203678,0.1388888888888889,0.9075118429957261,-0.018952324896998236,1.4102766069354595,5.476837393550992
2024-02-20,0,40.60999999999967,4197.87,4157.26,7.619285714285785,-0.5307065637065582,0.32398635679301974,0.16666666666666666,0.30558975621767925,0.500256937307297,-3.0505724406531547,4.980784955028547
2024-02-21,1,42.340000000000146,4181.39,4139.05,8.444285714285797,-0.6796821106821064,0.5458330324962479,0.1111111111111111,0.06754841757202794,-0.05913978494623656,-8.479086711030401,5.109094652767487
2024-02-22,2,43.66000000000031,4096.09,4052.43,6.484999999999867,-0.9119137709137759,0.8174608185252605,0.16666666666666666,0.2420980302336255,-0.25894966381973467,0.5162790572118615,5.868185672912381
2024-02-23,0,48.08000000000038,4135.81,4087.73,9.327857142857122,0.90824453024453,0.6099588019244784,0.16666666666666666,0.7362728785357697,0.029104887424492038,-0.37147998173042523,5.7424464318722
2024-02-26,0,31.33999999999969,4054.14,4022.8,8.363571428571406,-0.37749549549549344,0.31813167146190685,0.19444444444444445,0.2977026164645826,0.40820965369701834,7.8508855051999635,3.726524844112347
2024-02-27,0,53.220000000000255,4008.38,3955.16,7.9821428571429225,-0.8473835263835287,0.6881555793522074,0.16666666666666666,0.3453588876362274,-0.4973918379871126,0.38218544936744775,6.733275931750704
2024-02-28,2,40.320000000000164,4030.75,3990.43,8.80785714285714,0.9088301158301157,0.6362252088164001,0.2222222222222222,0.6579861111111134,0.07750117426021606,0.4252025097041059,5.085889048508147
2024-02-29,1,23.779999999999745,4083.47,4059.69,7.913571428571361,-0.22287516087515824,0.28131058603903447,0.2222222222222222,0.2998317914213703,-0.2055166176803075,-0.24063946534577754,2.9758507843652993
2024-03-01,0,56.86000000000058,4178.77,4121.91,8.827142857142787,1.0388172458172427,0.7846357708551978,0.16666666666666666,0.7942314456559865,0.5335998477060727,0.657560859778762,6.963650192331586
2024-03-04,0,62.38999999999942,4241.49,4179.1,8.690714285714096,1.3785341055340998,0.780641141734714,0.1111111111111111,0.8042955601859249,0.49984165523065555,0.390716052297673,7.035411357498745
2024-03-05,2,40.39000000000033,4247.25,4206.86,7.704285714285821,0.43002445302444997,0.3584728919406058,0.2222222222222222,0.7541470661054664,0.2163969035890218,-7.077638212369703,4.550975741167611
2024-03-06,0,53.39000000000033,4342.21,4288.82,9.582142857142896,-0.3590952380952426,0.14337387870320312,0.16666666666666666,0.6488106386963872,-0.5454130534002738,-0.17614186446401128,5.720272019761618
2024-03-07,0,42.94999999999982,4304.33,4261.38,6.713571428571348,-0.6291402831402761,0.5290854037055371,0.16666666666666666,0.49313154831199957,-0.05345074749129634,-1.465556470849355,6.049887508559178
2024-03-08,0,36.19000000000051,4343.97,4307.78,7.900714285714263,0.6232960102960049,0.6104570941528282,0.19444444444444445,0.7068250898038012,-0.02044367116137451,-0.16534331897606747,4.3180023294793735
2024-03-11,0,42.64000000000033,4353.02,4310.38,10.422857142857213,0.6748056628056639,0.6572346421772024,0.19444444444444445,0.6559568480300197,-0.0932762030323006,0.21194958315138945,4.568260662539995
2024-03-12,1,38.57999999999993,4313.97,4275.39,9.485000000000257,-0.7788764478764506,0.7912001126434869,0.2222222222222222,0.2674961119751096,0.17547660311958405,0.5209734443061461,4.492711363526027
2024-03-13,7,40.89000000000033,4245.39,4204.5,8.00500000000011,0.09636293436293433,0.016536026084231,0.16666666666666666,0.2741501589630703,0.5430696945967111,-1.5721803522907298,4.974512591634243
2024-03-14,7,37.45000000000073,4239.85,4202.4,7.7421428571428805,0.522238095238099,0.5516835423334276,0.19444444444444445,0.7522029372496536,0.2320959880014998,0.6558367125452425,4.362844581694209
2024-03-15,1,47.61999999999989,4273.21,4225.59,8.20642857142866,-0.5424285714285751,0.5529848629040275,0.16666666666666666,0.10478790424191081,0.3848016954283984,1.0905233339497142,5.671579574214595
2024-03-18,0,39.63000000000011,4225.68,4186.05,7.443571428571366,0.7456537966537862,0.6939682714409962,0.2222222222222222,0.5818824123138892,0.37002128306476134,3.056687731192254,4.933073180369972
2024-03-19,1,33.539999999999964,4221.43,4187.89,8.112142857142967,0.08476705276705773,0.020070396296432622,0.1388888888888889,0.2564102564102404,-0.45132743362831856,0.5838575623983752,4.434029225914557
2024-03-20,3,74.8100000000004,4268.71,4193.9,7.815714285714226,-2.165409266409264,0.8915604906517497,0.16666666666666666,0.18419997326561396,-0.2144208744148989,0.2609037404901813,9.066592282480402
2024-03-21,1,58.600000000000364,4204.3,4145.7,9.08357142857137,-0.770943371943374,0.37631383028662757,0.1388888888888889,0.11638225255973679,-0.4856035437430786,-0.24030561561043248,7.462761239851815
2024-03-22,7,34.76999999999953,4193.87,4159.1,8.704999999999993,0.08876962676963693,0.01427927129621707,0.2222222222222222,0.2594190394017731,-0.4985408560311284,-0.7585239719242759,3.948047500715255
2024-03-25,0,49.659999999999854,4215.51,4165.85,9.009999999999893,-0.7269922779922744,0.4432158387363879,0.19444444444444445,0.31151832460731754,-0.03304031524704456,-0.1578203361049024,5.8568172564362575
2024-03-26,0,58.13000000000011,4270.27,4212.14,7.136428571428626,1.3030128700128658,0.8649351680314806,0.2222222222222222,0.9518321004644731,-0.35578093306288033,1.7724171371675101,7.124710002188658
2024-03-27,7,40.159999999999854,4254.87,4214.71,8.62214285714273,-0.24422007722008215,0.10970099453397994,0.19444444444444445,0.5236553784860514,-0.38758116883116883,-0.4051902579440129,5.129393995453637
2024-03-28,1,40.69000000000051,4166.31,4125.62,7.486428571428535,-0.5734157014157027,0.48219049165901434,0.16666666666666666,0.03072007864340094,-0.5408772828127667,1.4729895987204444,5.1306725642906015
2024-03-29,1,41.06999999999971,4165.09,4124.02,7.737857142856943,0.4754658944658962,0.37654967834746933,0.25,0.4183102020939738,-0.10566242210782986,-2.1585236532904046,4.588348735500214
2024-04-01,1,44.88000000000011,4233.13,4188.25,9.657142857142974,0.30929214929214777,0.10388825078688231,0.16666666666666666,0.14371657754010256,0.04484126984126984,9.049670910892633,5.062231860510376
2024-04-02,1,38.36000000000058,4259.59,4221.23,8.401428571428628,0.5442870012870087,0.5866205394294897,0.19444444444444445,0.6785714285714354,0.8712027278363298,-0.061257448067650086,4.672938037183546
2024-04-03,0,42.23999999999978,4240.61,4198.37,8.17142857142848,0.6555057915057902,0.7010297549391575,0.25,0.8115530303030285,-0.5194771241830065,0.9298994074881024,5.21870097270164
2024-04-04,0,52.61000000000058,4228.26,4175.65,8.70999999999997,-0.8443732303732309,0.5732163001670444,0.1111111111111111,0.45523664702528915,0.22741336633663367,-3.2872279032270457,6.159062137785141
2024-04-05,0,48.43000000000029,4215.06,4166.63,7.207857142857263,-0.6170167310167225,0.40195346948310556,0.1388888888888889,0.09684080115629923,0.5041385948026949,-3.7126274698509496,6.216058185966977
2024-04-08,0,50.98999999999978,4309.03,4258.04,6.528571428571338,0.5696924066924067,0.20039898168923004,0.1111111111111111,0.8986075701117847,-0.17143324072560875,-2.1463792572299543,7.08215912629633
2024-04-09,7,31.729999999999563,4329.78,4298.05,8.54142857142863,-0.4987979407979374,0.5308791407123856,0.2222222222222222,0.49669082886859234,0.5944329141740935,2.178163956319833,3.5392177475217728
2024-04-10,0,38.73000000000047,4317.46,4278.73,9.143571428571638,-0.3010025740025659,0.26474365477763445,0.16666666666666666,0.12367673638008816,0.725928597187162,1.108429234521028,4.456765543946819
2024-04-11,0,50.590000000000146,4341.03,4290.44,7.7085714285714335,1.0500952380952349,0.822374507188492,0.16666666666666666,0.7758450286617886,-0.63127757439219,1.998474006687156,6.240145667422069
2024-04-12,0,58.76000000000022,4378.34,4319.58,10.260714285714455,1.4543912483912445,0.8636611054648717,0.1388888888888889,0.8800204220558177,-0.01821043165467626,0.5701454926475779,6.033739181458083
2024-04-15,1,41.68000000000029,4449.76,4408.08,9.527857142857036,0.114676962676967,0.018583203856395527,0.19444444444444445,0.6777831094049857,-0.2431922668867146,0.433308741392773,4.433705645467731
2024-04-16,1,62.23999999999978,4380.26,4318.02,7.0107142857142595,-1.5813732303732262,0.8456966338815177,0.1388888888888889,0.03293701799484704,0.36135243014792207,8.816018570347905,7.762634186418279
2024-04-17,3,42.06999999999971,4347.53,4305.46,10.075000000000077,0.2660669240669155,0.10638498880964387,0.16666666666666666,0.17565961492751078,-0.03041705863907181,0.3683029797007338,4.862903392267762
2024-04-18,0,33.60999999999967,4240.04,4206.43,9.132142857143078,0.10530373230372762,0.023390278877880397,0.19444444444444445,0.7676286819398846,0.015961341338409724,0.4041760809758442,3.812604518108157
2024-04-19,6,37.17000000000007,4227.83,4190.66,8.260000000000023,0.19517117117117344,0.09347815202938725,0.1388888888888889,0.4479418886198685,-0.1711917690768791,7.509413556768451,4.480251782302058
2024-04-22,1,55.35999999999967,4257.07,4201.71,9.146428571428325,-1.24309781209781,0.7867987177287523,0.19444444444444445,0.3531430635838204,0.410420298276196,1.0951347777302418,6.4942799751414935
2024-04-23,6,55.82999999999993,4241.62,4185.79,10.69071428571455,0.8842548262548295,0.6273045748393083,0.1388888888888889,0.9485939459072202,-0.16638225255972697,1.8181204954934864,6.154905516340692
2024-04-24,0,45.400000000000546,4314.35,4268.95,9.470714285714491,0.5236023166023185,0.2798450181545275,0.2222222222222222,0.7535242290748816,-0.5518394648829431,-1.736521238670637,5.36660646856017
2024-04-25,0,61.67999999999938,4393.19,4331.51,8.134999999999959,-1.0651158301158328,0.5035421037520277,0.1111111111111111,0.28728923476004414,0.319516083653756,-1.0482174336645795,7.15629251583228
2024-04-26,0,60.60999999999967,4401.2,4340.59,9.726428571428512,1.188505791505796,0.613192907460635,0.1388888888888889,0.7553209041412307,0.6422465101179526,-0.11136359144733696,6.636924380519952
2024-04-29,0,74.30000000000018,4519.89,4445.59,10.043571428571406,-0.4861994851994848,0.11219065259862715,0.1111111111111111,0.42624495289367426,-0.7793959007551241,-0.2970417318999018,7.901453385324396
2024-04-30,7,64.24000000000069,4492.85,4428.61,7.698571428571411,-1.2439034749034752,0.7425678343540805,0.19444444444444445,0.22820672478207668,0.11283599252551386,0.28617787612881046,7.4394562574965075
2024-05-01,0,41.72999999999956,4526.16,4484.43,10.725714285714275,-0.47453796653797015,0.3748267448334542,0.19444444444444445,0.5324706446201672,0.34758319164440127,0.5521088616071043,4.39795909832291
2024-05-02,7,44.47999999999956,4522.33,4477.85,9.109999999999868,0.6256048906048927,0.4769426784745456,0.16666666666666666,0.4375000000000051,0.07748062984253937,-0.47899942805392953,4.888604917407132
2024-05-03,1,39.07000000000062,4530.43,4491.36,10.020714285714348,0.08918918918918872,0.014073045853738213,0.19444444444444445,0.07371384694138888,0.10470871938063206,-1.6754863388689778,4.15502358017794
2024-05-06,2,28.079999999999927,4646.91,4618.83,7.443571428571561,0.11923552123552113,0.05369682894465139,0.19444444444444445,0.9326923076923282,-0.11733983286908078,1.0633712868261143,3.622456057724528
2024-05-07,0,42.97999999999956,4697.48,4654.5,8.762857142857229,-0.4206525096525076,0.16191042393838218,0.1388888888888889,0.7999069334574327,-0.4763749031758327,-0.6378764703734817,4.675722287576691
2024-05-08,1,58.07999999999993,4653.54,4595.46,6.763571428571465,-1.2636782496782464,0.8289430176624533,0.2222222222222222,0.10313360881542337,-0.2137237198503805,0.41872841314978787,7.6895021790011295
2024-05-09,0,42.98000000000047,4606.55,4563.57,8.328571428571454,-0.27807979407979105,0.14168947607806676,0.16666666666666666,0.5407166123778603,-0.713929219600726,-0.36402451379952594,4.713170468490313
2024-05-10,0,41.289999999999964,4569.83,4528.54,9.646428571428585,-0.445328185328188,0.261862547648108,0.1388888888888889,0.3463308307096196,0.2503179105937592,-6.726449986765141,4.455402428293391
2024-05-13,1,38.70000000000073,4659.85,4621.15,7.947142857142808,0.3132046332046377,0.24190551601440166,0.25,0.6930232558139564,0.0393598615916955,-0.7300206717760701,4.452967686259565
2024-05-14,0,56.30999999999949,4603.4,4547.09,9.490000000000041,0.3145649935649959,0.0884933961920392,0.1388888888888889,0.7753507369916578,0.8466208659530277,-0.1678825966432923,5.685349231342416
2024-05-15,7,33.23999999999978,4588.03,4554.79,8.733571428571395,-0.3392676962676971,0.3769690723122534,0.19444444444444445,0.2879061371841087,0.781339973542915,0.6995484069745846,3.6480225767255496
2024-05-16,0,39.98999999999978,4580.12,4540.13,10.740714285714278,0.3881904761904765,0.2527602030382234,0.19444444444444445,0.6171542885721537,0.23059062545349007,0.3075815671511022,3.900421490194255
2024-05-17,0,54.5,4696.71,4642.21,9.047857142857017,0.4996460746460689,0.1958321040873157,0.1388888888888889,0.5884403669724717,0.38087520259319285,-1.1286560664468648,5.7283954736750635
2024-05-20,6,46.0,4781.42,4735.42,10.066428571428462,0.06763191763191916,0.004656836409876986,0.16666666666666666,0.7478260869565139,-0.05437536542584292,-1.534778699749027,4.769222224279399
2024-05-21,7,42.039999999999964,4830.64,4788.6,10.685714285714246,-0.4796460746460775,0.4146687051157533,0.25,0.06374881065650295,-0.31714389271475174,1.6133742912110438,4.161803932352526
2024-05-22,1,54.44999999999982,4751.47,4697.02,9.587142857142876,-1.068893178893186,0.8435292411324276,0.1388888888888889,0.16639118457299396,0.11824900511654349,1.876157670959483,5.446685878962523
2024-05-23,0,41.73000000000047,4712.17,4670.44,10.62714285714284,0.0641081081081198,0.009219984548293425,0.1111111111111111,0.5427749820273254,-0.639424051916447,0.9650390173832609,4.126648890144696
2024-05-24,0,61.86999999999989,4696.87,4635.0,9.744285714285654,1.3995225225225254,0.7798085704492502,0.2222222222222222,0.8117019557135986,0.01923657971598348,6.817220321881426,6.77491178975547
2024-05-27,1,56.289999999999964,4741.08,4684.79,7.8407142857142516,-1.2485199485199467,0.7860353559193479,0.1388888888888889,0.19292947237519417,0.1795144426723374,5.171126215677798,6.4361493123772435
2024-05-28,0,76.61000000000058,4722.8,4646.19,8.416428571428566,-1.4908275418275403,0.6367889252144775,0.1388888888888889,0.1723012661532519,0.10758219637664952,-4.99606197785689,8.537650718962412
2024-05-29,2,66.85999999999967,4802.87,4736.01,10.651428571428434,1.571205920205917,0.8283194210678854,0.1388888888888889,0.8459467544122011,0.5575593101637049,0.13241145108998448,6.453717393802486
2024-05-30,0,44.659999999999854,4926.63,4881.97,11.014999999999938,0.08660617760618257,0.016862419439283217,0.1111111111111111,0.7514554411106046,0.2595243106714376,-0.04315631543447287,4.37971782094414
2024-05-31,1,69.39999999999964,4903.95,4834.55,12.41357142857149,-1.5166370656370662,0.8352825957156231,0.2222222222222222,0.24769452449567275,-0.4659222585062678,0.2249712891598326,6.769028312658381
2024-06-03,1,56.899999999999636,4939.65,4882.75,10.230714285714319,0.8334916344916332,0.4734422710653866,0.19444444444444445,0.517223198594033,0.1400906468891636,-0.5795204849987758,5.889240967739935
2024-06-04,0,44.099999999999454,4856.94,4812.84,9.303571428571558,0.5866859716859676,0.5290380772137442,0.16666666666666666,0.567573696145126,-0.3435686201085939,0.5336636667232225,4.853296649307201
2024-06-05,0,55.63000000000011,4910.63,4855.0,10.043571428571274,-1.2105045045045002,0.7095657625722457,0.16666666666666666,0.3196117202947998,-0.34753768844221106,0.1461708591541497,5.916748792382692
2024-06-06,0,41.94000000000051,4929.81,4887.87,8.192142857142764,-0.17271814671814797,0.05579925819768061,0.19444444444444445,0.5472103004291735,-0.4319564521293628,-1.2236004626963455,5.097673969926921
2024-06-07,0,45.89000000000033,4946.05,4900.16,9.90999999999992,-0.8728597168597209,0.4984782545298451,0.2222222222222222,0.5046851165831268,0.3525641025641026,-0.689091689165148,4.60331228243375
2024-06-10,0,35.9399999999996,4988.9,4952.96,8.368571428571547,0.31042985842986603,0.22473771140900467,0.19444444444444445,0.6165831942125793,0.4532259893411951,-0.6493857599336683,3.9408151943347316
2024-06-11,0,36.94999999999982,4981.88,4944.93,12.087857142857242,-0.1004530244530306,0.021245269571093094,0.16666666666666666,0.7707713125845658,0.5302635389516362,-0.9409953976133628,3.489990742232998
2024-06-12,0,60.80000000000018,5002.21,4941.41,9.62000000000002,1.3277181467181423,0.7263935944556783,0.16666666666666666,0.7812499999999977,-0.390656149778972,-10.0,6.3154380259309715
2024-06-13,1,51.25,5054.31,5003.06,10.95071428571438,-0.7895405405405449,0.5327780094869992,0.19444444444444445,0.439609756097556,-0.12081753749793968,-0.16144778911652014,4.844781309610195
2024-06-14,1,34.17999999999938,5071.86,5037.68,11.305714285714137,0.14405791505791518,0.05537995147445233,0.19444444444444445,0.5111176126389603,0.3243486073674753,-1.8235892959228575,3.2327032458916864
2024-06-17,0,61.36000000000058,4937.05,4875.69,9.572142857142873,-0.8106666666666672,0.34654283174629147,0.08333333333333333,0.25228161668840166,0.017497812773403325,-0.9851261240752367,6.075378809458847
2024-06-18,7,45.159999999999854,4960.9,4915.74,11.477857142857049,-0.14247490347490474,0.027679462562017976,0.19444444444444445,0.1293179805137326,-0.6698630136986301,-1.0981135859562452,4.249464164357767
2024-06-19,3,39.30999999999949,4914.91,4875.6,9.617857142857181,0.3649729729729678,0.30661831294602937,0.19444444444444445,0.8812007122869465,0.3778852495053858,-10.0,4.4274547136669655
2024-06-20,0,44.79999999999927,4927.15,4882.35,9.77714285714293,0.5534954954954885,0.6255938411962658,0.19444444444444445,0.799553571428578,-0.37138429752066116,0.5659962337902564,4.801684264250753
2024-06-21,3,42.75,4979.69,4936.94,11.047142857142846,0.021005148005150586,0.0007234971387641649,0.1388888888888889,0.41099415204679807,0.15226595577857927,-0.8977530996645489,3.8872400884037535
2024-06-24,6,31.909999999999854,5136.59,5104.68,10.127857142857335,-0.10305276705277049,0.03531927350869018,0.16666666666666666,0.6123472265747432,-0.47133560582584444,-1.1714371102854413,3.3792028239446394
2024-06-25,1,70.63000000000011,5227.84,5157.21,10.200000000000014,1.6445328185328225,0.8872937229526618,0.1388888888888889,0.8261362027467121,0.2859986728599867,0.36087920242045496,6.779459852707917
2024-06-26,0,61.98000000000047,5204.06,5142.08,11.747857142857226,0.44875804375804734,0.15215733026382708,0.16666666666666666,0.4190061310100041,0.12137898012927939,-0.5289333096635145,5.417136911471454
2024-06-27,0,64.11000000000058,5194.51,5130.4,9.134285714285786,-0.7335585585585582,0.27277852921172235,0.08333333333333333,0.5953829355794685,-0.0713950945164818,-0.7233705578730428,6.401042822276517
2024-06-28,0,44.17000000000007,5193.33,5149.16,9.137142857142862,-0.6359768339768364,0.5895503518895495,0.2222222222222222,0.20692777903555157,-0.23258758970029547,0.888691481318997,4.261897377580178
2024-07-01,0,35.659999999999854,5196.01,5160.35,9.43785714285728,-0.3191673101673121,0.24510454340879456,0.19444444444444445,0.22153673583846517,0.7021075065119583,-2.05207951127613,3.5911236148131356
2024-07-02,6,58.4399999999996,5260.74,5202.3,12.322857142857108,0.45703989703989983,0.21575028681086322,0.16666666666666666,0.8824435318275164,-0.29216229428059315,3.4324267538174813,5.136623724509759
2024-07-03,6,36.600000000000364,5304.76,5268.16,10.022857142857058,0.5139227799227798,0.5051947320843867,0.19444444444444445,0.7409836065573667,0.1608477275511454,0.6639767243305971,3.612492851939227
2024-07-04,7,39.29999999999927,5260.98,5221.68,9.81857142857156,-0.37592535392535037,0.3463256960368592,0.2222222222222222,0.2931297709923598,0.40005984440454817,0.030548159450301225,3.906830325707181
2024-07-05,0,44.75,5208.46,5163.71,11.436428571428612,-0.3963564993564977,0.21086665955464418,0.16666666666666666,0.33184357541900256,-0.24913960796049678,-0.29991366747498516,4.1630749977388675
2024-07-08,7,42.11000000000058,5098.76,5056.65,11.046428571428285,0.017350064350063817,0.0005567652880306424,0.19444444444444445,0.38803134647351983,0.2725694444444444,-0.2625911535900614,4.199152391467011
2024-07-09,6,70.42000000000007,5128.34,5057.92,10.512142857142862,1.5946241956241851,0.7795667839752023,0.1111111111111111,0.8418063050269765,0.4388351207603104,0.0728414871972791,7.024758677610685
2024-07-10,3,66.52999999999975,5152.45,5085.92,10.19285714285713,-1.3156151866151884,0.7894678025560008,0.1111111111111111,0.28934315346460354,0.08714083843617522,0.6463727256795434,6.754858984689722
2024-07-11,0,49.29999999999927,5125.73,5076.43,9.814285714285623,-0.013389961389965835,0.0003134986109554566,0.2222222222222222,0.27910750507098403,0.2813852813852814,-0.061550053009412575,4.695353438387517
2024-07-12,0,57.590000000000146,5083.06,5025.47,11.82071428571427,-0.04570656370656726,0.001719768716652908,0.2222222222222222,0.5598194130925456,0.14368755676657585,-0.10513883364229162,5.202572485588928
2024-07-15,0,51.61999999999989,4975.3,4923.68,8.644285714285745,0.6421969111969087,0.24051675920826399,0.16666666666666666,0.604029445951171,0.4166506441069025,-0.2777745186148124,5.527999643032416
2024-07-16,0,60.539999999999964,5047.29,4986.75,10.3342857142858,1.293353925353936,0.7873130873976422,0.2222222222222222,0.7401717872481075,0.009979494190020506,0.1335599577944625,5.628075301304774
2024-07-17,1,44.38000000000011,5015.27,4970.89,11.104285714285718,-0.7168288288288245,0.4828978643429178,0.16666666666666666,0.3519603424966168,0.014673188083592708,-10.0,4.897628864399266
2024-07-18,2,60.6899999999996,5024.79,4964.1,9.42928571428573,1.3972239382239329,0.7357172108083047,0.16666666666666666,0.7042346350304838,0.36243062741040355,-0.21424396780056024,7.029196627393101
2024-07-19,0,62.01999999999953,5124.49,5062.47,9.165714285714264,1.2288597168597215,0.7799841551466906,0.19444444444444445,0.7961947758787566,0.7450565850018654,0.06187126527519184,6.427511273510864
2024-07-22,0,65.64000000000033,5146.35,5080.71,11.479285714285718,1.5485855855855837,0.8115649592025093,0.16666666666666666,0.9166666666666632,-0.33571660708482287,5.880894685932438,6.152822956362661
2024-07-23,1,80.85000000000036,5143.39,5062.54,9.088571428571543,-1.8155160875160896,0.912240721209752,0.1388888888888889,0.05306122448979523,-0.21359407632428326,1.2540830932763558,9.260642202460382
2024-07-24,1,43.75,5147.48,5103.73,10.763571428571465,0.3796821106821092,0.3266980001603912,0.25,0.9526857142857209,0.7766848816029144,0.7790375208901484,3.9453625439268296
2024-07-25,7,74.75,5134.53,5059.78,11.254285714285809,-1.2621158301158337,0.6060814931863834,0.1111111111111111,0.09632107023411128,0.18405155054369715,-10.0,6.36584067656273
2024-07-26,0,46.56999999999971,5147.74,5101.17,11.229285714285652,-0.9215701415701404,0.6602567408798071,0.25,0.5177152673394851,0.43765732505453936,3.916290359038607,4.038868765433178
2024-07-29,0,61.339999999999236,5353.98,5292.64,11.32357142857141,0.9233230373230342,0.6068241796513362,0.2222222222222222,0.8200195630909667,0.10289153089681491,1.9025787573354491,5.465148263511903
2024-07-30,6,31.550000000000182,5330.47,5298.92,8.79357142857147,0.12868725868725736,0.05238484708851313,0.19444444444444445,0.17559429477020386,-0.28061569688768606,-0.7266009309538207,2.972042480178529
2024-07-31,1,37.460000000000036,5327.51,5290.05,11.959999999999841,0.025604890604891753,0.0013753646862726633,0.2222222222222222,0.3483715963694653,-0.5673431734317343,1.9727065735794302,3.621955220129697
2024-08-01,0,44.55000000000018,5290.71,5246.16,9.240714285714343,0.07832175032175191,0.009166117009416422,0.1111111111111111,0.7683501683501758,0.2281170653481224,0.8763032919293643,4.3080229088920765
2024-08-02,0,59.649999999999636,5311.73,5252.08,10.663571428571426,-0.7019202059201987,0.35053250002556,0.19444444444444445,0.4752724224643845,-0.21957501609787508,-0.7039529072953996,5.704538037084498
2024-08-05,0,85.26999999999953,5394.86,5309.59,9.225714285714405,1.7482110682110668,0.893834134576582,0.1111111111111111,0.9520347132637591,-0.2476780185758514,0.44206257878878924,8.118697187289152
2024-08-06,0,48.56999999999971,5439.61,5391.04,9.477857142857179,0.977131274131269,0.7661131266381528,0.2222222222222222,0.9024088943792503,0.5750862159055282,0.45964170129252524,4.955450244642034
2024-08-07,7,52.149999999999636,5431.7,5379.55,10.604285714285522,-0.17922908622908829,0.036424496754933706,0.1111111111111111,0.38600191754554647,-0.7229993120843843,4.626934231394989,4.4613580156805295
2024-08-08,0,49.460000000000036,5390.16,5340.7,10.007142857142883,-0.8434285714285763,0.6061869201939667,0.1388888888888889,0.2939749292357451,-0.25065398335315103,-0.4315050965348343,4.95296756747095
2024-08-09,0,49.13000000000011,5377.26,5328.13,12.117857142857117,0.2896332046332019,0.06850596385011823,0.1388888888888889,0.6077752900468065,0.3297817846532118,-0.4527327185917035,4.242259978378835
2024-08-12,0,46.090000000000146,5325.59,5279.5,9.372857142856967,0.4400450450450374,0.33311840420225103,0.19444444444444445,0.782816229116941,-0.10348308934881373,-1.8820430133510702,4.489797653953307
2024-08-13,3,59.30000000000018,5339.28,5279.98,9.646428571428649,-0.24182110682110106,0.06898824709318535,0.1111111111111111,0.179763912310299,0.9219452390682469,10.0,5.620166044548088
2024-08-14,0,66.28000000000065,5305.22,5238.94,10.485714285714234,0.8394761904762015,0.3344908091000373,0.14285714285714285,0.522933011466512,0.2659428047102003,-0.5254667046009033,6.442559471855082
2024-08-15,0,41.600000000000364,5368.05,5326.45,11.800000000000182,-0.2794761904761818,0.13395322009876057,0.19444444444444445,0.25000000000001094,-0.22951535438800758,-0.041032667705263676,4.0281035844173925
2024-08-16,0,86.75,5461.26,5374.51,12.087857142857176,2.3532921492921526,0.8915577280611128,0.08333333333333333,0.811412103746391,-0.014566702329026418,0.25500526695852155,7.809577905549846
2024-08-19,0,58.31999999999971,5514.75,5456.43,9.797857142857149,0.48186229086229104,0.1559849504255297,0.16666666666666666,0.6551783264746267,-0.1288544006534613,-1.3949326244687337,5.514303885096134
2024-08-20,1,59.340000000000146,5496.55,5437.21,9.00571428571428,-1.0029691119691164,0.7733550645401691,0.19444444444444445,0.13178294573642887,0.5684547638110489,1.3514734494774416,5.8449457570078005
2024-08-21,7,38.25,5488.03,5449.78,9.898571428571488,-0.2117619047619081,0.07719254470047511,0.1388888888888889,0.6692810457516435,-0.015356820234869015,-3.013792486486637,3.3616464011132385
2024-08-22,2,61.4399999999996,5460.45,5399.01,12.58642857142851,-1.0721981981982036,0.5718152761229729,0.19444444444444445,0.4101562499999997,-0.3549057443966157,-0.2778398517096338,5.371439871359209
2024-08-23,0,65.35000000000036,5488.42,5423.07,10.821428571428571,1.369572715572719,0.6651618462352137,0.1388888888888889,0.6342769701606809,0.04937570942111237,-8.686316068582553,5.964772484434465
2024-08-26,2,39.090000000000146,5577.56,5538.47,9.839285714285845,0.5617850707850792,0.510156014754109,0.19444444444444445,0.8928114607316323,-0.13341568869672638,2.1823833285154657,3.723314466062553
2024-08-27,1,52.14000000000033,5605.26,5553.12,10.617142857142685,-1.0020579150579154,0.6594679887080821,0.16666666666666666,0.13348676639815865,-0.34908923218814847,0.4207391863208439,4.357449856733584
2024-08-28,1,51.100000000000364,5575.58,5524.48,9.519999999999982,-0.8520000000000056,0.6285508577093324,0.16666666666666666,0.3499021526418783,0.04228993536472761,2.5497075271758667,4.733942728160086
2024-08-29,6,44.07999999999993,5646.64,5602.56,11.66571428571433,-0.6115984555984548,0.4821807417212219,0.1111111111111111,0.1842105263157873,-0.06294864715626726,2.9716180734230053,3.602685434437098
2024-08-30,7,79.56999999999971,5683.04,5603.47,13.264999999999938,-1.3314131274131258,0.7618815918670705,0.2222222222222222,0.07829584014075136,-0.6673585884795018,0.48037383900698905,6.855859228753297
2024-09-02,7,51.039999999999964,5476.13,5425.09,11.360714285714428,-0.5655019305019326,0.4354404628686432,0.19444444444444445,0.2501959247648812,0.058950784207679824,1.2922152477086237,4.658604165987527
2024-09-03,7,95.53999999999996,5539.58,5444.04,10.779285714285638,-1.1680064350064365,0.30338854731571907,0.19444444444444445,0.030353778522081196,-0.35750156936597616,-2.6896696184353517,8.650720591564175
2024-09-04,0,46.47999999999956,5542.99,5496.51,11.167142857142933,0.4990501930501935,0.31206401522427657,0.19444444444444445,0.6688898450946738,-0.06225752817291705,-0.2987368434132841,3.8690599668355365
2024-09-05,6,59.17000000000007,5553.27,5494.1,13.21999999999993,0.7785315315315303,0.40781640712456124,0.1388888888888889,0.6603008281223536,-0.07175177763413057,0.8339558052845731,4.740545275061795
2024-09-06,0,49.76999999999953,5611.53,5561.76,12.665714285714264,0.2649356499356528,0.07631979463931003,0.25,0.6738999397227302,0.5196657542140902,-0.6314711179237285,3.9548326879658595
2024-09-09,7,39.76000000000022,5681.09,5641.33,12.48928571428574,0.04168597168596906,0.006110655268867139,0.19444444444444445,0.5686619718309746,0.6838752933288635,-0.8666995351597192,3.4589668171838217
2024-09-10,3,64.94999999999982,5709.94,5644.99,10.569999999999839,-0.7331274131274145,0.25817299911580605,0.1388888888888889,0.4862201693610472,0.7421210932391787,-0.756270349522769,5.7071923092346335
2024-09-11,1,56.340000000000146,5690.68,5634.34,9.221428571428662,-0.6481338481338529,0.2329104065875368,0.1388888888888889,0.13507277245295798,0.0024544896706893025,-0.6432360742937573,4.612788935295055
2024-09-12,1,58.32999999999993,5589.05,5530.72,8.392857142857208,-0.9439935649935656,0.8052851337043766,0.1388888888888889,0.17229555974627456,-0.09899175068744272,1.6990499677622977,5.84989971027411
2024-09-13,6,43.94000000000051,5564.8,5520.86,8.812857142857151,-0.16797683397683602,0.03672161109481227,0.1111111111111111,0.6893491124260267,0.2931058399223193,-8.004308568446076,3.9486206601432365
2024-09-16,7,46.49000000000069,5581.27,5534.78,12.052857142857127,0.4604607464607466,0.2575291007751575,0.16666666666666666,0.3519036351903708,-0.2352,-3.539953236960908,4.035833564426908
2024-09-17,1,57.150000000000546,5602.68,5545.53,9.691428571428787,0.10744272844272773,0.017255903511768846,0.16666666666666666,0.16062992125984607,0.5843243243243244,2.034091057935355,5.433124335091359
2024-09-18,1,87.0,5639.12,5552.12,10.70928571428567,-2.1448712998713058,0.7906235173209278,0.1388888888888889,0.09471264367815842,0.11603188662533215,0.11043100523030495,8.3998229922359
2024-09-19,0,58.26000000000022,5571.43,5513.17,9.01071428571426,0.9183153153153184,0.5857784378157672,0.19444444444444445,0.634569172674221,-0.27789473684210525,-2.282702623057487,5.560981707097717
2024-09-20,0,67.10999999999967,5542.21,5475.1,11.78857142857136,-0.159454311454313,0.014963626380923405,0.1388888888888889,0.6845477574131996,-0.07583046964490263,-0.24934962328803284,5.840751242457984
2024-09-23,1,69.89000000000033,5621.47,5551.58,8.890000000000198,-1.4604092664092614,0.8990220799157038,0.1111111111111111,0.011446558878239779,0.054771505376344086,0.4525457533328739,6.604051910652435
2024-09-24,1,51.909999999999854,5536.73,5484.82,14.286428571428457,-0.3989639639639691,0.20062206672416583,0.16666666666666666,0.131188595646319,0.3311970702677958,-0.21327072213890144,4.488050228153859
2024-09-25,0,78.73000000000047,5587.38,5508.65,13.792857142857233,1.7520566280566254,0.7814865964831023,0.1388888888888889,0.9889495744951113,-0.1870967741935484,4.111206982200961,6.2579123007336745
2024-09-26,2,80.90999999999985,5686.18,5605.27,12.24428571428572,1.865876447876448,0.769902327048375,0.19444444444444445,0.8970461006056119,-0.6548069644208933,-10.0,6.3907448647445655
2024-09-27,1,51.470000000000255,5748.89,5697.42,12.378571428571377,0.7190193050192999,0.40754534603839654,0.16666666666666666,0.7268311637847226,-0.6805157593123209,10.0,4.4742086317906775
2024-09-30,1,34.42000000000007,5711.1,5676.68,12.876428571428603,-0.25876705276705747,0.13514907055610045,0.19444444444444445,0.3062173155142342,0.2204368324834023,1.2620948168986885,2.923629965569026
2024-10-01,0,78.76000000000022,5716.58,5637.82,11.472142857142769,1.7787361647361615,0.7353551964352779,0.16666666666666666,0.7938039614017302,0.21876460143911783,0.593028962063081,7.002012668699974
2024-10-02,1,74.30999999999949,5675.19,5600.88,12.243571428571418,-1.0436833976833964,0.43028394294358885,0.1388888888888889,0.3824518907280348,-0.60503860219423,-0.16069820595910217,6.545168573885174
2024-10-03,7,42.659999999999854,5607.07,5564.41,10.237142857142901,-0.08462162162161556,0.017439359831708114,0.19444444444444445,0.472339428035645,-0.19217951566318595,0.19531171379277124,4.404560120456008
2024-10-04,1,62.850000000000364,5628.31,5565.46,10.587142857142876,-0.3768236808236821,0.09374156041359893,0.16666666666666666,0.005568814638032805,0.2546663806050204,1.2073675100898142,5.487609032716337
2024-10-07,0,86.98999999999978,5602.78,5515.79,11.022142857142756,-2.207329472329468,0.898799654175201,0.2222222222222222,0.1318542361190974,0.17458043389275482,3.9638341540740973,8.039800192179289
2024-10-08,0,43.63000000000011,5558.53,5514.9,12.004999999999914,0.15622265122264775,0.037240273284221935,0.16666666666666666,0.9438459775383953,-0.8172231985940246,-1.940444772915664,3.6104859074684246
2024-10-09,0,72.03999999999996,5538.74,5466.7,10.610714285714298,1.4854813384813341,0.7798926888859417,0.1388888888888889,0.8076068850638579,-0.02083928061661433,3.4210574982698114,6.827190556149926
2024-10-10,2,48.659999999999854,5586.01,5537.35,10.648571428571424,0.34086743886744286,0.11560969308553055,0.1111111111111111,0.1426222770242421,-0.4727350794332332,-1.7790993830836987,4.370471750566668
2024-10-11,0,40.10999999999967,5596.58,5556.47,12.096428571428403,-0.45711454311454497,0.26072215347611405,0.16666666666666666,0.8962852156569462,-0.35420861860652436,-0.9135965819285584,3.6420935050896346
2024-10-14,1,93.71000000000004,5620.88,5527.17,12.804285714285795,-2.2282059202059203,0.8579206703559832,0.19444444444444445,0.018247785721908397,0.41450777202072536,1.6749243870776898,7.405663321066289
2024-10-15,0,96.59999999999945,5583.69,5487.09,10.087142857142876,2.102411840411834,0.8612085152209679,0.1388888888888889,0.9957556935817821,-0.5093050647820966,3.8797578577620353,9.134237631564083
2024-10-16,3,53.470000000000255,5552.79,5499.32,9.806428571428699,-0.5180025740025772,0.18944158943052633,0.19444444444444445,0.4611931924443564,-0.48635346756152126,-1.6169918367435183,5.285627986160685
2024-10-17,1,40.289999999999964,5533.12,5492.83,11.525714285714132,-0.06379794079793939,0.005667130853557749,0.19444444444444445,0.2141970712335596,-0.09234661606578115,-0.11782353895089956,3.7033343607120806
2024-10-18,-1,38.23000000000047,5485.13,5446.9,11.797142857142846,0.5071016731016715,0.4290037712444604,0.2222222222222222,0.675647397331928,-0.5038144644491913,-1.2461414962570099,3.595190470504033
2024-10-21,6,46.340000000000146,5409.17,5362.83,10.46714285714266,-0.052454311454312466,0.0035265831555992837,0.19444444444444445,0.6722054380664553,0.29910861670518324,10.0,4.368002513596672
2024-10-22,0,41.539999999999964,5403.07,5361.53,9.43214285714287,-0.2339639639639706,0.12337478605130005,0.16666666666666666,0.07968223399134336,-0.6298581122763726,0.07218746030611967,3.978866708223697
2024-10-23,1,59.67000000000007,5412.71,5353.04,11.496428571428494,-0.6023011583011576,0.2465628813232963,0.1111111111111111,0.1163063516004624,-0.44007236544549977,1.5908674929770958,5.172507025974606
2024-10-24,0,57.460000000000036,5444.8,5387.34,13.529285714285638,0.2786550836550856,0.08277503393849721,0.16666666666666666,0.8358858336233852,0.3302186507194917,-0.7031525591941585,4.970306715614853
2024-10-25,0,60.44000000000051,5527.06,5466.62,10.215000000000016,0.3047747747747744,0.08719521927252585,0.1388888888888889,0.7624090006618057,0.5877611940298507,-0.12821848768941224,6.180962275176964
2024-10-28,-1,47.35999999999967,5480.9,5433.54,12.08428571428567,-0.8153346203346212,0.48848316000852016,0.2222222222222222,0.4649493243243368,-0.1105227195080287,1.0585799391612838,4.184537709056446
2024-10-29,3,78.93000000000029,5538.01,5459.08,13.08714285714307,0.0026332046332131825,3.258064639375895e-06,0.1388888888888889,0.34866337260864483,-0.5791962174940898,-1.9192013127110736,6.35460548805616
2024-10-30,1,61.51999999999953,5509.98,5448.46,12.2507142857143,0.4395727155727167,0.09929030605081654,0.19444444444444445,0.3675227568270456,0.26248125133919004,-0.4943701508977377,5.348245688175591
2024-10-31,0,36.51000000000022,5456.96,5420.45,12.827142857142851,0.5987014157014162,0.4944317789833383,0.2222222222222222,0.6192823883867556,0.22333542058025466,0.03240386505020886,3.298061602157987
2024-11-01,0,53.159999999999854,5514.22,5461.06,13.399999999999896,0.9125945945945952,0.7036609582317441,0.19444444444444445,0.7661775771256523,-0.4278110445775116,0.7150109626385657,4.355839810631499
2024-11-04,0,50.68000000000029,5469.33,5418.65,9.772142857142821,0.7348108108108032,0.4973254103507513,0.08333333333333333,0.8512233622730876,0.39403778040141674,0.7381400367634041,4.733201148892852
2024-11-05,1,52.73000000000047,5481.17,5428.44,11.392142857142712,-0.9372844272844243,0.8046260195256314,0.19444444444444445,0.10790821164423399,-0.4598436389481166,2.726535270032616,4.749066749106152
2024-11-06,1,60.900000000000546,5366.18,5305.28,9.390714285714369,-0.7326692406692406,0.45387971473413685,0.16666666666666666,0.1367816091953999,0.043284248103525214,1.9247133555981317,6.337632947696494
2024-11-07,6,35.4399999999996,5398.4,5362.96,10.132142857142949,0.3752728442728438,0.3078835361569344,0.2222222222222222,0.7347629796839802,0.23627287853577372,-6.123423467222293,3.431759669845719
2024-11-08,0,57.81999999999971,5408.58,5350.76,10.683571428571408,1.0750167310167325,0.5754230436754308,0.19444444444444445,0.8391560013836004,-0.3761336086917482,7.188861876587881,5.029448769703095
2024-11-11,0,49.07000000000062,5391.55,5342.48,10.497857142857356,0.5105984555984545,0.1889850742623992,0.1388888888888889,0.4204198084369238,-0.18164297759576006,-1.9016728242412193,4.84345843810961
2024-11-12,0,49.61999999999989,5373.9,5324.28,9.134999999999959,0.9527361647361586,0.6266581913374207,0.19444444444444445,0.7646110439339096,-0.43281973925223577,4.295301486235923,4.615319880854417
2024-11-13,1,45.530000000000655,5397.68,5352.15,8.544285714285772,-0.2412419562419562,0.11812499063742443,0.19444444444444445,0.005930155941147214,0.8877650897226753,10.0,5.072139517920562
2024-11-14,0,69.82000000000062,5448.35,5378.53,9.387142857142797,1.2026872586872617,0.5355903789222592,0.19444444444444445,0.7507877399026011,0.1086443079829948,-2.434097704585778,6.759564720458746
2024-11-15,1,52.01000000000022,5444.26,5392.25,8.157857142857015,-0.5976138996138971,0.5674503594595682,0.2222222222222222,0.09882714862527026,0.2792648821414303,0.5659712824920549,5.834727851862786
2024-11-18,6,61.6899999999996,5503.5,5441.81,9.666428571428566,1.1913616473616537,0.7709701457863838,0.25,0.8818284973253362,0.31765389082462253,0.3389090040664404,6.366709054385252
2024-11-19,0,59.25,5573.99,5514.74,11.836428571428574,0.013163449163445268,0.00016901396606462785,0.2222222222222222,0.34059071729958296,0.23496590204587725,-0.5376943535923208,4.835802623077215
2024-11-20,0,69.30000000000018,5546.72,5477.42,10.818571428571431,-1.3637631917631905,0.6362209252866776,0.1388888888888889,0.15627705627705482,0.5540238450074516,10.0,6.0344056074540475
2024-11-21,6,59.410000000000764,5527.56,5468.15,8.775714285714262,0.822082368082364,0.5712040147727324,0.1388888888888889,0.652247096448401,0.33752684872660327,-4.789982867062558,6.003296108426839
2024-11-22,7,31.74000000000069,5567.02,5535.28,13.067142857142828,-0.058077220077218814,0.009409847975362987,0.2222222222222222,0.5245746691871513,-0.17351512887560702,-1.9749499988853618,2.6634299842661835
2024-11-25,0,59.51000000000022,5482.81,5423.3,8.650000000000091,0.3011184041184062,0.13285708207304908,0.16666666666666666,0.6284658040665351,0.8925035360678925,0.5678191732427028,6.108325747068873
2024-11-26,0,55.530000000000655,5474.39,5418.86,11.539285714285727,0.48514285714285466,0.19015593769896227,0.16666666666666666,0.27120475418693,0.627749181094993,-1.0812505479577614,4.941429471888917
2024-11-27,0,48.73000000000047,5485.51,5436.78,10.780000000000005,-0.10046074646074271,0.016394920581837762,0.16666666666666666,0.6464190437102338,0.44938849856882646,3.9113778563651604,4.468600519276342
2024-11-28,0,51.0,5545.11,5494.11,10.736428571428535,-1.0686048906048833,0.8306261433976708,0.25,0.1503921568627465,0.13623804463336875,5.364291713030354,4.6919836152953325
2024-11-29,0,45.19999999999982,5542.67,5497.47,8.887142857142797,0.253732303732304,0.12393377816433979,0.2222222222222222,0.3984513274336146,-0.0875,-0.014272433529337372,4.271827182718252
2024-12-02,3,51.67000000000007,5587.37,5535.7,9.391428571428605,-0.6004787644787671,0.31521454191106635,0.1388888888888889,0.050899941939231766,-0.3629489603024575,10.0,4.992557658020386
2024-12-03,0,47.6899999999996,5516.71,5469.02,10.73357142857146,0.07938867438867574,0.009864292699335506,0.16666666666666666,0.5030404697001464,-0.5076923076923077,1.156672285329602,4.521459086180568
2024-12-04,1,50.720000000000255,5520.13,5469.41,11.110000000000127,-0.17998970398970185,0.04876176093040793,0.19444444444444445,0.6066640378548952,0.6689493249853258,-0.4625041489932416,4.211909661750599
2024-12-05,0,57.590000000000146,5539.91,5482.32,9.417142857142867,1.1775855855855843,0.6585724521613467,0.19444444444444445,0.5368987671470741,-0.11770485360581646,10.0,5.684704075896962
2024-12-06,7,44.44999999999982,5586.3,5541.85,11.050000000000116,-0.2892342342342313,0.1240606089843329,0.19444444444444445,0.1885264341957083,0.38528694312491973,-1.1756201921460485,3.9204733379882835
2024-12-09,1,58.899999999999636,5582.24,5523.34,11.061428571428483,0.8044362934362953,0.32699862816823577,0.16666666666666666,0.22308998302206282,-0.4066937119675456,-1.4982224710343073,5.394488410761512
2024-12-10,7,47.39000000000033,5571.97,5524.58,11.003571428571442,-0.37738352638353573,0.16733111855240598,0.16666666666666666,0.42350706900189006,-0.4481844145246838,-0.010640154361143557,4.345958102627304
2024-12-11,6,41.659999999999854,5537.61,5495.95,10.827142857142851,0.16745559845559838,0.06704759638456946,0.19444444444444445,0.7844455112818148,0.16090638590066378,3.933102574369649,3.9049712659710796
2024-12-12,0,75.85000000000036,5536.71,5460.86,9.677142857142826,1.729231660231661,0.8170228675874791,0.1111111111111111,0.7448912326961071,-0.27610338714192406,3.67708120350588,6.84940882630658
2024-12-13,6,57.76999999999953,5533.33,5475.56,11.45142857142868,0.9102651222651187,0.5195840305806267,0.2222222222222222,0.7522935779816582,0.5110062893081762,-0.05133200556706809,5.065207671900099
2024-12-16,0,70.51000000000022,5404.1,5333.59,8.849999999999909,1.3401351351351298,0.6371457022474566,0.1388888888888889,0.715926818890929,0.08802938138413864,-0.35415664835750743,6.836899244492453
2024-12-17,0,43.88000000000011,5485.32,5441.44,10.803571428571558,0.5914388674388679,0.5651006584966609,0.19444444444444445,0.530993618960805,-0.32620689655172413,-10.0,4.113512799671135
2024-12-18,0,47.1299999999992,5520.65,5473.52,12.037857142857124,0.6653243243243189,0.5648897297343018,0.2222222222222222,0.5368130702312689,-0.4890756302521008,3.132007453928155,4.413437902376155
2024-12-19,0,54.210000000000036,5558.42,5504.21,8.900714285714198,-0.11667696267696841,0.012908726713102366,0.16666666666666666,0.03652462645267593,-0.6701421800947868,9.498632221719415,5.010690097217721
2024-12-20,6,43.69999999999982,5534.86,5491.16,10.93999999999986,0.5306499356499317,0.4015251809910085,0.25,0.8421052631579024,0.6141088530717123,0.47048407229058853,3.8982360874628905
2024-12-23,0,48.01000000000022,5558.96,5510.95,11.182857142857042,-0.5540553410553332,0.4130305723709821,0.16666666666666666,0.48739845865445613,0.46406210869020786,0.3768461570150171,4.912964910642171
2024-12-24,0,54.340000000000146,5604.07,5549.73,11.064285714285818,0.8971312741312756,0.5782944202762467,0.1388888888888889,0.9089068825910968,-0.03069129916567342,0.6149279783437025,5.082811980928807
2024-12-25,6,70.8100000000004,5694.56,5623.75,9.072142857143067,1.0974594594594693,0.6227231261728805,0.1388888888888889,0.8440898178223428,0.04907718120805369,10.0,6.229107722275283
2024-12-26,3,78.4399999999996,5690.53,5612.09,9.544285714285706,-1.3921505791505715,0.6705404560015296,0.16666666666666666,0.19173890872004132,-0.7363386965225773,-0.004526597462695976,7.5179249229832115
2024-12-27,3,82.80000000000018,5698.72,5615.92,14.44285714285713,-1.3817413127413083,0.49350782117800157,0.19444444444444445,0.13876811594202604,0.03190184049079755,-1.4660758003730825,6.263961417628976
2024-12-30,1,59.710000000000036,5627.01,5567.3,9.4585714285715,-1.0993616473616459,0.8375437692331498,0.1388888888888889,0.06615307318706776,-0.3660446901635568,1.8448095309664339,6.107324200913221
2024-12-31,1,74.61000000000058,5623.47,5548.86,10.484999999999932,-1.5945688545688512,0.740155485124346,0.1388888888888889,0.22383058571237902,-0.4658789669014618,-0.0030583993516028127,7.020426451891192
2025-01-01,1,55.600000000000364,5600.97,5545.37,11.207857142857197,0.2331415701415683,0.045710370107558344,0.16666666666666666,0.2624100719424469,-0.20988744206576915,-1.105819823964958,5.136814164807651
2025-01-02,0,65.61000000000058,5555.97,5490.36,10.719285714285888,-0.8309227799227821,0.505869975325863,0.1388888888888889,0.4432251181222324,-0.1557315233785822,-1.0833900006553168,6.402438032690403
2025-01-03,2,59.4399999999996,5576.21,5516.77,10.908571428571381,1.0172689832689812,0.8039725409481049,0.19444444444444445,0.7605989232839743,-0.1302201974183751,1.0181458077243166,5.534665373423905
