
============================================================
XAUUSD v3 Two-Lens SMC Trading Engine
Mode: train-lens1
Project root: C:\RAHUL BOGI\RL_Session Trainings\xauusd_v3
============================================================

Using cpu device
Logging to C:\RAHUL BOGI\RL_Session Trainings\xauusd_v3\output\tensorboard\lens1\PPO_4
-----------------------------
| time/              |      |
|    fps             | 26   |
|    iterations      | 1    |
|    time_elapsed    | 77   |
|    total_timesteps | 2048 |
-----------------------------
-----------------------------------------
| time/                   |             |
|    fps                  | 23          |
|    iterations           | 2           |
|    time_elapsed         | 176         |
|    total_timesteps      | 4096        |
| train/                  |             |
|    approx_kl            | 0.012872403 |
|    clip_fraction        | 0.105       |
|    clip_range           | 0.2         |
|    entropy_loss         | -11.4       |
|    explained_variance   | -0.0458     |
|    learning_rate        | 0.0003      |
|    loss                 | -0.0138     |
|    n_updates            | 10          |
|    policy_gradient_loss | -0.0068     |
|    std                  | 1.02        |
|    value_loss           | 0.713       |
-----------------------------------------
Eval num_timesteps=5000, episode_reward=-0.14 +/- 0.32
Episode length: 52.00 +/- 0.00
-----------------------------------------
| eval/                   |             |
|    mean_ep_length       | 52          |
|    mean_reward          | -0.14       |
| lens1/                  |             |
|    dim_0_var            | 0.29883465  |
|    dim_1_var            | 0.78477645  |
|    dim_2_var            | 0.21800458  |
|    dim_3_var            | 0.34119865  |
|    dim_4_var            | 0.24730612  |
|    dim_5_var            | 0.87561107  |
|    dim_6_var            | 0.58111334  |
|    dim_7_var            | 0.14797752  |
|    encoding_variance    | 0.43685275  |
| policy/                 |             |
|    ent_coef             | 0.0493      |
| time/                   |             |
|    total_timesteps      | 5000        |
| train/                  |             |
|    approx_kl            | 0.013847059 |
|    clip_fraction        | 0.142       |
|    clip_range           | 0.2         |
|    entropy_loss         | -11.6       |
|    explained_variance   | -0.022      |
|    learning_rate        | 0.0003      |
|    loss                 | -0.255      |
|    n_updates            | 20          |
|    policy_gradient_loss | -0.00781    |
|    std                  | 1.03        |
|    value_loss           | 0.688       |
-----------------------------------------
New best mean reward!
-----------------------------
| time/              |      |
|    fps             | 21   |
|    iterations      | 3    |
|    time_elapsed    | 286  |
|    total_timesteps | 6144 |
-----------------------------
-----------------------------------------
| time/                   |             |
|    fps                  | 20          |
|    iterations           | 4           |
|    time_elapsed         | 403         |
|    total_timesteps      | 8192        |
| train/                  |             |
|    approx_kl            | 0.015594013 |
|    clip_fraction        | 0.143       |
|    clip_range           | 0.2         |
|    entropy_loss         | -11.7       |
|    explained_variance   | -0.107      |
|    learning_rate        | 0.0003      |
|    loss                 | 0.0857      |
|    n_updates            | 30          |
|    policy_gradient_loss | -0.0107     |
|    std                  | 1.06        |
|    value_loss           | 0.981       |
-----------------------------------------
Eval num_timesteps=10000, episode_reward=-0.98 +/- 1.22
Episode length: 52.00 +/- 0.00
-----------------------------------------
| eval/                   |             |
|    mean_ep_length       | 52          |
|    mean_reward          | -0.98       |
| lens1/                  |             |
|    dim_0_var            | 0.34481603  |
|    dim_1_var            | 0.69018     |
|    dim_2_var            | 0.38573617  |
|    dim_3_var            | 0.5334238   |
|    dim_4_var            | 0.23098913  |
|    dim_5_var            | 0.44601375  |
|    dim_6_var            | 0.63799024  |
|    dim_7_var            | 0.8688207   |
|    encoding_variance    | 0.5172465   |
| policy/                 |             |
|    ent_coef             | 0.0487      |
| time/                   |             |
|    total_timesteps      | 10000       |
| train/                  |             |
|    approx_kl            | 0.013521979 |
|    clip_fraction        | 0.159       |
|    clip_range           | 0.2         |
|    entropy_loss         | -11.9       |
|    explained_variance   | -0.128      |
|    learning_rate        | 0.0003      |
|    loss                 | -0.283      |
|    n_updates            | 40          |
|    policy_gradient_loss | -0.00936    |
|    std                  | 1.07        |
|    value_loss           | 0.561       |
-----------------------------------------
------------------------------
| time/              |       |
|    fps             | 19    |
|    iterations      | 5     |
|    time_elapsed    | 534   |
|    total_timesteps | 10240 |
------------------------------
-----------------------------------------
| time/                   |             |
|    fps                  | 18          |
|    iterations           | 6           |
|    time_elapsed         | 673         |
|    total_timesteps      | 12288       |
| train/                  |             |
|    approx_kl            | 0.012556533 |
|    clip_fraction        | 0.134       |
|    clip_range           | 0.2         |
|    entropy_loss         | -12         |
|    explained_variance   | -0.119      |
|    learning_rate        | 0.0003      |
|    loss                 | -0.269      |
|    n_updates            | 50          |
|    policy_gradient_loss | -0.0103     |
|    std                  | 1.09        |
|    value_loss           | 0.93        |
-----------------------------------------
-----------------------------------------
| time/                   |             |
|    fps                  | 17          |
|    iterations           | 7           |
|    time_elapsed         | 840         |
|    total_timesteps      | 14336       |
| train/                  |             |
|    approx_kl            | 0.016583864 |
|    clip_fraction        | 0.175       |
|    clip_range           | 0.2         |
|    entropy_loss         | -12.1       |
|    explained_variance   | -0.0765     |
|    learning_rate        | 0.0003      |
|    loss                 | -0.382      |
|    n_updates            | 60          |
|    policy_gradient_loss | -0.0139     |
|    std                  | 1.11        |
|    value_loss           | 0.707       |
-----------------------------------------
Eval num_timesteps=15000, episode_reward=-0.64 +/- 0.68
Episode length: 52.00 +/- 0.00
-----------------------------------------
| eval/                   |             |
|    mean_ep_length       | 52          |
|    mean_reward          | -0.64       |
| lens1/                  |             |
|    dim_0_var            | 0.25545257  |
|    dim_1_var            | 0.51978475  |
|    dim_2_var            | 0.4820401   |
|    dim_3_var            | 0.25918448  |
|    dim_4_var            | 0.29311582  |
|    dim_5_var            | 0.32000077  |
|    dim_6_var            | 0.37488967  |
|    dim_7_var            | 0.5011581   |
|    encoding_variance    | 0.37570333  |
| policy/                 |             |
|    ent_coef             | 0.048       |
| time/                   |             |
|    total_timesteps      | 15000       |
| train/                  |             |
|    approx_kl            | 0.016463839 |
|    clip_fraction        | 0.18        |
|    clip_range           | 0.2         |
|    entropy_loss         | -12.2       |
|    explained_variance   | -0.277      |
|    learning_rate        | 0.0003      |
|    loss                 | -0.534      |
|    n_updates            | 70          |
|    policy_gradient_loss | -0.0178     |
|    std                  | 1.13        |
|    value_loss           | 0.267       |
-----------------------------------------
------------------------------
| time/              |       |
|    fps             | 16    |
|    iterations      | 8     |
|    time_elapsed    | 1008  |
|    total_timesteps | 16384 |
------------------------------
-----------------------------------------
| time/                   |             |
|    fps                  | 15          |
|    iterations           | 9           |
|    time_elapsed         | 1171        |
|    total_timesteps      | 18432       |
| train/                  |             |
|    approx_kl            | 0.015210867 |
|    clip_fraction        | 0.169       |
|    clip_range           | 0.2         |
|    entropy_loss         | -12.4       |
|    explained_variance   | -0.0442     |
|    learning_rate        | 0.0003      |
|    loss                 | -0.374      |
|    n_updates            | 80          |
|    policy_gradient_loss | -0.0118     |
|    std                  | 1.15        |
|    value_loss           | 0.628       |
-----------------------------------------
Eval num_timesteps=20000, episode_reward=-0.32 +/- 0.91
Episode length: 52.00 +/- 0.00
-----------------------------------------
| eval/                   |             |
|    mean_ep_length       | 52          |
|    mean_reward          | -0.32       |
| lens1/                  |             |
|    dim_0_var            | 0.54251504  |
|    dim_1_var            | 0.70927155  |
|    dim_2_var            | 0.8305721   |
|    dim_3_var            | 0.7196607   |
|    dim_4_var            | 0.2823362   |
|    dim_5_var            | 0.23791274  |
|    dim_6_var            | 0.42132896  |
|    dim_7_var            | 0.3254942   |
|    encoding_variance    | 0.50863636  |
| policy/                 |             |
|    ent_coef             | 0.0473      |
| time/                   |             |
|    total_timesteps      | 20000       |
| train/                  |             |
|    approx_kl            | 0.015569616 |
|    clip_fraction        | 0.166       |
|    clip_range           | 0.2         |
|    entropy_loss         | -12.5       |
|    explained_variance   | -0.0403     |
|    learning_rate        | 0.0003      |
|    loss                 | -0.451      |
|    n_updates            | 90          |
|    policy_gradient_loss | -0.0176     |
|    std                  | 1.17        |
|    value_loss           | 0.505       |
-----------------------------------------
------------------------------
| time/              |       |
|    fps             | 15    |
|    iterations      | 10    |
|    time_elapsed    | 1355  |
|    total_timesteps | 20480 |
------------------------------
-----------------------------------------
| time/                   |             |
|    fps                  | 14          |
|    iterations           | 11          |
|    time_elapsed         | 1542        |
|    total_timesteps      | 22528       |
| train/                  |             |
|    approx_kl            | 0.014918489 |
|    clip_fraction        | 0.16        |
|    clip_range           | 0.2         |
|    entropy_loss         | -12.7       |
|    explained_variance   | -0.116      |
|    learning_rate        | 0.0003      |
|    loss                 | -0.0986     |
|    n_updates            | 100         |
|    policy_gradient_loss | -0.0154     |
|    std                  | 1.19        |
|    value_loss           | 0.607       |
-----------------------------------------
-----------------------------------------
| time/                   |             |
|    fps                  | 14          |
|    iterations           | 12          |
|    time_elapsed         | 1728        |
|    total_timesteps      | 24576       |
| train/                  |             |
|    approx_kl            | 0.015926298 |
|    clip_fraction        | 0.163       |
|    clip_range           | 0.2         |
|    entropy_loss         | -12.8       |
|    explained_variance   | -0.05       |
|    learning_rate        | 0.0003      |
|    loss                 | -0.424      |
|    n_updates            | 110         |
|    policy_gradient_loss | -0.0149     |
|    std                  | 1.21        |
|    value_loss           | 0.48        |
-----------------------------------------
Eval num_timesteps=25000, episode_reward=-0.16 +/- 0.33
Episode length: 52.00 +/- 0.00
-----------------------------------------
| eval/                   |             |
|    mean_ep_length       | 52          |
|    mean_reward          | -0.16       |
| lens1/                  |             |
|    dim_0_var            | 0.46174473  |
|    dim_1_var            | 0.45233095  |
|    dim_2_var            | 0.3980635   |
|    dim_3_var            | 0.8645105   |
|    dim_4_var            | 0.33852905  |
|    dim_5_var            | 0.49611184  |
|    dim_6_var            | 0.4355134   |
|    dim_7_var            | 0.26613343  |
|    encoding_variance    | 0.46411702  |
| policy/                 |             |
|    ent_coef             | 0.0467      |
| time/                   |             |
|    total_timesteps      | 25000       |
| train/                  |             |
|    approx_kl            | 0.019431263 |
|    clip_fraction        | 0.214       |
|    clip_range           | 0.2         |
|    entropy_loss         | -13         |
|    explained_variance   | -0.089      |
|    learning_rate        | 0.0003      |
|    loss                 | -0.272      |
|    n_updates            | 120         |
|    policy_gradient_loss | -0.0197     |
|    std                  | 1.23        |
|    value_loss           | 0.511       |
-----------------------------------------
------------------------------
| time/              |       |
|    fps             | 13    |
|    iterations      | 13    |
|    time_elapsed    | 1924  |
|    total_timesteps | 26624 |
------------------------------
-----------------------------------------
| time/                   |             |
|    fps                  | 13          |
|    iterations           | 14          |
|    time_elapsed         | 2067        |
|    total_timesteps      | 28672       |
| train/                  |             |
|    approx_kl            | 0.012316152 |
|    clip_fraction        | 0.144       |
|    clip_range           | 0.2         |
|    entropy_loss         | -13.1       |
|    explained_variance   | 0.0264      |
|    learning_rate        | 0.0003      |
|    loss                 | -0.401      |
|    n_updates            | 130         |
|    policy_gradient_loss | -0.0154     |
|    std                  | 1.25        |
|    value_loss           | 0.551       |
-----------------------------------------
Eval num_timesteps=30000, episode_reward=-1.64 +/- 1.13
Episode length: 51.80 +/- 0.40
-----------------------------------------
| eval/                   |             |
|    mean_ep_length       | 51.8        |
|    mean_reward          | -1.64       |
| lens1/                  |             |
|    dim_0_var            | 0.44232735  |
|    dim_1_var            | 0.3007498   |
|    dim_2_var            | 0.6233813   |
|    dim_3_var            | 0.19126043  |
|    dim_4_var            | 0.2756913   |
|    dim_5_var            | 0.8263943   |
|    dim_6_var            | 0.82682335  |
|    dim_7_var            | 0.4605413   |
|    encoding_variance    | 0.49339616  |
| policy/                 |             |
|    ent_coef             | 0.046       |
| time/                   |             |
|    total_timesteps      | 30000       |
| train/                  |             |
|    approx_kl            | 0.014658246 |
|    clip_fraction        | 0.17        |
|    clip_range           | 0.2         |
|    entropy_loss         | -13.2       |
|    explained_variance   | -0.051      |
|    learning_rate        | 0.0003      |
|    loss                 | -0.409      |
|    n_updates            | 140         |
|    policy_gradient_loss | -0.0193     |
|    std                  | 1.27        |
|    value_loss           | 0.641       |
-----------------------------------------
------------------------------
| time/              |       |
|    fps             | 13    |
|    iterations      | 15    |
|    time_elapsed    | 2220  |
|    total_timesteps | 30720 |
------------------------------
------------------------------------------
| time/                   |              |
|    fps                  | 13           |
|    iterations           | 16           |
|    time_elapsed         | 2383         |
|    total_timesteps      | 32768        |
| train/                  |              |
|    approx_kl            | 0.0142095145 |
|    clip_fraction        | 0.175        |
|    clip_range           | 0.2          |
|    entropy_loss         | -13.3        |
|    explained_variance   | -0.00677     |
|    learning_rate        | 0.0003       |
|    loss                 | -0.382       |
|    n_updates            | 150          |
|    policy_gradient_loss | -0.0202      |
|    std                  | 1.28         |
|    value_loss           | 0.498        |
------------------------------------------
-----------------------------------------
| time/                   |             |
|    fps                  | 13          |
|    iterations           | 17          |
|    time_elapsed         | 2528        |
|    total_timesteps      | 34816       |
| train/                  |             |
|    approx_kl            | 0.013965903 |
|    clip_fraction        | 0.158       |
|    clip_range           | 0.2         |
|    entropy_loss         | -13.4       |
|    explained_variance   | -0.056      |
|    learning_rate        | 0.0003      |
|    loss                 | -0.549      |
|    n_updates            | 160         |
|    policy_gradient_loss | -0.0183     |
|    std                  | 1.3         |
|    value_loss           | 0.334       |
-----------------------------------------
Eval num_timesteps=35000, episode_reward=-0.08 +/- 0.31
Episode length: 52.00 +/- 0.00
-----------------------------------------
| eval/                   |             |
|    mean_ep_length       | 52          |
|    mean_reward          | -0.08       |
| lens1/                  |             |
|    dim_0_var            | 0.25575498  |
|    dim_1_var            | 0.45372564  |
|    dim_2_var            | 0.30144402  |
|    dim_3_var            | 0.31294057  |
|    dim_4_var            | 0.3603598   |
|    dim_5_var            | 0.25765297  |
|    dim_6_var            | 0.18507533  |
|    dim_7_var            | 0.2794046   |
|    encoding_variance    | 0.30079478  |
| policy/                 |             |
|    ent_coef             | 0.0453      |
| time/                   |             |
|    total_timesteps      | 35000       |
| train/                  |             |
|    approx_kl            | 0.016844647 |
|    clip_fraction        | 0.191       |
|    clip_range           | 0.2         |
|    entropy_loss         | -13.5       |
|    explained_variance   | -0.127      |
|    learning_rate        | 0.0003      |
|    loss                 | -0.2        |
|    n_updates            | 170         |
|    policy_gradient_loss | -0.0177     |
|    std                  | 1.32        |
|    value_loss           | 0.862       |
-----------------------------------------
New best mean reward!
------------------------------
| time/              |       |
|    fps             | 13    |
|    iterations      | 18    |
|    time_elapsed    | 2705  |
|    total_timesteps | 36864 |
------------------------------
------------------------------------------
| time/                   |              |
|    fps                  | 13           |
|    iterations           | 19           |
|    time_elapsed         | 2862         |
|    total_timesteps      | 38912        |
| train/                  |              |
|    approx_kl            | 0.0138455555 |
|    clip_fraction        | 0.144        |
|    clip_range           | 0.2          |
|    entropy_loss         | -13.6        |
|    explained_variance   | -0.0858      |
|    learning_rate        | 0.0003       |
|    loss                 | 0.107        |
|    n_updates            | 180          |
|    policy_gradient_loss | -0.0169      |
|    std                  | 1.34         |
|    value_loss           | 0.877        |
------------------------------------------
Eval num_timesteps=40000, episode_reward=-0.24 +/- 0.39
Episode length: 52.00 +/- 0.00
----------------------------------------
| eval/                   |            |
|    mean_ep_length       | 52         |
|    mean_reward          | -0.24      |
| lens1/                  |            |
|    dim_0_var            | 0.3283604  |
|    dim_1_var            | 0.49167487 |
|    dim_2_var            | 0.8428582  |
|    dim_3_var            | 0.48517287 |
|    dim_4_var            | 0.3442238  |
|    dim_5_var            | 0.20779018 |
|    dim_6_var            | 0.3664675  |
|    dim_7_var            | 0.45238334 |
|    encoding_variance    | 0.43986624 |
| policy/                 |            |
|    ent_coef             | 0.0447     |
| time/                   |            |
|    total_timesteps      | 40000      |
| train/                  |            |
|    approx_kl            | 0.01806557 |
|    clip_fraction        | 0.183      |
|    clip_range           | 0.2        |
|    entropy_loss         | -13.8      |
|    explained_variance   | -0.277     |
|    learning_rate        | 0.0003     |
|    loss                 | -0.49      |
|    n_updates            | 190        |
|    policy_gradient_loss | -0.0184    |
|    std                  | 1.37       |
|    value_loss           | 0.417      |
----------------------------------------
------------------------------
| time/              |       |
|    fps             | 13    |
|    iterations      | 20    |
|    time_elapsed    | 3035  |
|    total_timesteps | 40960 |
------------------------------
-----------------------------------------
| time/                   |             |
|    fps                  | 13          |
|    iterations           | 21          |
|    time_elapsed         | 3193        |
|    total_timesteps      | 43008       |
| train/                  |             |
|    approx_kl            | 0.017792884 |
|    clip_fraction        | 0.197       |
|    clip_range           | 0.2         |
|    entropy_loss         | -13.9       |
|    explained_variance   | -0.123      |
|    learning_rate        | 0.0003      |
|    loss                 | -0.328      |
|    n_updates            | 200         |
|    policy_gradient_loss | -0.0194     |
|    std                  | 1.4         |
|    value_loss           | 0.466       |
-----------------------------------------
Eval num_timesteps=45000, episode_reward=-1.02 +/- 1.07
Episode length: 52.00 +/- 0.00
-----------------------------------------
| eval/                   |             |
|    mean_ep_length       | 52          |
|    mean_reward          | -1.02       |
| lens1/                  |             |
|    dim_0_var            | 0.5582532   |
|    dim_1_var            | 0.42478988  |
|    dim_2_var            | 0.43266082  |
|    dim_3_var            | 0.7767388   |
|    dim_4_var            | 0.2375546   |
|    dim_5_var            | 0.3227134   |
|    dim_6_var            | 0.4808083   |
|    dim_7_var            | 0.44504604  |
|    encoding_variance    | 0.45982075  |
| policy/                 |             |
|    ent_coef             | 0.044       |
| time/                   |             |
|    total_timesteps      | 45000       |
| train/                  |             |
|    approx_kl            | 0.015728835 |
|    clip_fraction        | 0.172       |
|    clip_range           | 0.2         |
|    entropy_loss         | -14.1       |
|    explained_variance   | -0.00079    |
|    learning_rate        | 0.0003      |
|    loss                 | -0.294      |
|    n_updates            | 210         |
|    policy_gradient_loss | -0.021      |
|    std                  | 1.42        |
|    value_loss           | 0.833       |
-----------------------------------------
------------------------------
| time/              |       |
|    fps             | 13    |
|    iterations      | 22    |
|    time_elapsed    | 3348  |
|    total_timesteps | 45056 |
------------------------------
-----------------------------------------
| time/                   |             |
|    fps                  | 13          |
|    iterations           | 23          |
|    time_elapsed         | 3508        |
|    total_timesteps      | 47104       |
| train/                  |             |
|    approx_kl            | 0.013000483 |
|    clip_fraction        | 0.15        |
|    clip_range           | 0.2         |
|    entropy_loss         | -14.2       |
|    explained_variance   | -0.357      |
|    learning_rate        | 0.0003      |
|    loss                 | -0.372      |
|    n_updates            | 220         |
|    policy_gradient_loss | -0.0173     |
|    std                  | 1.44        |
|    value_loss           | 0.456       |
-----------------------------------------
----------------------------------------
| time/                   |            |
|    fps                  | 13         |
|    iterations           | 24         |
|    time_elapsed         | 3671       |
|    total_timesteps      | 49152      |
| train/                  |            |
|    approx_kl            | 0.01696627 |
|    clip_fraction        | 0.173      |
|    clip_range           | 0.2        |
|    entropy_loss         | -14.3      |
|    explained_variance   | 0.013      |
|    learning_rate        | 0.0003     |
|    loss                 | -0.429     |
|    n_updates            | 230        |
|    policy_gradient_loss | -0.025     |
|    std                  | 1.46       |
|    value_loss           | 0.772      |
----------------------------------------
Eval num_timesteps=50000, episode_reward=0.44 +/- 0.61
Episode length: 52.00 +/- 0.00
-----------------------------------------
| eval/                   |             |
|    mean_ep_length       | 52          |
|    mean_reward          | 0.44        |
| lens1/                  |             |
|    dim_0_var            | 0.48988354  |
|    dim_1_var            | 0.52376294  |
|    dim_2_var            | 0.75602704  |
|    dim_3_var            | 0.7894995   |
|    dim_4_var            | 0.49500817  |
|    dim_5_var            | 0.62427944  |
|    dim_6_var            | 0.7497972   |
|    dim_7_var            | 0.42713624  |
|    encoding_variance    | 0.6069242   |
| policy/                 |             |
|    ent_coef             | 0.0433      |
| time/                   |             |
|    total_timesteps      | 50000       |
| train/                  |             |
|    approx_kl            | 0.016549286 |
|    clip_fraction        | 0.166       |
|    clip_range           | 0.2         |
|    entropy_loss         | -14.5       |
|    explained_variance   | -0.504      |
|    learning_rate        | 0.0003      |
|    loss                 | -0.5        |
|    n_updates            | 240         |
|    policy_gradient_loss | -0.0209     |
|    std                  | 1.49        |
|    value_loss           | 0.65        |
-----------------------------------------
New best mean reward!
------------------------------
| time/              |       |
|    fps             | 13    |
|    iterations      | 25    |
|    time_elapsed    | 3820  |
|    total_timesteps | 51200 |
------------------------------
----------------------------------------
| time/                   |            |
|    fps                  | 13         |
|    iterations           | 26         |
|    time_elapsed         | 3966       |
|    total_timesteps      | 53248      |
| train/                  |            |
|    approx_kl            | 0.01590256 |
|    clip_fraction        | 0.173      |
|    clip_range           | 0.2        |
|    entropy_loss         | -14.6      |
|    explained_variance   | -0.117     |
|    learning_rate        | 0.0003     |
|    loss                 | -0.525     |
|    n_updates            | 250        |
|    policy_gradient_loss | -0.0251    |
|    std                  | 1.51       |
|    value_loss           | 0.561      |
----------------------------------------
Eval num_timesteps=55000, episode_reward=-0.58 +/- 1.15
Episode length: 52.00 +/- 0.00
-----------------------------------------
| eval/                   |             |
|    mean_ep_length       | 52          |
|    mean_reward          | -0.58       |
| lens1/                  |             |
|    dim_0_var            | 0.5102364   |
|    dim_1_var            | 0.40638947  |
|    dim_2_var            | 0.41331533  |
|    dim_3_var            | 0.5903572   |
|    dim_4_var            | 0.35331452  |
|    dim_5_var            | 0.32997727  |
|    dim_6_var            | 0.86189026  |
|    dim_7_var            | 0.31535167  |
|    encoding_variance    | 0.47260392  |
| policy/                 |             |
|    ent_coef             | 0.0427      |
| time/                   |             |
|    total_timesteps      | 55000       |
| train/                  |             |
|    approx_kl            | 0.015526019 |
|    clip_fraction        | 0.172       |
|    clip_range           | 0.2         |
|    entropy_loss         | -14.7       |
|    explained_variance   | -0.108      |
|    learning_rate        | 0.0003      |
|    loss                 | -0.276      |
|    n_updates            | 260         |
|    policy_gradient_loss | -0.0253     |
|    std                  | 1.54        |
|    value_loss           | 0.551       |
-----------------------------------------
------------------------------
| time/              |       |
|    fps             | 13    |
|    iterations      | 27    |
|    time_elapsed    | 4081  |
|    total_timesteps | 55296 |
------------------------------
-----------------------------------------
| time/                   |             |
|    fps                  | 13          |
|    iterations           | 28          |
|    time_elapsed         | 4194        |
|    total_timesteps      | 57344       |
| train/                  |             |
|    approx_kl            | 0.016842335 |
|    clip_fraction        | 0.162       |
|    clip_range           | 0.2         |
|    entropy_loss         | -14.8       |
|    explained_variance   | -0.258      |
|    learning_rate        | 0.0003      |
|    loss                 | -0.421      |
|    n_updates            | 270         |
|    policy_gradient_loss | -0.0242     |
|    std                  | 1.56        |
|    value_loss           | 0.821       |
-----------------------------------------
-----------------------------------------
| time/                   |             |
|    fps                  | 13          |
|    iterations           | 29          |
|    time_elapsed         | 4318        |
|    total_timesteps      | 59392       |
| train/                  |             |
|    approx_kl            | 0.014984518 |
|    clip_fraction        | 0.163       |
|    clip_range           | 0.2         |
|    entropy_loss         | -14.9       |
|    explained_variance   | -0.0904     |
|    learning_rate        | 0.0003      |
|    loss                 | -0.544      |
|    n_updates            | 280         |
|    policy_gradient_loss | -0.0251     |
|    std                  | 1.58        |
|    value_loss           | 0.515       |
-----------------------------------------
Eval num_timesteps=60000, episode_reward=-0.05 +/- 0.33
Episode length: 52.00 +/- 0.00
-----------------------------------------
| eval/                   |             |
|    mean_ep_length       | 52          |
|    mean_reward          | -0.05       |
| lens1/                  |             |
|    dim_0_var            | 0.90702254  |
|    dim_1_var            | 0.58984536  |
|    dim_2_var            | 0.21951164  |
|    dim_3_var            | 0.35590276  |
|    dim_4_var            | 0.39570913  |
|    dim_5_var            | 0.48275658  |
|    dim_6_var            | 0.90141845  |
|    dim_7_var            | 0.3833411   |
|    encoding_variance    | 0.52943826  |
| policy/                 |             |
|    ent_coef             | 0.042       |
| time/                   |             |
|    total_timesteps      | 60000       |
| train/                  |             |
|    approx_kl            | 0.016467974 |
|    clip_fraction        | 0.18        |
|    clip_range           | 0.2         |
|    entropy_loss         | -15         |
|    explained_variance   | 0.127       |
|    learning_rate        | 0.0003      |
|    loss                 | -0.434      |
|    n_updates            | 290         |
|    policy_gradient_loss | -0.0253     |
|    std                  | 1.6         |
|    value_loss           | 0.481       |
-----------------------------------------
------------------------------
| time/              |       |
|    fps             | 13    |
|    iterations      | 30    |
|    time_elapsed    | 4445  |
|    total_timesteps | 61440 |
------------------------------
-----------------------------------------
| time/                   |             |
|    fps                  | 13          |
|    iterations           | 31          |
|    time_elapsed         | 4573        |
|    total_timesteps      | 63488       |
| train/                  |             |
|    approx_kl            | 0.014403366 |
|    clip_fraction        | 0.161       |
|    clip_range           | 0.2         |
|    entropy_loss         | -15.1       |
|    explained_variance   | -0.133      |
|    learning_rate        | 0.0003      |
|    loss                 | -0.556      |
|    n_updates            | 300         |
|    policy_gradient_loss | -0.0231     |
|    std                  | 1.62        |
|    value_loss           | 0.412       |
-----------------------------------------
Eval num_timesteps=65000, episode_reward=1.39 +/- 2.30
Episode length: 52.00 +/- 0.00
-----------------------------------------
| eval/                   |             |
|    mean_ep_length       | 52          |
|    mean_reward          | 1.39        |
| lens1/                  |             |
|    dim_0_var            | 0.3951759   |
|    dim_1_var            | 0.72171706  |
|    dim_2_var            | 0.38014805  |
|    dim_3_var            | 0.9027871   |
|    dim_4_var            | 0.25737286  |
|    dim_5_var            | 0.32604083  |
|    dim_6_var            | 0.49853837  |
|    dim_7_var            | 0.20491959  |
|    encoding_variance    | 0.46083733  |
| policy/                 |             |
|    ent_coef             | 0.0413      |
| time/                   |             |
|    total_timesteps      | 65000       |
| train/                  |             |
|    approx_kl            | 0.014166579 |
|    clip_fraction        | 0.148       |
|    clip_range           | 0.2         |
|    entropy_loss         | -15.3       |
|    explained_variance   | -0.0866     |
|    learning_rate        | 0.0003      |
|    loss                 | -0.506      |
|    n_updates            | 310         |
|    policy_gradient_loss | -0.0221     |
|    std                  | 1.64        |
|    value_loss           | 0.737       |
-----------------------------------------
New best mean reward!
------------------------------
| time/              |       |
|    fps             | 13    |
|    iterations      | 32    |
|    time_elapsed    | 4697  |
|    total_timesteps | 65536 |
------------------------------
-----------------------------------------
| time/                   |             |
|    fps                  | 14          |
|    iterations           | 33          |
|    time_elapsed         | 4817        |
|    total_timesteps      | 67584       |
| train/                  |             |
|    approx_kl            | 0.017898122 |
|    clip_fraction        | 0.203       |
|    clip_range           | 0.2         |
|    entropy_loss         | -15.3       |
|    explained_variance   | -0.524      |
|    learning_rate        | 0.0003      |
|    loss                 | -0.596      |
|    n_updates            | 320         |
|    policy_gradient_loss | -0.0261     |
|    std                  | 1.66        |
|    value_loss           | 0.313       |
-----------------------------------------
-----------------------------------------
| time/                   |             |
|    fps                  | 14          |
|    iterations           | 34          |
|    time_elapsed         | 4935        |
|    total_timesteps      | 69632       |
| train/                  |             |
|    approx_kl            | 0.013696877 |
|    clip_fraction        | 0.159       |
|    clip_range           | 0.2         |
|    entropy_loss         | -15.4       |
|    explained_variance   | -0.0953     |
|    learning_rate        | 0.0003      |
|    loss                 | -0.479      |
|    n_updates            | 330         |
|    policy_gradient_loss | -0.0256     |
|    std                  | 1.68        |
|    value_loss           | 0.635       |
-----------------------------------------
Eval num_timesteps=70000, episode_reward=1.53 +/- 2.83
Episode length: 52.00 +/- 0.00
-----------------------------------------
| eval/                   |             |
|    mean_ep_length       | 52          |
|    mean_reward          | 1.53        |
| lens1/                  |             |
|    dim_0_var            | 0.41166618  |
|    dim_1_var            | 0.30404887  |
|    dim_2_var            | 0.43898755  |
|    dim_3_var            | 0.60267097  |
|    dim_4_var            | 0.54267323  |
|    dim_5_var            | 0.8685816   |
|    dim_6_var            | 0.44978622  |
|    dim_7_var            | 0.8528056   |
|    encoding_variance    | 0.5589026   |
| policy/                 |             |
|    ent_coef             | 0.0407      |
| time/                   |             |
|    total_timesteps      | 70000       |
| train/                  |             |
|    approx_kl            | 0.015748605 |
|    clip_fraction        | 0.171       |
|    clip_range           | 0.2         |
|    entropy_loss         | -15.5       |
|    explained_variance   | -0.173      |
|    learning_rate        | 0.0003      |
|    loss                 | -0.523      |
|    n_updates            | 340         |
|    policy_gradient_loss | -0.0227     |
|    std                  | 1.69        |
|    value_loss           | 0.677       |
-----------------------------------------
New best mean reward!
------------------------------
| time/              |       |
|    fps             | 14    |
|    iterations      | 35    |
|    time_elapsed    | 5056  |
|    total_timesteps | 71680 |
------------------------------
----------------------------------------
| time/                   |            |
|    fps                  | 14         |
|    iterations           | 36         |
|    time_elapsed         | 5181       |
|    total_timesteps      | 73728      |
| train/                  |            |
|    approx_kl            | 0.01614343 |
|    clip_fraction        | 0.177      |
|    clip_range           | 0.2        |
|    entropy_loss         | -15.6      |
|    explained_variance   | -0.148     |
|    learning_rate        | 0.0003     |
|    loss                 | -0.47      |
|    n_updates            | 350        |
|    policy_gradient_loss | -0.0249    |
|    std                  | 1.72       |
|    value_loss           | 0.508      |
----------------------------------------
Eval num_timesteps=75000, episode_reward=0.64 +/- 2.18
Episode length: 52.00 +/- 0.00
----------------------------------------
| eval/                   |            |
|    mean_ep_length       | 52         |
|    mean_reward          | 0.64       |
| lens1/                  |            |
|    dim_0_var            | 0.42275563 |
|    dim_1_var            | 0.79926866 |
|    dim_2_var            | 0.8791743  |
|    dim_3_var            | 0.7817415  |
|    dim_4_var            | 0.23958348 |
|    dim_5_var            | 0.5936872  |
|    dim_6_var            | 0.2961923  |
|    dim_7_var            | 0.7761133  |
|    encoding_variance    | 0.5985649  |
| policy/                 |            |
|    ent_coef             | 0.04       |
| time/                   |            |
|    total_timesteps      | 75000      |
| train/                  |            |
|    approx_kl            | 0.01486096 |
|    clip_fraction        | 0.169      |
|    clip_range           | 0.2        |
|    entropy_loss         | -15.7      |
|    explained_variance   | -0.182     |
|    learning_rate        | 0.0003     |
|    loss                 | -0.392     |
|    n_updates            | 360        |
|    policy_gradient_loss | -0.027     |
|    std                  | 1.73       |
|    value_loss           | 0.543      |
----------------------------------------
------------------------------
| time/              |       |
|    fps             | 14    |
|    iterations      | 37    |
|    time_elapsed    | 5314  |
|    total_timesteps | 75776 |
------------------------------
-----------------------------------------
| time/                   |             |
|    fps                  | 14          |
|    iterations           | 38          |
|    time_elapsed         | 5443        |
|    total_timesteps      | 77824       |
| train/                  |             |
|    approx_kl            | 0.014552515 |
|    clip_fraction        | 0.153       |
|    clip_range           | 0.2         |
|    entropy_loss         | -15.8       |
|    explained_variance   | -0.128      |
|    learning_rate        | 0.0003      |
|    loss                 | -0.552      |
|    n_updates            | 370         |
|    policy_gradient_loss | -0.0246     |
|    std                  | 1.75        |
|    value_loss           | 0.648       |
-----------------------------------------
----------------------------------------
| time/                   |            |
|    fps                  | 14         |
|    iterations           | 39         |
|    time_elapsed         | 5577       |
|    total_timesteps      | 79872      |
| train/                  |            |
|    approx_kl            | 0.01606259 |
|    clip_fraction        | 0.174      |
|    clip_range           | 0.2        |
|    entropy_loss         | -15.9      |
|    explained_variance   | -0.153     |
|    learning_rate        | 0.0003     |
|    loss                 | -0.264     |
|    n_updates            | 380        |
|    policy_gradient_loss | -0.0283    |
|    std                  | 1.77       |
|    value_loss           | 0.729      |
----------------------------------------
Eval num_timesteps=80000, episode_reward=0.61 +/- 2.60
Episode length: 52.00 +/- 0.00
-----------------------------------------
| eval/                   |             |
|    mean_ep_length       | 52          |
|    mean_reward          | 0.614       |
| lens1/                  |             |
|    dim_0_var            | 0.7597836   |
|    dim_1_var            | 0.2553396   |
|    dim_2_var            | 0.5651459   |
|    dim_3_var            | 0.3972866   |
|    dim_4_var            | 0.55905896  |
|    dim_5_var            | 0.46918118  |
|    dim_6_var            | 0.79262644  |
|    dim_7_var            | 0.44050568  |
|    encoding_variance    | 0.5298661   |
| policy/                 |             |
|    ent_coef             | 0.0393      |
| time/                   |             |
|    total_timesteps      | 80000       |
| train/                  |             |
|    approx_kl            | 0.018006386 |
|    clip_fraction        | 0.191       |
|    clip_range           | 0.2         |
|    entropy_loss         | -16         |
|    explained_variance   | -0.292      |
|    learning_rate        | 0.0003      |
|    loss                 | -0.506      |
|    n_updates            | 390         |
|    policy_gradient_loss | -0.0283     |
|    std                  | 1.8         |
|    value_loss           | 0.377       |
-----------------------------------------
------------------------------
| time/              |       |
|    fps             | 14    |
|    iterations      | 40    |
|    time_elapsed    | 5726  |
|    total_timesteps | 81920 |
------------------------------
-----------------------------------------
| time/                   |             |
|    fps                  | 14          |
|    iterations           | 41          |
|    time_elapsed         | 5865        |
|    total_timesteps      | 83968       |
| train/                  |             |
|    approx_kl            | 0.013803948 |
|    clip_fraction        | 0.161       |
|    clip_range           | 0.2         |
|    entropy_loss         | -16.1       |
|    explained_variance   | -0.12       |
|    learning_rate        | 0.0003      |
|    loss                 | -0.501      |
|    n_updates            | 400         |
|    policy_gradient_loss | -0.0236     |
|    std                  | 1.82        |
|    value_loss           | 0.59        |
-----------------------------------------
Eval num_timesteps=85000, episode_reward=1.58 +/- 3.23
Episode length: 52.00 +/- 0.00
-----------------------------------------
| eval/                   |             |
|    mean_ep_length       | 52          |
|    mean_reward          | 1.58        |
| lens1/                  |             |
|    dim_0_var            | 0.8600376   |
|    dim_1_var            | 0.43968266  |
|    dim_2_var            | 0.48709312  |
|    dim_3_var            | 0.42827094  |
|    dim_4_var            | 0.5448974   |
|    dim_5_var            | 0.7174658   |
|    dim_6_var            | 0.51112396  |
|    dim_7_var            | 0.38846597  |
|    encoding_variance    | 0.54712987  |
| policy/                 |             |
|    ent_coef             | 0.0387      |
| time/                   |             |
|    total_timesteps      | 85000       |
| train/                  |             |
|    approx_kl            | 0.014868937 |
|    clip_fraction        | 0.174       |
|    clip_range           | 0.2         |
|    entropy_loss         | -16.2       |
|    explained_variance   | -0.467      |
|    learning_rate        | 0.0003      |
|    loss                 | -0.541      |
|    n_updates            | 410         |
|    policy_gradient_loss | -0.0281     |
|    std                  | 1.85        |
|    value_loss           | 0.548       |
-----------------------------------------
New best mean reward!
------------------------------
| time/              |       |
|    fps             | 14    |
|    iterations      | 42    |
|    time_elapsed    | 6009  |
|    total_timesteps | 86016 |
------------------------------
-----------------------------------------
| time/                   |             |
|    fps                  | 14          |
|    iterations           | 43          |
|    time_elapsed         | 6154        |
|    total_timesteps      | 88064       |
| train/                  |             |
|    approx_kl            | 0.015891714 |
|    clip_fraction        | 0.167       |
|    clip_range           | 0.2         |
|    entropy_loss         | -16.3       |
|    explained_variance   | -0.332      |
|    learning_rate        | 0.0003      |
|    loss                 | -0.463      |
|    n_updates            | 420         |
|    policy_gradient_loss | -0.0287     |
|    std                  | 1.87        |
|    value_loss           | 0.482       |
-----------------------------------------
Eval num_timesteps=90000, episode_reward=1.48 +/- 2.56
Episode length: 52.00 +/- 0.00
-----------------------------------------
| eval/                   |             |
|    mean_ep_length       | 52          |
|    mean_reward          | 1.48        |
| lens1/                  |             |
|    dim_0_var            | 0.1863377   |
|    dim_1_var            | 0.3581766   |
|    dim_2_var            | 0.913177    |
|    dim_3_var            | 0.37385333  |
|    dim_4_var            | 0.6244929   |
|    dim_5_var            | 0.8278865   |
|    dim_6_var            | 0.40038994  |
|    dim_7_var            | 0.9665816   |
|    encoding_variance    | 0.58136165  |
| policy/                 |             |
|    ent_coef             | 0.038       |
| time/                   |             |
|    total_timesteps      | 90000       |
| train/                  |             |
|    approx_kl            | 0.020437872 |
|    clip_fraction        | 0.192       |
|    clip_range           | 0.2         |
|    entropy_loss         | -16.4       |
|    explained_variance   | -0.417      |
|    learning_rate        | 0.0003      |
|    loss                 | -0.573      |
|    n_updates            | 430         |
|    policy_gradient_loss | -0.0303     |
|    std                  | 1.9         |
|    value_loss           | 0.464       |
-----------------------------------------
------------------------------
| time/              |       |
|    fps             | 14    |
|    iterations      | 44    |
|    time_elapsed    | 6290  |
|    total_timesteps | 90112 |
------------------------------
-----------------------------------------
| time/                   |             |
|    fps                  | 14          |
|    iterations           | 45          |
|    time_elapsed         | 6437        |
|    total_timesteps      | 92160       |
| train/                  |             |
|    approx_kl            | 0.016171794 |
|    clip_fraction        | 0.196       |
|    clip_range           | 0.2         |
|    entropy_loss         | -16.5       |
|    explained_variance   | -0.195      |
|    learning_rate        | 0.0003      |
|    loss                 | -0.482      |
|    n_updates            | 440         |
|    policy_gradient_loss | -0.0323     |
|    std                  | 1.92        |
|    value_loss           | 0.519       |
-----------------------------------------
-----------------------------------------
| time/                   |             |
|    fps                  | 14          |
|    iterations           | 46          |
|    time_elapsed         | 6580        |
|    total_timesteps      | 94208       |
| train/                  |             |
|    approx_kl            | 0.016651437 |
|    clip_fraction        | 0.196       |
|    clip_range           | 0.2         |
|    entropy_loss         | -16.6       |
|    explained_variance   | -0.052      |
|    learning_rate        | 0.0003      |
|    loss                 | -0.524      |
|    n_updates            | 450         |
|    policy_gradient_loss | -0.0292     |
|    std                  | 1.93        |
|    value_loss           | 0.615       |
-----------------------------------------
Eval num_timesteps=95000, episode_reward=-0.03 +/- 0.35
Episode length: 52.00 +/- 0.00
-----------------------------------------
| eval/                   |             |
|    mean_ep_length       | 52          |
|    mean_reward          | -0.03       |
| lens1/                  |             |
|    dim_0_var            | 0.27165622  |
|    dim_1_var            | 0.9070103   |
|    dim_2_var            | 0.52273124  |
|    dim_3_var            | 0.36430472  |
|    dim_4_var            | 0.39237761  |
|    dim_5_var            | 0.9164746   |
|    dim_6_var            | 0.6178967   |
|    dim_7_var            | 0.440289    |
|    encoding_variance    | 0.55409276  |
| policy/                 |             |
|    ent_coef             | 0.0373      |
| time/                   |             |
|    total_timesteps      | 95000       |
| train/                  |             |
|    approx_kl            | 0.015745852 |
|    clip_fraction        | 0.168       |
|    clip_range           | 0.2         |
|    entropy_loss         | -16.7       |
|    explained_variance   | 0.149       |
|    learning_rate        | 0.0003      |
|    loss                 | -0.511      |
|    n_updates            | 460         |
|    policy_gradient_loss | -0.0294     |
|    std                  | 1.96        |
|    value_loss           | 0.521       |
-----------------------------------------
------------------------------
| time/              |       |
|    fps             | 14    |
|    iterations      | 47    |
|    time_elapsed    | 6736  |
|    total_timesteps | 96256 |
------------------------------
-----------------------------------------
| time/                   |             |
|    fps                  | 14          |
|    iterations           | 48          |
|    time_elapsed         | 6878        |
|    total_timesteps      | 98304       |
| train/                  |             |
|    approx_kl            | 0.016450463 |
|    clip_fraction        | 0.176       |
|    clip_range           | 0.2         |
|    entropy_loss         | -16.7       |
|    explained_variance   | -0.086      |
|    learning_rate        | 0.0003      |
|    loss                 | -0.443      |
|    n_updates            | 470         |
|    policy_gradient_loss | -0.0282     |
|    std                  | 1.97        |
|    value_loss           | 0.548       |
-----------------------------------------
Eval num_timesteps=100000, episode_reward=-0.82 +/- 1.07
Episode length: 52.00 +/- 0.00
-----------------------------------------
| eval/                   |             |
|    mean_ep_length       | 52          |
|    mean_reward          | -0.82       |
| lens1/                  |             |
|    dim_0_var            | 0.51066995  |
|    dim_1_var            | 0.9198323   |
|    dim_2_var            | 0.4503683   |
|    dim_3_var            | 0.47500145  |
|    dim_4_var            | 0.5450982   |
|    dim_5_var            | 0.46699092  |
|    dim_6_var            | 0.49608958  |
|    dim_7_var            | 0.5094118   |
|    encoding_variance    | 0.54668283  |
| policy/                 |             |
|    ent_coef             | 0.0367      |
| time/                   |             |
|    total_timesteps      | 100000      |
| train/                  |             |
|    approx_kl            | 0.016624384 |
|    clip_fraction        | 0.167       |
|    clip_range           | 0.2         |
|    entropy_loss         | -16.8       |
|    explained_variance   | -0.0532     |
|    learning_rate        | 0.0003      |
|    loss                 | -0.509      |
|    n_updates            | 480         |
|    policy_gradient_loss | -0.0265     |
|    std                  | 1.98        |
|    value_loss           | 0.471       |
-----------------------------------------
-------------------------------
| time/              |        |
|    fps             | 14     |
|    iterations      | 49     |
|    time_elapsed    | 7020   |
|    total_timesteps | 100352 |
-------------------------------
-----------------------------------------
| time/                   |             |
|    fps                  | 14          |
|    iterations           | 50          |
|    time_elapsed         | 7143        |
|    total_timesteps      | 102400      |
| train/                  |             |
|    approx_kl            | 0.015501256 |
|    clip_fraction        | 0.168       |
|    clip_range           | 0.2         |
|    entropy_loss         | -16.9       |
|    explained_variance   | -0.218      |
|    learning_rate        | 0.0003      |
|    loss                 | -0.563      |
|    n_updates            | 490         |
|    policy_gradient_loss | -0.0278     |
|    std                  | 2           |
|    value_loss           | 0.539       |
-----------------------------------------
-----------------------------------------
| time/                   |             |
|    fps                  | 14          |
|    iterations           | 51          |
|    time_elapsed         | 7268        |
|    total_timesteps      | 104448      |
| train/                  |             |
|    approx_kl            | 0.016734492 |
|    clip_fraction        | 0.192       |
|    clip_range           | 0.2         |
|    entropy_loss         | -16.9       |
|    explained_variance   | -0.0119     |
|    learning_rate        | 0.0003      |
|    loss                 | -0.539      |
|    n_updates            | 500         |
|    policy_gradient_loss | -0.0306     |
|    std                  | 2.02        |
|    value_loss           | 0.642       |
-----------------------------------------
Eval num_timesteps=105000, episode_reward=0.96 +/- 2.50
Episode length: 52.00 +/- 0.00
-----------------------------------------
| eval/                   |             |
|    mean_ep_length       | 52          |
|    mean_reward          | 0.96        |
| lens1/                  |             |
|    dim_0_var            | 0.59884334  |
|    dim_1_var            | 0.34067616  |
|    dim_2_var            | 0.4009571   |
|    dim_3_var            | 0.44357085  |
|    dim_4_var            | 0.5780101   |
|    dim_5_var            | 0.48127922  |
|    dim_6_var            | 0.46765983  |
|    dim_7_var            | 0.7072457   |
|    encoding_variance    | 0.50228024  |
| policy/                 |             |
|    ent_coef             | 0.036       |
| time/                   |             |
|    total_timesteps      | 105000      |
| train/                  |             |
|    approx_kl            | 0.015352254 |
|    clip_fraction        | 0.155       |
|    clip_range           | 0.2         |
|    entropy_loss         | -17         |
|    explained_variance   | -0.0251     |
|    learning_rate        | 0.0003      |
|    loss                 | -0.421      |
|    n_updates            | 510         |
|    policy_gradient_loss | -0.0284     |
|    std                  | 2.04        |
|    value_loss           | 0.638       |
-----------------------------------------
-------------------------------
| time/              |        |
|    fps             | 14     |
|    iterations      | 52     |
|    time_elapsed    | 7400   |
|    total_timesteps | 106496 |
-------------------------------
-----------------------------------------
| time/                   |             |
|    fps                  | 14          |
|    iterations           | 53          |
|    time_elapsed         | 7535        |
|    total_timesteps      | 108544      |
| train/                  |             |
|    approx_kl            | 0.016487818 |
|    clip_fraction        | 0.179       |
|    clip_range           | 0.2         |
|    entropy_loss         | -17.1       |
|    explained_variance   | 0.065       |
|    learning_rate        | 0.0003      |
|    loss                 | -0.535      |
|    n_updates            | 520         |
|    policy_gradient_loss | -0.0317     |
|    std                  | 2.07        |
|    value_loss           | 0.581       |
-----------------------------------------
Eval num_timesteps=110000, episode_reward=-0.05 +/- 0.30
Episode length: 52.00 +/- 0.00
-----------------------------------------
| eval/                   |             |
|    mean_ep_length       | 52          |
|    mean_reward          | -0.05       |
| lens1/                  |             |
|    dim_0_var            | 0.9047847   |
|    dim_1_var            | 0.75763077  |
|    dim_2_var            | 0.44339448  |
|    dim_3_var            | 0.5293814   |
|    dim_4_var            | 0.39088416  |
|    dim_5_var            | 0.62005407  |
|    dim_6_var            | 0.58610773  |
|    dim_7_var            | 0.459028    |
|    encoding_variance    | 0.586408    |
| policy/                 |             |
|    ent_coef             | 0.0353      |
| time/                   |             |
|    total_timesteps      | 110000      |
| train/                  |             |
|    approx_kl            | 0.019473258 |
|    clip_fraction        | 0.218       |
|    clip_range           | 0.2         |
|    entropy_loss         | -17.2       |
|    explained_variance   | -0.232      |
|    learning_rate        | 0.0003      |
|    loss                 | -0.471      |
|    n_updates            | 530         |
|    policy_gradient_loss | -0.032      |
|    std                  | 2.08        |
|    value_loss           | 0.573       |
-----------------------------------------
-------------------------------
| time/              |        |
|    fps             | 14     |
|    iterations      | 54     |
|    time_elapsed    | 7685   |
|    total_timesteps | 110592 |
-------------------------------
-----------------------------------------
| time/                   |             |
|    fps                  | 14          |
|    iterations           | 55          |
|    time_elapsed         | 7832        |
|    total_timesteps      | 112640      |
| train/                  |             |
|    approx_kl            | 0.016907305 |
|    clip_fraction        | 0.192       |
|    clip_range           | 0.2         |
|    entropy_loss         | -17.3       |
|    explained_variance   | -0.097      |
|    learning_rate        | 0.0003      |
|    loss                 | -0.564      |
|    n_updates            | 540         |
|    policy_gradient_loss | -0.0344     |
|    std                  | 2.11        |
|    value_loss           | 0.437       |
-----------------------------------------
-----------------------------------------
| time/                   |             |
|    fps                  | 14          |
|    iterations           | 56          |
|    time_elapsed         | 7972        |
|    total_timesteps      | 114688      |
| train/                  |             |
|    approx_kl            | 0.015134579 |
|    clip_fraction        | 0.169       |
|    clip_range           | 0.2         |
|    entropy_loss         | -17.3       |
|    explained_variance   | -0.186      |
|    learning_rate        | 0.0003      |
|    loss                 | -0.532      |
|    n_updates            | 550         |
|    policy_gradient_loss | -0.0306     |
|    std                  | 2.12        |
|    value_loss           | 0.525       |
-----------------------------------------
Eval num_timesteps=115000, episode_reward=1.06 +/- 1.94
Episode length: 52.00 +/- 0.00
-----------------------------------------
| eval/                   |             |
|    mean_ep_length       | 52          |
|    mean_reward          | 1.06        |
| lens1/                  |             |
|    dim_0_var            | 0.24867652  |
|    dim_1_var            | 0.6050852   |
|    dim_2_var            | 0.29111904  |
|    dim_3_var            | 0.47848332  |
|    dim_4_var            | 0.36598003  |
|    dim_5_var            | 0.46067455  |
|    dim_6_var            | 0.5870039   |
|    dim_7_var            | 0.4431737   |
|    encoding_variance    | 0.43502462  |
| policy/                 |             |
|    ent_coef             | 0.0347      |
| time/                   |             |
|    total_timesteps      | 115000      |
| train/                  |             |
|    approx_kl            | 0.013369717 |
|    clip_fraction        | 0.146       |
|    clip_range           | 0.2         |
|    entropy_loss         | -17.4       |
|    explained_variance   | -0.125      |
|    learning_rate        | 0.0003      |
|    loss                 | -0.429      |
|    n_updates            | 560         |
|    policy_gradient_loss | -0.028      |
|    std                  | 2.13        |
|    value_loss           | 0.781       |
-----------------------------------------
-------------------------------
| time/              |        |
|    fps             | 14     |
|    iterations      | 57     |
|    time_elapsed    | 8120   |
|    total_timesteps | 116736 |
-------------------------------
-----------------------------------------
| time/                   |             |
|    fps                  | 14          |
|    iterations           | 58          |
|    time_elapsed         | 8274        |
|    total_timesteps      | 118784      |
| train/                  |             |
|    approx_kl            | 0.018018017 |
|    clip_fraction        | 0.206       |
|    clip_range           | 0.2         |
|    entropy_loss         | -17.5       |
|    explained_variance   | -0.293      |
|    learning_rate        | 0.0003      |
|    loss                 | -0.566      |
|    n_updates            | 570         |
|    policy_gradient_loss | -0.0323     |
|    std                  | 2.16        |
|    value_loss           | 0.43        |
-----------------------------------------
Eval num_timesteps=120000, episode_reward=0.35 +/- 3.00
Episode length: 52.00 +/- 0.00
-----------------------------------------
| eval/                   |             |
|    mean_ep_length       | 52          |
|    mean_reward          | 0.35        |
| lens1/                  |             |
|    dim_0_var            | 0.4766034   |
|    dim_1_var            | 0.5589168   |
|    dim_2_var            | 0.4825916   |
|    dim_3_var            | 0.94184846  |
|    dim_4_var            | 0.29502112  |
|    dim_5_var            | 0.9056378   |
|    dim_6_var            | 0.4270332   |
|    dim_7_var            | 0.37614292  |
|    encoding_variance    | 0.55797416  |
| policy/                 |             |
|    ent_coef             | 0.034       |
| time/                   |             |
|    total_timesteps      | 120000      |
| train/                  |             |
|    approx_kl            | 0.018635398 |
|    clip_fraction        | 0.18        |
|    clip_range           | 0.2         |
|    entropy_loss         | -17.6       |
|    explained_variance   | 0.02        |
|    learning_rate        | 0.0003      |
|    loss                 | -0.547      |
|    n_updates            | 580         |
|    policy_gradient_loss | -0.0316     |
|    std                  | 2.19        |
|    value_loss           | 0.578       |
-----------------------------------------
-------------------------------
| time/              |        |
|    fps             | 14     |
|    iterations      | 59     |
|    time_elapsed    | 8447   |
|    total_timesteps | 120832 |
-------------------------------
-----------------------------------------
| time/                   |             |
|    fps                  | 14          |
|    iterations           | 60          |
|    time_elapsed         | 8592        |
|    total_timesteps      | 122880      |
| train/                  |             |
|    approx_kl            | 0.020323228 |
|    clip_fraction        | 0.203       |
|    clip_range           | 0.2         |
|    entropy_loss         | -17.7       |
|    explained_variance   | -0.41       |
|    learning_rate        | 0.0003      |
|    loss                 | -0.482      |
|    n_updates            | 590         |
|    policy_gradient_loss | -0.0348     |
|    std                  | 2.22        |
|    value_loss           | 0.558       |
-----------------------------------------
-----------------------------------------
| time/                   |             |
|    fps                  | 14          |
|    iterations           | 61          |
|    time_elapsed         | 8740        |
|    total_timesteps      | 124928      |
| train/                  |             |
|    approx_kl            | 0.017340522 |
|    clip_fraction        | 0.204       |
|    clip_range           | 0.2         |
|    entropy_loss         | -17.8       |
|    explained_variance   | -0.278      |
|    learning_rate        | 0.0003      |
|    loss                 | -0.297      |
|    n_updates            | 600         |
|    policy_gradient_loss | -0.0324     |
|    std                  | 2.25        |
|    value_loss           | 0.756       |
-----------------------------------------
Eval num_timesteps=125000, episode_reward=0.99 +/- 2.32
Episode length: 52.00 +/- 0.00
-----------------------------------------
| eval/                   |             |
|    mean_ep_length       | 52          |
|    mean_reward          | 0.99        |
| lens1/                  |             |
|    dim_0_var            | 0.38854432  |
|    dim_1_var            | 0.9670108   |
|    dim_2_var            | 0.92734385  |
|    dim_3_var            | 0.4757814   |
|    dim_4_var            | 0.9007523   |
|    dim_5_var            | 0.5981605   |
|    dim_6_var            | 0.699023    |
|    dim_7_var            | 0.41022357  |
|    encoding_variance    | 0.67085505  |
| policy/                 |             |
|    ent_coef             | 0.0333      |
| time/                   |             |
|    total_timesteps      | 125000      |
| train/                  |             |
|    approx_kl            | 0.019516373 |
|    clip_fraction        | 0.194       |
|    clip_range           | 0.2         |
|    entropy_loss         | -17.8       |
|    explained_variance   | -0.0971     |
|    learning_rate        | 0.0003      |
|    loss                 | -0.429      |
|    n_updates            | 610         |
|    policy_gradient_loss | -0.0322     |
|    std                  | 2.26        |
|    value_loss           | 0.545       |
-----------------------------------------
-------------------------------
| time/              |        |
|    fps             | 14     |
|    iterations      | 62     |
|    time_elapsed    | 8879   |
|    total_timesteps | 126976 |
-------------------------------
-----------------------------------------
| time/                   |             |
|    fps                  | 14          |
|    iterations           | 63          |
|    time_elapsed         | 9022        |
|    total_timesteps      | 129024      |
| train/                  |             |
|    approx_kl            | 0.017930906 |
|    clip_fraction        | 0.199       |
|    clip_range           | 0.2         |
|    entropy_loss         | -17.9       |
|    explained_variance   | -0.0674     |
|    learning_rate        | 0.0003      |
|    loss                 | -0.49       |
|    n_updates            | 620         |
|    policy_gradient_loss | -0.032      |
|    std                  | 2.29        |
|    value_loss           | 0.435       |
-----------------------------------------
Eval num_timesteps=130000, episode_reward=3.09 +/- 2.54
Episode length: 51.80 +/- 0.40
-----------------------------------------
| eval/                   |             |
|    mean_ep_length       | 51.8        |
|    mean_reward          | 3.09        |
| lens1/                  |             |
|    dim_0_var            | 0.4912927   |
|    dim_1_var            | 0.92524457  |
|    dim_2_var            | 0.90512896  |
|    dim_3_var            | 0.89174724  |
|    dim_4_var            | 0.88574713  |
|    dim_5_var            | 0.9159592   |
|    dim_6_var            | 0.94601077  |
|    dim_7_var            | 0.92828214  |
|    encoding_variance    | 0.8611765   |
| policy/                 |             |
|    ent_coef             | 0.0327      |
| time/                   |             |
|    total_timesteps      | 130000      |
| train/                  |             |
|    approx_kl            | 0.016589535 |
|    clip_fraction        | 0.188       |
|    clip_range           | 0.2         |
|    entropy_loss         | -18         |
|    explained_variance   | -0.0679     |
|    learning_rate        | 0.0003      |
|    loss                 | -0.478      |
|    n_updates            | 630         |
|    policy_gradient_loss | -0.0317     |
|    std                  | 2.31        |
|    value_loss           | 0.519       |
-----------------------------------------
New best mean reward!
-------------------------------
| time/              |        |
|    fps             | 14     |
|    iterations      | 64     |
|    time_elapsed    | 9153   |
|    total_timesteps | 131072 |
-------------------------------
-----------------------------------------
| time/                   |             |
|    fps                  | 14          |
|    iterations           | 65          |
|    time_elapsed         | 9277        |
|    total_timesteps      | 133120      |
| train/                  |             |
|    approx_kl            | 0.018456325 |
|    clip_fraction        | 0.196       |
|    clip_range           | 0.2         |
|    entropy_loss         | -18.1       |
|    explained_variance   | 0.0335      |
|    learning_rate        | 0.0003      |
|    loss                 | -0.44       |
|    n_updates            | 640         |
|    policy_gradient_loss | -0.0386     |
|    std                  | 2.32        |
|    value_loss           | 0.586       |
-----------------------------------------
Eval num_timesteps=135000, episode_reward=1.53 +/- 1.79
Episode length: 52.00 +/- 0.00
-----------------------------------------
| eval/                   |             |
|    mean_ep_length       | 52          |
|    mean_reward          | 1.53        |
| lens1/                  |             |
|    dim_0_var            | 0.2607648   |
|    dim_1_var            | 0.8286426   |
|    dim_2_var            | 0.53123194  |
|    dim_3_var            | 0.54452205  |
|    dim_4_var            | 0.7464313   |
|    dim_5_var            | 0.41480348  |
|    dim_6_var            | 0.5983027   |
|    dim_7_var            | 0.9213613   |
|    encoding_variance    | 0.6057576   |
| policy/                 |             |
|    ent_coef             | 0.032       |
| time/                   |             |
|    total_timesteps      | 135000      |
| train/                  |             |
|    approx_kl            | 0.016175292 |
|    clip_fraction        | 0.173       |
|    clip_range           | 0.2         |
|    entropy_loss         | -18.1       |
|    explained_variance   | -0.208      |
|    learning_rate        | 0.0003      |
|    loss                 | -0.321      |
|    n_updates            | 650         |
|    policy_gradient_loss | -0.031      |
|    std                  | 2.33        |
|    value_loss           | 0.725       |
-----------------------------------------
-------------------------------
| time/              |        |
|    fps             | 14     |
|    iterations      | 66     |
|    time_elapsed    | 9417   |
|    total_timesteps | 135168 |
-------------------------------
----------------------------------------
| time/                   |            |
|    fps                  | 14         |
|    iterations           | 67         |
|    time_elapsed         | 9565       |
|    total_timesteps      | 137216     |
| train/                  |            |
|    approx_kl            | 0.01669543 |
|    clip_fraction        | 0.177      |
|    clip_range           | 0.2        |
|    entropy_loss         | -18.2      |
|    explained_variance   | -0.0493    |
|    learning_rate        | 0.0003     |
|    loss                 | -0.532     |
|    n_updates            | 660        |
|    policy_gradient_loss | -0.0299    |
|    std                  | 2.36       |
|    value_loss           | 0.35       |
----------------------------------------
-----------------------------------------
| time/                   |             |
|    fps                  | 14          |
|    iterations           | 68          |
|    time_elapsed         | 9714        |
|    total_timesteps      | 139264      |
| train/                  |             |
|    approx_kl            | 0.017430084 |
|    clip_fraction        | 0.204       |
|    clip_range           | 0.2         |
|    entropy_loss         | -18.3       |
|    explained_variance   | -0.103      |
|    learning_rate        | 0.0003      |
|    loss                 | -0.562      |
|    n_updates            | 670         |
|    policy_gradient_loss | -0.0349     |
|    std                  | 2.39        |
|    value_loss           | 0.39        |
-----------------------------------------
Eval num_timesteps=140000, episode_reward=1.05 +/- 3.02
Episode length: 52.00 +/- 0.00
-----------------------------------------
| eval/                   |             |
|    mean_ep_length       | 52          |
|    mean_reward          | 1.05        |
| lens1/                  |             |
|    dim_0_var            | 0.78594035  |
|    dim_1_var            | 0.803799    |
|    dim_2_var            | 0.92607117  |
|    dim_3_var            | 0.3426745   |
|    dim_4_var            | 0.42114273  |
|    dim_5_var            | 0.9144506   |
|    dim_6_var            | 0.7217447   |
|    dim_7_var            | 0.6844096   |
|    encoding_variance    | 0.70002925  |
| policy/                 |             |
|    ent_coef             | 0.0313      |
| time/                   |             |
|    total_timesteps      | 140000      |
| train/                  |             |
|    approx_kl            | 0.017793993 |
|    clip_fraction        | 0.201       |
|    clip_range           | 0.2         |
|    entropy_loss         | -18.3       |
|    explained_variance   | -0.0845     |
|    learning_rate        | 0.0003      |
|    loss                 | -0.455      |
|    n_updates            | 680         |
|    policy_gradient_loss | -0.0363     |
|    std                  | 2.4         |
|    value_loss           | 0.531       |
-----------------------------------------
-------------------------------
| time/              |        |
|    fps             | 14     |
|    iterations      | 69     |
|    time_elapsed    | 9865   |
|    total_timesteps | 141312 |
-------------------------------
-----------------------------------------
| time/                   |             |
|    fps                  | 14          |
|    iterations           | 70          |
|    time_elapsed         | 9996        |
|    total_timesteps      | 143360      |
| train/                  |             |
|    approx_kl            | 0.017126227 |
|    clip_fraction        | 0.182       |
|    clip_range           | 0.2         |
|    entropy_loss         | -18.4       |
|    explained_variance   | -0.158      |
|    learning_rate        | 0.0003      |
|    loss                 | -0.434      |
|    n_updates            | 690         |
|    policy_gradient_loss | -0.0333     |
|    std                  | 2.41        |
|    value_loss           | 0.592       |
-----------------------------------------
Eval num_timesteps=145000, episode_reward=0.57 +/- 2.45
Episode length: 52.00 +/- 0.00
-----------------------------------------
| eval/                   |             |
|    mean_ep_length       | 52          |
|    mean_reward          | 0.57        |
| lens1/                  |             |
|    dim_0_var            | 0.52998453  |
|    dim_1_var            | 0.53707105  |
|    dim_2_var            | 0.4414979   |
|    dim_3_var            | 0.41913188  |
|    dim_4_var            | 0.2883767   |
|    dim_5_var            | 0.28246596  |
|    dim_6_var            | 0.55117154  |
|    dim_7_var            | 0.5554333   |
|    encoding_variance    | 0.4506416   |
| policy/                 |             |
|    ent_coef             | 0.0307      |
| time/                   |             |
|    total_timesteps      | 145000      |
| train/                  |             |
|    approx_kl            | 0.019763608 |
|    clip_fraction        | 0.204       |
|    clip_range           | 0.2         |
|    entropy_loss         | -18.5       |
|    explained_variance   | -0.323      |
|    learning_rate        | 0.0003      |
|    loss                 | -0.45       |
|    n_updates            | 700         |
|    policy_gradient_loss | -0.0366     |
|    std                  | 2.45        |
|    value_loss           | 0.397       |
-----------------------------------------
-------------------------------
| time/              |        |
|    fps             | 14     |
|    iterations      | 71     |
|    time_elapsed    | 10147  |
|    total_timesteps | 145408 |
-------------------------------
-----------------------------------------
| time/                   |             |
|    fps                  | 14          |
|    iterations           | 72          |
|    time_elapsed         | 10283       |
|    total_timesteps      | 147456      |
| train/                  |             |
|    approx_kl            | 0.017334117 |
|    clip_fraction        | 0.195       |
|    clip_range           | 0.2         |
|    entropy_loss         | -18.6       |
|    explained_variance   | -0.197      |
|    learning_rate        | 0.0003      |
|    loss                 | -0.283      |
|    n_updates            | 710         |
|    policy_gradient_loss | -0.0305     |
|    std                  | 2.48        |
|    value_loss           | 0.499       |
-----------------------------------------
-----------------------------------------
| time/                   |             |
|    fps                  | 14          |
|    iterations           | 73          |
|    time_elapsed         | 10415       |
|    total_timesteps      | 149504      |
| train/                  |             |
|    approx_kl            | 0.017567579 |
|    clip_fraction        | 0.174       |
|    clip_range           | 0.2         |
|    entropy_loss         | -18.6       |
|    explained_variance   | -0.0113     |
|    learning_rate        | 0.0003      |
|    loss                 | -0.361      |
|    n_updates            | 720         |
|    policy_gradient_loss | -0.0305     |
|    std                  | 2.5         |
|    value_loss           | 0.455       |
-----------------------------------------
Eval num_timesteps=150000, episode_reward=1.11 +/- 1.82
Episode length: 52.00 +/- 0.00
-----------------------------------------
| eval/                   |             |
|    mean_ep_length       | 52          |
|    mean_reward          | 1.11        |
| lens1/                  |             |
|    dim_0_var            | 0.29302412  |
|    dim_1_var            | 0.9501823   |
|    dim_2_var            | 0.54231906  |
|    dim_3_var            | 0.35585564  |
|    dim_4_var            | 0.96045566  |
|    dim_5_var            | 0.4252345   |
|    dim_6_var            | 0.42138675  |
|    dim_7_var            | 0.41104758  |
|    encoding_variance    | 0.5449383   |
| policy/                 |             |
|    ent_coef             | 0.03        |
| time/                   |             |
|    total_timesteps      | 150000      |
| train/                  |             |
|    approx_kl            | 0.016114887 |
|    clip_fraction        | 0.181       |
|    clip_range           | 0.2         |
|    entropy_loss         | -18.7       |
|    explained_variance   | 0.0164      |
|    learning_rate        | 0.0003      |
|    loss                 | -0.152      |
|    n_updates            | 730         |
|    policy_gradient_loss | -0.0365     |
|    std                  | 2.52        |
|    value_loss           | 0.76        |
-----------------------------------------
-------------------------------
| time/              |        |
|    fps             | 14     |
|    iterations      | 74     |
|    time_elapsed    | 10552  |
|    total_timesteps | 151552 |
-------------------------------
----------------------------------------
| time/                   |            |
|    fps                  | 14         |
|    iterations           | 75         |
|    time_elapsed         | 10690      |
|    total_timesteps      | 153600     |
| train/                  |            |
|    approx_kl            | 0.01670843 |
|    clip_fraction        | 0.17       |
|    clip_range           | 0.2        |
|    entropy_loss         | -18.8      |
|    explained_variance   | 0.0175     |
|    learning_rate        | 0.0003     |
|    loss                 | -0.35      |
|    n_updates            | 740        |
|    policy_gradient_loss | -0.035     |
|    std                  | 2.54       |
|    value_loss           | 0.506      |
----------------------------------------
Eval num_timesteps=155000, episode_reward=-0.40 +/- 0.66
Episode length: 52.00 +/- 0.00
-----------------------------------------
| eval/                   |             |
|    mean_ep_length       | 52          |
|    mean_reward          | -0.4        |
| lens1/                  |             |
|    dim_0_var            | 0.23829636  |
|    dim_1_var            | 0.21680574  |
|    dim_2_var            | 0.37122628  |
|    dim_3_var            | 0.30361083  |
|    dim_4_var            | 0.43440092  |
|    dim_5_var            | 0.4351192   |
|    dim_6_var            | 0.41451988  |
|    dim_7_var            | 0.46230984  |
|    encoding_variance    | 0.3595362   |
| policy/                 |             |
|    ent_coef             | 0.0293      |
| time/                   |             |
|    total_timesteps      | 155000      |
| train/                  |             |
|    approx_kl            | 0.018298743 |
|    clip_fraction        | 0.178       |
|    clip_range           | 0.2         |
|    entropy_loss         | -18.9       |
|    explained_variance   | -0.17       |
|    learning_rate        | 0.0003      |
|    loss                 | -0.466      |
|    n_updates            | 750         |
|    policy_gradient_loss | -0.0329     |
|    std                  | 2.58        |
|    value_loss           | 0.534       |
-----------------------------------------
-------------------------------
| time/              |        |
|    fps             | 14     |
|    iterations      | 76     |
|    time_elapsed    | 10829  |
|    total_timesteps | 155648 |
-------------------------------
-----------------------------------------
| time/                   |             |
|    fps                  | 14          |
|    iterations           | 77          |
|    time_elapsed         | 10965       |
|    total_timesteps      | 157696      |
| train/                  |             |
|    approx_kl            | 0.019047394 |
|    clip_fraction        | 0.194       |
|    clip_range           | 0.2         |
|    entropy_loss         | -19         |
|    explained_variance   | -0.0757     |
|    learning_rate        | 0.0003      |
|    loss                 | -0.456      |
|    n_updates            | 760         |
|    policy_gradient_loss | -0.0371     |
|    std                  | 2.6         |
|    value_loss           | 0.368       |
-----------------------------------------
----------------------------------------
| time/                   |            |
|    fps                  | 14         |
|    iterations           | 78         |
|    time_elapsed         | 11107      |
|    total_timesteps      | 159744     |
| train/                  |            |
|    approx_kl            | 0.01712941 |
|    clip_fraction        | 0.182      |
|    clip_range           | 0.2        |
|    entropy_loss         | -19        |
|    explained_variance   | -0.236     |
|    learning_rate        | 0.0003     |
|    loss                 | -0.46      |
|    n_updates            | 770        |
|    policy_gradient_loss | -0.0316    |
|    std                  | 2.61       |
|    value_loss           | 0.498      |
----------------------------------------
Eval num_timesteps=160000, episode_reward=1.14 +/- 2.26
Episode length: 52.00 +/- 0.00
-----------------------------------------
| eval/                   |             |
|    mean_ep_length       | 52          |
|    mean_reward          | 1.14        |
| lens1/                  |             |
|    dim_0_var            | 0.91770005  |
|    dim_1_var            | 0.49796134  |
|    dim_2_var            | 0.5364788   |
|    dim_3_var            | 0.8854574   |
|    dim_4_var            | 0.25178537  |
|    dim_5_var            | 0.77024645  |
|    dim_6_var            | 0.5284637   |
|    dim_7_var            | 0.9154497   |
|    encoding_variance    | 0.66294265  |
| policy/                 |             |
|    ent_coef             | 0.0287      |
| time/                   |             |
|    total_timesteps      | 160000      |
| train/                  |             |
|    approx_kl            | 0.015564272 |
|    clip_fraction        | 0.163       |
|    clip_range           | 0.2         |
|    entropy_loss         | -19.1       |
|    explained_variance   | -0.059      |
|    learning_rate        | 0.0003      |
|    loss                 | -0.466      |
|    n_updates            | 780         |
|    policy_gradient_loss | -0.0334     |
|    std                  | 2.63        |
|    value_loss           | 0.563       |
-----------------------------------------
-------------------------------
| time/              |        |
|    fps             | 14     |
|    iterations      | 79     |
|    time_elapsed    | 11254  |
|    total_timesteps | 161792 |
-------------------------------
----------------------------------------
| time/                   |            |
|    fps                  | 14         |
|    iterations           | 80         |
|    time_elapsed         | 11386      |
|    total_timesteps      | 163840     |
| train/                  |            |
|    approx_kl            | 0.01891986 |
|    clip_fraction        | 0.184      |
|    clip_range           | 0.2        |
|    entropy_loss         | -19.1      |
|    explained_variance   | -0.164     |
|    learning_rate        | 0.0003     |
|    loss                 | -0.328     |
|    n_updates            | 790        |
|    policy_gradient_loss | -0.0354    |
|    std                  | 2.64       |
|    value_loss           | 0.7        |
----------------------------------------
Eval num_timesteps=165000, episode_reward=3.18 +/- 2.44
Episode length: 52.00 +/- 0.00
----------------------------------------
| eval/                   |            |
|    mean_ep_length       | 52         |
|    mean_reward          | 3.18       |
| lens1/                  |            |
|    dim_0_var            | 0.36264732 |
|    dim_1_var            | 0.9244115  |
|    dim_2_var            | 0.9204561  |
|    dim_3_var            | 0.7212069  |
|    dim_4_var            | 0.8641752  |
|    dim_5_var            | 0.41768777 |
|    dim_6_var            | 0.59229136 |
|    dim_7_var            | 0.5000347  |
|    encoding_variance    | 0.6628636  |
| policy/                 |            |
|    ent_coef             | 0.028      |
| time/                   |            |
|    total_timesteps      | 165000     |
| train/                  |            |
|    approx_kl            | 0.01630415 |
|    clip_fraction        | 0.18       |
|    clip_range           | 0.2        |
|    entropy_loss         | -19.1      |
|    explained_variance   | 0.132      |
|    learning_rate        | 0.0003     |
|    loss                 | -0.351     |
|    n_updates            | 800        |
|    policy_gradient_loss | -0.035     |
|    std                  | 2.67       |
|    value_loss           | 0.48       |
----------------------------------------
New best mean reward!
-------------------------------
| time/              |        |
|    fps             | 14     |
|    iterations      | 81     |
|    time_elapsed    | 11532  |
|    total_timesteps | 165888 |
-------------------------------
----------------------------------------
| time/                   |            |
|    fps                  | 14         |
|    iterations           | 82         |
|    time_elapsed         | 11654      |
|    total_timesteps      | 167936     |
| train/                  |            |
|    approx_kl            | 0.01873967 |
|    clip_fraction        | 0.175      |
|    clip_range           | 0.2        |
|    entropy_loss         | -19.2      |
|    explained_variance   | -0.126     |
|    learning_rate        | 0.0003     |
|    loss                 | -0.47      |
|    n_updates            | 810        |
|    policy_gradient_loss | -0.0302    |
|    std                  | 2.7        |
|    value_loss           | 0.378      |
----------------------------------------
------------------------------------------
| time/                   |              |
|    fps                  | 14           |
|    iterations           | 83           |
|    time_elapsed         | 11788        |
|    total_timesteps      | 169984       |
| train/                  |              |
|    approx_kl            | 0.0144008845 |
|    clip_fraction        | 0.17         |
|    clip_range           | 0.2          |
|    entropy_loss         | -19.3        |
|    explained_variance   | -0.0535      |
|    learning_rate        | 0.0003       |
|    loss                 | -0.235       |
|    n_updates            | 820          |
|    policy_gradient_loss | -0.0327      |
|    std                  | 2.72         |
|    value_loss           | 0.76         |
------------------------------------------
Eval num_timesteps=170000, episode_reward=0.16 +/- 0.44
Episode length: 52.00 +/- 0.00
-----------------------------------------
| eval/                   |             |
|    mean_ep_length       | 52          |
|    mean_reward          | 0.16        |
| lens1/                  |             |
|    dim_0_var            | 0.3750599   |
|    dim_1_var            | 0.84409964  |
|    dim_2_var            | 0.9041582   |
|    dim_3_var            | 0.5008214   |
|    dim_4_var            | 0.55914223  |
|    dim_5_var            | 0.3894174   |
|    dim_6_var            | 0.41770303  |
|    dim_7_var            | 0.59472734  |
|    encoding_variance    | 0.5731415   |
| policy/                 |             |
|    ent_coef             | 0.0273      |
| time/                   |             |
|    total_timesteps      | 170000      |
| train/                  |             |
|    approx_kl            | 0.015459646 |
|    clip_fraction        | 0.174       |
|    clip_range           | 0.2         |
|    entropy_loss         | -19.4       |
|    explained_variance   | -0.26       |
|    learning_rate        | 0.0003      |
|    loss                 | -0.474      |
|    n_updates            | 830         |
|    policy_gradient_loss | -0.0316     |
|    std                  | 2.74        |
|    value_loss           | 0.411       |
-----------------------------------------
-------------------------------
| time/              |        |
|    fps             | 14     |
|    iterations      | 84     |
|    time_elapsed    | 11937  |
|    total_timesteps | 172032 |
-------------------------------
----------------------------------------
| time/                   |            |
|    fps                  | 14         |
|    iterations           | 85         |
|    time_elapsed         | 12079      |
|    total_timesteps      | 174080     |
| train/                  |            |
|    approx_kl            | 0.01867422 |
|    clip_fraction        | 0.191      |
|    clip_range           | 0.2        |
|    entropy_loss         | -19.4      |
|    explained_variance   | -0.115     |
|    learning_rate        | 0.0003     |
|    loss                 | -0.367     |
|    n_updates            | 840        |
|    policy_gradient_loss | -0.0349    |
|    std                  | 2.77       |
|    value_loss           | 0.534      |
----------------------------------------
Eval num_timesteps=175000, episode_reward=-0.26 +/- 1.50
Episode length: 52.00 +/- 0.00
----------------------------------------
| eval/                   |            |
|    mean_ep_length       | 52         |
|    mean_reward          | -0.26      |
| lens1/                  |            |
|    dim_0_var            | 0.24393874 |
|    dim_1_var            | 0.93004626 |
|    dim_2_var            | 0.5120034  |
|    dim_3_var            | 0.55124205 |
|    dim_4_var            | 0.64300084 |
|    dim_5_var            | 0.4284936  |
|    dim_6_var            | 0.4160397  |
|    dim_7_var            | 0.9501588  |
|    encoding_variance    | 0.5843653  |
| policy/                 |            |
|    ent_coef             | 0.0267     |
| time/                   |            |
|    total_timesteps      | 175000     |
| train/                  |            |
|    approx_kl            | 0.01706801 |
|    clip_fraction        | 0.18       |
|    clip_range           | 0.2        |
|    entropy_loss         | -19.5      |
|    explained_variance   | 0.177      |
|    learning_rate        | 0.0003     |
|    loss                 | -0.428     |
|    n_updates            | 850        |
|    policy_gradient_loss | -0.0368    |
|    std                  | 2.79       |
|    value_loss           | 0.436      |
----------------------------------------
-------------------------------
| time/              |        |
|    fps             | 14     |
|    iterations      | 86     |
|    time_elapsed    | 12217  |
|    total_timesteps | 176128 |
-------------------------------
-----------------------------------------
| time/                   |             |
|    fps                  | 14          |
|    iterations           | 87          |
|    time_elapsed         | 12361       |
|    total_timesteps      | 178176      |
| train/                  |             |
|    approx_kl            | 0.018981569 |
|    clip_fraction        | 0.198       |
|    clip_range           | 0.2         |
|    entropy_loss         | -19.6       |
|    explained_variance   | 0.239       |
|    learning_rate        | 0.0003      |
|    loss                 | -0.149      |
|    n_updates            | 860         |
|    policy_gradient_loss | -0.0352     |
|    std                  | 2.82        |
|    value_loss           | 0.674       |
-----------------------------------------
Eval num_timesteps=180000, episode_reward=1.09 +/- 2.31
Episode length: 52.00 +/- 0.00
-----------------------------------------
| eval/                   |             |
|    mean_ep_length       | 52          |
|    mean_reward          | 1.09        |
| lens1/                  |             |
|    dim_0_var            | 0.5098684   |
|    dim_1_var            | 0.8246154   |
|    dim_2_var            | 0.9528041   |
|    dim_3_var            | 0.28273782  |
|    dim_4_var            | 0.4975774   |
|    dim_5_var            | 0.40819368  |
|    dim_6_var            | 0.5297847   |
|    dim_7_var            | 0.4081896   |
|    encoding_variance    | 0.5517213   |
| policy/                 |             |
|    ent_coef             | 0.026       |
| time/                   |             |
|    total_timesteps      | 180000      |
| train/                  |             |
|    approx_kl            | 0.017890498 |
|    clip_fraction        | 0.188       |
|    clip_range           | 0.2         |
|    entropy_loss         | -19.7       |
|    explained_variance   | -0.105      |
|    learning_rate        | 0.0003      |
|    loss                 | -0.453      |
|    n_updates            | 870         |
|    policy_gradient_loss | -0.0391     |
|    std                  | 2.84        |
|    value_loss           | 0.475       |
-----------------------------------------
-------------------------------
| time/              |        |
|    fps             | 14     |
|    iterations      | 88     |
|    time_elapsed    | 12508  |
|    total_timesteps | 180224 |
-------------------------------
-----------------------------------------
| time/                   |             |
|    fps                  | 14          |
|    iterations           | 89          |
|    time_elapsed         | 12635       |
|    total_timesteps      | 182272      |
| train/                  |             |
|    approx_kl            | 0.017203547 |
|    clip_fraction        | 0.173       |
|    clip_range           | 0.2         |
|    entropy_loss         | -19.7       |
|    explained_variance   | -0.223      |
|    learning_rate        | 0.0003      |
|    loss                 | -0.368      |
|    n_updates            | 880         |
|    policy_gradient_loss | -0.0324     |
|    std                  | 2.87        |
|    value_loss           | 0.467       |
-----------------------------------------
-----------------------------------------
| time/                   |             |
|    fps                  | 14          |
|    iterations           | 90          |
|    time_elapsed         | 12779       |
|    total_timesteps      | 184320      |
| train/                  |             |
|    approx_kl            | 0.019247465 |
|    clip_fraction        | 0.204       |
|    clip_range           | 0.2         |
|    entropy_loss         | -19.8       |
|    explained_variance   | -0.504      |
|    learning_rate        | 0.0003      |
|    loss                 | -0.32       |
|    n_updates            | 890         |
|    policy_gradient_loss | -0.0379     |
|    std                  | 2.89        |
|    value_loss           | 0.444       |
-----------------------------------------
Eval num_timesteps=185000, episode_reward=0.99 +/- 3.13
Episode length: 52.00 +/- 0.00
-----------------------------------------
| eval/                   |             |
|    mean_ep_length       | 52          |
|    mean_reward          | 0.99        |
| lens1/                  |             |
|    dim_0_var            | 0.5848989   |
|    dim_1_var            | 0.9670727   |
|    dim_2_var            | 0.97667265  |
|    dim_3_var            | 0.055651795 |
|    dim_4_var            | 0.2818309   |
|    dim_5_var            | 0.63033694  |
|    dim_6_var            | 0.605911    |
|    dim_7_var            | 0.43564323  |
|    encoding_variance    | 0.5672523   |
| policy/                 |             |
|    ent_coef             | 0.0253      |
| time/                   |             |
|    total_timesteps      | 185000      |
| train/                  |             |
|    approx_kl            | 0.01869759  |
|    clip_fraction        | 0.178       |
|    clip_range           | 0.2         |
|    entropy_loss         | -19.9       |
|    explained_variance   | -0.224      |
|    learning_rate        | 0.0003      |
|    loss                 | -0.229      |
|    n_updates            | 900         |
|    policy_gradient_loss | -0.0339     |
|    std                  | 2.91        |
|    value_loss           | 0.739       |
-----------------------------------------
-------------------------------
| time/              |        |
|    fps             | 14     |
|    iterations      | 91     |
|    time_elapsed    | 12917  |
|    total_timesteps | 186368 |
-------------------------------
-----------------------------------------
| time/                   |             |
|    fps                  | 14          |
|    iterations           | 92          |
|    time_elapsed         | 13030       |
|    total_timesteps      | 188416      |
| train/                  |             |
|    approx_kl            | 0.020582099 |
|    clip_fraction        | 0.209       |
|    clip_range           | 0.2         |
|    entropy_loss         | -20         |
|    explained_variance   | -0.206      |
|    learning_rate        | 0.0003      |
|    loss                 | -0.421      |
|    n_updates            | 910         |
|    policy_gradient_loss | -0.0372     |
|    std                  | 2.96        |
|    value_loss           | 0.414       |
-----------------------------------------
Eval num_timesteps=190000, episode_reward=0.38 +/- 0.47
Episode length: 52.00 +/- 0.00
-----------------------------------------
| eval/                   |             |
|    mean_ep_length       | 52          |
|    mean_reward          | 0.38        |
| lens1/                  |             |
|    dim_0_var            | 0.9590538   |
|    dim_1_var            | 0.4651882   |
|    dim_2_var            | 0.39074615  |
|    dim_3_var            | 0.26648816  |
|    dim_4_var            | 0.9188843   |
|    dim_5_var            | 0.61540383  |
|    dim_6_var            | 0.8981193   |
|    dim_7_var            | 0.3648855   |
|    encoding_variance    | 0.60984623  |
| policy/                 |             |
|    ent_coef             | 0.0247      |
| time/                   |             |
|    total_timesteps      | 190000      |
| train/                  |             |
|    approx_kl            | 0.016670236 |
|    clip_fraction        | 0.174       |
|    clip_range           | 0.2         |
|    entropy_loss         | -20         |
|    explained_variance   | -0.136      |
|    learning_rate        | 0.0003      |
|    loss                 | -0.202      |
|    n_updates            | 920         |
|    policy_gradient_loss | -0.0358     |
|    std                  | 2.97        |
|    value_loss           | 0.606       |
-----------------------------------------
-------------------------------
| time/              |        |
|    fps             | 14     |
|    iterations      | 93     |
|    time_elapsed    | 13177  |
|    total_timesteps | 190464 |
-------------------------------
-----------------------------------------
| time/                   |             |
|    fps                  | 14          |
|    iterations           | 94          |
|    time_elapsed         | 13324       |
|    total_timesteps      | 192512      |
| train/                  |             |
|    approx_kl            | 0.015065614 |
|    clip_fraction        | 0.174       |
|    clip_range           | 0.2         |
|    entropy_loss         | -20.1       |
|    explained_variance   | 0.149       |
|    learning_rate        | 0.0003      |
|    loss                 | -0.415      |
|    n_updates            | 930         |
|    policy_gradient_loss | -0.0355     |
|    std                  | 2.99        |
|    value_loss           | 0.407       |
-----------------------------------------
-----------------------------------------
| time/                   |             |
|    fps                  | 14          |
|    iterations           | 95          |
|    time_elapsed         | 13464       |
|    total_timesteps      | 194560      |
| train/                  |             |
|    approx_kl            | 0.015875496 |
|    clip_fraction        | 0.163       |
|    clip_range           | 0.2         |
|    entropy_loss         | -20.1       |
|    explained_variance   | -0.0393     |
|    learning_rate        | 0.0003      |
|    loss                 | -0.343      |
|    n_updates            | 940         |
|    policy_gradient_loss | -0.033      |
|    std                  | 2.98        |
|    value_loss           | 0.599       |
-----------------------------------------
Eval num_timesteps=195000, episode_reward=1.36 +/- 1.82
Episode length: 52.00 +/- 0.00
----------------------------------------
| eval/                   |            |
|    mean_ep_length       | 52         |
|    mean_reward          | 1.36       |
| lens1/                  |            |
|    dim_0_var            | 0.2988085  |
|    dim_1_var            | 0.92103934 |
|    dim_2_var            | 0.748974   |
|    dim_3_var            | 0.8096071  |
|    dim_4_var            | 0.96296495 |
|    dim_5_var            | 0.7451695  |
|    dim_6_var            | 0.84457016 |
|    dim_7_var            | 0.6846363  |
|    encoding_variance    | 0.7519711  |
| policy/                 |            |
|    ent_coef             | 0.024      |
| time/                   |            |
|    total_timesteps      | 195000     |
| train/                  |            |
|    approx_kl            | 0.01912677 |
|    clip_fraction        | 0.194      |
|    clip_range           | 0.2        |
|    entropy_loss         | -20.1      |
|    explained_variance   | -0.199     |
|    learning_rate        | 0.0003     |
|    loss                 | -0.402     |
|    n_updates            | 950        |
|    policy_gradient_loss | -0.0339    |
|    std                  | 3.01       |
|    value_loss           | 0.533      |
----------------------------------------
-------------------------------
| time/              |        |
|    fps             | 14     |
|    iterations      | 96     |
|    time_elapsed    | 13605  |
|    total_timesteps | 196608 |
-------------------------------
-----------------------------------------
| time/                   |             |
|    fps                  | 14          |
|    iterations           | 97          |
|    time_elapsed         | 13742       |
|    total_timesteps      | 198656      |
| train/                  |             |
|    approx_kl            | 0.018661931 |
|    clip_fraction        | 0.197       |
|    clip_range           | 0.2         |
|    entropy_loss         | -20.1       |
|    explained_variance   | -0.106      |
|    learning_rate        | 0.0003      |
|    loss                 | -0.452      |
|    n_updates            | 960         |
|    policy_gradient_loss | -0.0346     |
|    std                  | 3.02        |
|    value_loss           | 0.352       |
-----------------------------------------
Eval num_timesteps=200000, episode_reward=1.53 +/- 2.46
Episode length: 52.00 +/- 0.00
-----------------------------------------
| eval/                   |             |
|    mean_ep_length       | 52          |
|    mean_reward          | 1.53        |
| lens1/                  |             |
|    dim_0_var            | 0.24513415  |
|    dim_1_var            | 0.9033742   |
|    dim_2_var            | 0.63002086  |
|    dim_3_var            | 0.6634919   |
|    dim_4_var            | 0.4700164   |
|    dim_5_var            | 0.9526872   |
|    dim_6_var            | 0.37349173  |
|    dim_7_var            | 0.46219108  |
|    encoding_variance    | 0.587551    |
| policy/                 |             |
|    ent_coef             | 0.0233      |
| time/                   |             |
|    total_timesteps      | 200000      |
| train/                  |             |
|    approx_kl            | 0.017957788 |
|    clip_fraction        | 0.176       |
|    clip_range           | 0.2         |
|    entropy_loss         | -20.2       |
|    explained_variance   | 0.0501      |
|    learning_rate        | 0.0003      |
|    loss                 | -0.356      |
|    n_updates            | 970         |
|    policy_gradient_loss | -0.0322     |
|    std                  | 3.04        |
|    value_loss           | 0.651       |
-----------------------------------------
-------------------------------
| time/              |        |
|    fps             | 14     |
|    iterations      | 98     |
|    time_elapsed    | 13909  |
|    total_timesteps | 200704 |
-------------------------------
-----------------------------------------
| time/                   |             |
|    fps                  | 14          |
|    iterations           | 99          |
|    time_elapsed         | 14071       |
|    total_timesteps      | 202752      |
| train/                  |             |
|    approx_kl            | 0.015968006 |
|    clip_fraction        | 0.19        |
|    clip_range           | 0.2         |
|    entropy_loss         | -20.2       |
|    explained_variance   | -0.308      |
|    learning_rate        | 0.0003      |
|    loss                 | -0.311      |
|    n_updates            | 980         |
|    policy_gradient_loss | -0.0375     |
|    std                  | 3.05        |
|    value_loss           | 0.593       |
-----------------------------------------
-----------------------------------------
| time/                   |             |
|    fps                  | 14          |
|    iterations           | 100         |
|    time_elapsed         | 14226       |
|    total_timesteps      | 204800      |
| train/                  |             |
|    approx_kl            | 0.017084252 |
|    clip_fraction        | 0.195       |
|    clip_range           | 0.2         |
|    entropy_loss         | -20.3       |
|    explained_variance   | -0.418      |
|    learning_rate        | 0.0003      |
|    loss                 | -0.303      |
|    n_updates            | 990         |
|    policy_gradient_loss | -0.0351     |
|    std                  | 3.09        |
|    value_loss           | 0.443       |
-----------------------------------------
Eval num_timesteps=205000, episode_reward=1.19 +/- 2.16
Episode length: 52.00 +/- 0.00
-----------------------------------------
| eval/                   |             |
|    mean_ep_length       | 52          |
|    mean_reward          | 1.19        |
| lens1/                  |             |
|    dim_0_var            | 0.85146487  |
|    dim_1_var            | 0.95078444  |
|    dim_2_var            | 0.5656968   |
|    dim_3_var            | 0.71203214  |
|    dim_4_var            | 0.36467624  |
|    dim_5_var            | 0.7357074   |
|    dim_6_var            | 0.5785964   |
|    dim_7_var            | 0.6462454   |
|    encoding_variance    | 0.6756505   |
| policy/                 |             |
|    ent_coef             | 0.0227      |
| time/                   |             |
|    total_timesteps      | 205000      |
| train/                  |             |
|    approx_kl            | 0.016037561 |
|    clip_fraction        | 0.17        |
|    clip_range           | 0.2         |
|    entropy_loss         | -20.4       |
|    explained_variance   | -0.278      |
|    learning_rate        | 0.0003      |
|    loss                 | -0.362      |
|    n_updates            | 1000        |
|    policy_gradient_loss | -0.0349     |
|    std                  | 3.1         |
|    value_loss           | 0.478       |
-----------------------------------------
-------------------------------
| time/              |        |
|    fps             | 14     |
|    iterations      | 101    |
|    time_elapsed    | 14379  |
|    total_timesteps | 206848 |
-------------------------------
-----------------------------------------
| time/                   |             |
|    fps                  | 14          |
|    iterations           | 102         |
|    time_elapsed         | 14532       |
|    total_timesteps      | 208896      |
| train/                  |             |
|    approx_kl            | 0.017947022 |
|    clip_fraction        | 0.206       |
|    clip_range           | 0.2         |
|    entropy_loss         | -20.4       |
|    explained_variance   | -0.27       |
|    learning_rate        | 0.0003      |
|    loss                 | -0.396      |
|    n_updates            | 1010        |
|    policy_gradient_loss | -0.0393     |
|    std                  | 3.12        |
|    value_loss           | 0.316       |
-----------------------------------------
Eval num_timesteps=210000, episode_reward=0.34 +/- 0.52
Episode length: 52.00 +/- 0.00
----------------------------------------
| eval/                   |            |
|    mean_ep_length       | 52         |
|    mean_reward          | 0.34       |
| lens1/                  |            |
|    dim_0_var            | 0.5762203  |
|    dim_1_var            | 0.91547513 |
|    dim_2_var            | 0.9307992  |
|    dim_3_var            | 0.9421199  |
|    dim_4_var            | 0.75302404 |
|    dim_5_var            | 0.50482297 |
|    dim_6_var            | 0.54645365 |
|    dim_7_var            | 0.96845466 |
|    encoding_variance    | 0.76717126 |
| policy/                 |            |
|    ent_coef             | 0.022      |
| time/                   |            |
|    total_timesteps      | 210000     |
| train/                  |            |
|    approx_kl            | 0.01651894 |
|    clip_fraction        | 0.178      |
|    clip_range           | 0.2        |
|    entropy_loss         | -20.5      |
|    explained_variance   | -0.352     |
|    learning_rate        | 0.0003     |
|    loss                 | -0.318     |
|    n_updates            | 1020       |
|    policy_gradient_loss | -0.0368    |
|    std                  | 3.14       |
|    value_loss           | 0.509      |
----------------------------------------
-------------------------------
| time/              |        |
|    fps             | 14     |
|    iterations      | 103    |
|    time_elapsed    | 14702  |
|    total_timesteps | 210944 |
-------------------------------
-----------------------------------------
| time/                   |             |
|    fps                  | 14          |
|    iterations           | 104         |
|    time_elapsed         | 14868       |
|    total_timesteps      | 212992      |
| train/                  |             |
|    approx_kl            | 0.019825803 |
|    clip_fraction        | 0.206       |
|    clip_range           | 0.2         |
|    entropy_loss         | -20.5       |
|    explained_variance   | -0.182      |
|    learning_rate        | 0.0003      |
|    loss                 | -0.386      |
|    n_updates            | 1030        |
|    policy_gradient_loss | -0.0373     |
|    std                  | 3.16        |
|    value_loss           | 0.461       |
-----------------------------------------
Eval num_timesteps=215000, episode_reward=0.43 +/- 0.50
Episode length: 52.00 +/- 0.00
----------------------------------------
| eval/                   |            |
|    mean_ep_length       | 52         |
|    mean_reward          | 0.43       |
| lens1/                  |            |
|    dim_0_var            | 0.2657992  |
|    dim_1_var            | 0.4959436  |
|    dim_2_var            | 0.6052904  |
|    dim_3_var            | 0.71051735 |
|    dim_4_var            | 0.9555918  |
|    dim_5_var            | 0.50925875 |
|    dim_6_var            | 0.47223988 |
|    dim_7_var            | 0.4796031  |
|    encoding_variance    | 0.5617807  |
| policy/                 |            |
|    ent_coef             | 0.0213     |
| time/                   |            |
|    total_timesteps      | 215000     |
| train/                  |            |
|    approx_kl            | 0.01791512 |
|    clip_fraction        | 0.173      |
|    clip_range           | 0.2        |
|    entropy_loss         | -20.6      |
|    explained_variance   | -0.181     |
|    learning_rate        | 0.0003     |
|    loss                 | -0.343     |
|    n_updates            | 1040       |
|    policy_gradient_loss | -0.0345    |
|    std                  | 3.18       |
|    value_loss           | 0.639      |
----------------------------------------
-------------------------------
| time/              |        |
|    fps             | 14     |
|    iterations      | 105    |
|    time_elapsed    | 15028  |
|    total_timesteps | 215040 |
-------------------------------
-----------------------------------------
| time/                   |             |
|    fps                  | 14          |
|    iterations           | 106         |
|    time_elapsed         | 15176       |
|    total_timesteps      | 217088      |
| train/                  |             |
|    approx_kl            | 0.017747734 |
|    clip_fraction        | 0.18        |
|    clip_range           | 0.2         |
|    entropy_loss         | -20.6       |
|    explained_variance   | -0.319      |
|    learning_rate        | 0.0003      |
|    loss                 | -0.0806     |
|    n_updates            | 1050        |
|    policy_gradient_loss | -0.0365     |
|    std                  | 3.19        |
|    value_loss           | 0.693       |
-----------------------------------------
-----------------------------------------
| time/                   |             |
|    fps                  | 14          |
|    iterations           | 107         |
|    time_elapsed         | 15321       |
|    total_timesteps      | 219136      |
| train/                  |             |
|    approx_kl            | 0.016269112 |
|    clip_fraction        | 0.169       |
|    clip_range           | 0.2         |
|    entropy_loss         | -20.6       |
|    explained_variance   | -0.061      |
|    learning_rate        | 0.0003      |
|    loss                 | -0.236      |
|    n_updates            | 1060        |
|    policy_gradient_loss | -0.0355     |
|    std                  | 3.21        |
|    value_loss           | 0.514       |
-----------------------------------------
Eval num_timesteps=220000, episode_reward=1.08 +/- 2.87
Episode length: 52.00 +/- 0.00
-----------------------------------------
| eval/                   |             |
|    mean_ep_length       | 52          |
|    mean_reward          | 1.08        |
| lens1/                  |             |
|    dim_0_var            | 0.3040183   |
|    dim_1_var            | 0.40411115  |
|    dim_2_var            | 0.5624784   |
|    dim_3_var            | 0.22039722  |
|    dim_4_var            | 0.56493706  |
|    dim_5_var            | 0.9672516   |
|    dim_6_var            | 0.5369438   |
|    dim_7_var            | 0.5386465   |
|    encoding_variance    | 0.51234806  |
| policy/                 |             |
|    ent_coef             | 0.0207      |
| time/                   |             |
|    total_timesteps      | 220000      |
| train/                  |             |
|    approx_kl            | 0.016753199 |
|    clip_fraction        | 0.171       |
|    clip_range           | 0.2         |
|    entropy_loss         | -20.7       |
|    explained_variance   | -0.395      |
|    learning_rate        | 0.0003      |
|    loss                 | -0.265      |
|    n_updates            | 1070        |
|    policy_gradient_loss | -0.0352     |
|    std                  | 3.23        |
|    value_loss           | 0.498       |
-----------------------------------------
-------------------------------
| time/              |        |
|    fps             | 14     |
|    iterations      | 108    |
|    time_elapsed    | 15479  |
|    total_timesteps | 221184 |
-------------------------------
----------------------------------------
| time/                   |            |
|    fps                  | 14         |
|    iterations           | 109        |
|    time_elapsed         | 15622      |
|    total_timesteps      | 223232     |
| train/                  |            |
|    approx_kl            | 0.01798274 |
|    clip_fraction        | 0.174      |
|    clip_range           | 0.2        |
|    entropy_loss         | -20.7      |
|    explained_variance   | -0.247     |
|    learning_rate        | 0.0003     |
|    loss                 | -0.223     |
|    n_updates            | 1080       |
|    policy_gradient_loss | -0.0359    |
|    std                  | 3.26       |
|    value_loss           | 0.647      |
----------------------------------------
Eval num_timesteps=225000, episode_reward=0.22 +/- 0.82
Episode length: 52.00 +/- 0.00
-----------------------------------------
| eval/                   |             |
|    mean_ep_length       | 52          |
|    mean_reward          | 0.22        |
| lens1/                  |             |
|    dim_0_var            | 0.882471    |
|    dim_1_var            | 0.7793979   |
|    dim_2_var            | 0.6647758   |
|    dim_3_var            | 0.908139    |
|    dim_4_var            | 0.5240032   |
|    dim_5_var            | 0.80294347  |
|    dim_6_var            | 0.61514044  |
|    dim_7_var            | 0.5483845   |
|    encoding_variance    | 0.71565676  |
| policy/                 |             |
|    ent_coef             | 0.02        |
| time/                   |             |
|    total_timesteps      | 225000      |
| train/                  |             |
|    approx_kl            | 0.020652557 |
|    clip_fraction        | 0.214       |
|    clip_range           | 0.2         |
|    entropy_loss         | -20.8       |
|    explained_variance   | -0.0376     |
|    learning_rate        | 0.0003      |
|    loss                 | -0.253      |
|    n_updates            | 1090        |
|    policy_gradient_loss | -0.0409     |
|    std                  | 3.28        |
|    value_loss           | 0.569       |
-----------------------------------------
-------------------------------
| time/              |        |
|    fps             | 14     |
|    iterations      | 110    |
|    time_elapsed    | 15772  |
|    total_timesteps | 225280 |
-------------------------------
-----------------------------------------
| time/                   |             |
|    fps                  | 14          |
|    iterations           | 111         |
|    time_elapsed         | 15911       |
|    total_timesteps      | 227328      |
| train/                  |             |
|    approx_kl            | 0.019750204 |
|    clip_fraction        | 0.197       |
|    clip_range           | 0.2         |
|    entropy_loss         | -20.9       |
|    explained_variance   | -0.117      |
|    learning_rate        | 0.0003      |
|    loss                 | -0.314      |
|    n_updates            | 1100        |
|    policy_gradient_loss | -0.0376     |
|    std                  | 3.31        |
|    value_loss           | 0.49        |
-----------------------------------------
-----------------------------------------
| time/                   |             |
|    fps                  | 14          |
|    iterations           | 112         |
|    time_elapsed         | 16051       |
|    total_timesteps      | 229376      |
| train/                  |             |
|    approx_kl            | 0.019435761 |
|    clip_fraction        | 0.199       |
|    clip_range           | 0.2         |
|    entropy_loss         | -20.9       |
|    explained_variance   | -0.0428     |
|    learning_rate        | 0.0003      |
|    loss                 | -0.366      |
|    n_updates            | 1110        |
|    policy_gradient_loss | -0.0385     |
|    std                  | 3.31        |
|    value_loss           | 0.31        |
-----------------------------------------
Eval num_timesteps=230000, episode_reward=0.79 +/- 2.48
Episode length: 52.00 +/- 0.00
----------------------------------------
| eval/                   |            |
|    mean_ep_length       | 52         |
|    mean_reward          | 0.79       |
| lens1/                  |            |
|    dim_0_var            | 0.5169052  |
|    dim_1_var            | 0.4866056  |
|    dim_2_var            | 0.71078354 |
|    dim_3_var            | 0.90977615 |
|    dim_4_var            | 0.4487117  |
|    dim_5_var            | 0.71923524 |
|    dim_6_var            | 0.7257947  |
|    dim_7_var            | 0.6949015  |
|    encoding_variance    | 0.65158916 |
| policy/                 |            |
|    ent_coef             | 0.0193     |
| time/                   |            |
|    total_timesteps      | 230000     |
| train/                  |            |
|    approx_kl            | 0.02012343 |
|    clip_fraction        | 0.21       |
|    clip_range           | 0.2        |
|    entropy_loss         | -20.9      |
|    explained_variance   | -0.371     |
|    learning_rate        | 0.0003     |
|    loss                 | -0.2       |
|    n_updates            | 1120       |
|    policy_gradient_loss | -0.0385    |
|    std                  | 3.34       |
|    value_loss           | 0.424      |
----------------------------------------
-------------------------------
| time/              |        |
|    fps             | 14     |
|    iterations      | 113    |
|    time_elapsed    | 16195  |
|    total_timesteps | 231424 |
-------------------------------
----------------------------------------
| time/                   |            |
|    fps                  | 14         |
|    iterations           | 114        |
|    time_elapsed         | 16340      |
|    total_timesteps      | 233472     |
| train/                  |            |
|    approx_kl            | 0.01700743 |
|    clip_fraction        | 0.17       |
|    clip_range           | 0.2        |
|    entropy_loss         | -21        |
|    explained_variance   | -0.256     |
|    learning_rate        | 0.0003     |
|    loss                 | -0.252     |
|    n_updates            | 1130       |
|    policy_gradient_loss | -0.0364    |
|    std                  | 3.35       |
|    value_loss           | 0.521      |
----------------------------------------
Eval num_timesteps=235000, episode_reward=-0.33 +/- 0.64
Episode length: 52.00 +/- 0.00
-----------------------------------------
| eval/                   |             |
|    mean_ep_length       | 52          |
|    mean_reward          | -0.33       |
| lens1/                  |             |
|    dim_0_var            | 0.90996444  |
|    dim_1_var            | 0.50071496  |
|    dim_2_var            | 0.45964348  |
|    dim_3_var            | 0.5056929   |
|    dim_4_var            | 0.51639974  |
|    dim_5_var            | 0.43321702  |
|    dim_6_var            | 0.6264889   |
|    dim_7_var            | 0.33840764  |
|    encoding_variance    | 0.5363163   |
| policy/                 |             |
|    ent_coef             | 0.0187      |
| time/                   |             |
|    total_timesteps      | 235000      |
| train/                  |             |
|    approx_kl            | 0.019901026 |
|    clip_fraction        | 0.21        |
|    clip_range           | 0.2         |
|    entropy_loss         | -21         |
|    explained_variance   | -0.0759     |
|    learning_rate        | 0.0003      |
|    loss                 | -0.38       |
|    n_updates            | 1140        |
|    policy_gradient_loss | -0.0416     |
|    std                  | 3.38        |
|    value_loss           | 0.373       |
-----------------------------------------
-------------------------------
| time/              |        |
|    fps             | 14     |
|    iterations      | 115    |
|    time_elapsed    | 16499  |
|    total_timesteps | 235520 |
-------------------------------
-----------------------------------------
| time/                   |             |
|    fps                  | 14          |
|    iterations           | 116         |
|    time_elapsed         | 16648       |
|    total_timesteps      | 237568      |
| train/                  |             |
|    approx_kl            | 0.018921044 |
|    clip_fraction        | 0.197       |
|    clip_range           | 0.2         |
|    entropy_loss         | -21.1       |
|    explained_variance   | -0.289      |
|    learning_rate        | 0.0003      |
|    loss                 | -0.208      |
|    n_updates            | 1150        |
|    policy_gradient_loss | -0.0387     |
|    std                  | 3.39        |
|    value_loss           | 0.718       |
-----------------------------------------
------------------------------------------
| time/                   |              |
|    fps                  | 14           |
|    iterations           | 117          |
|    time_elapsed         | 16790        |
|    total_timesteps      | 239616       |
| train/                  |              |
|    approx_kl            | 0.0156226475 |
|    clip_fraction        | 0.16         |
|    clip_range           | 0.2          |
|    entropy_loss         | -21.1        |
|    explained_variance   | -0.191       |
|    learning_rate        | 0.0003       |
|    loss                 | -0.297       |
|    n_updates            | 1160         |
|    policy_gradient_loss | -0.0371      |
|    std                  | 3.41         |
|    value_loss           | 0.634        |
------------------------------------------
Eval num_timesteps=240000, episode_reward=2.05 +/- 2.65
Episode length: 52.00 +/- 0.00
-----------------------------------------
| eval/                   |             |
|    mean_ep_length       | 52          |
|    mean_reward          | 2.05        |
| lens1/                  |             |
|    dim_0_var            | 0.925029    |
|    dim_1_var            | 0.5883313   |
|    dim_2_var            | 0.76024747  |
|    dim_3_var            | 0.5857338   |
|    dim_4_var            | 0.97827303  |
|    dim_5_var            | 0.2269268   |
|    dim_6_var            | 0.9585963   |
|    dim_7_var            | 0.95167243  |
|    encoding_variance    | 0.74685144  |
| policy/                 |             |
|    ent_coef             | 0.018       |
| time/                   |             |
|    total_timesteps      | 240000      |
| train/                  |             |
|    approx_kl            | 0.016716223 |
|    clip_fraction        | 0.163       |
|    clip_range           | 0.2         |
|    entropy_loss         | -21.2       |
|    explained_variance   | -0.127      |
|    learning_rate        | 0.0003      |
|    loss                 | 0.0137      |
|    n_updates            | 1170        |
|    policy_gradient_loss | -0.0384     |
|    std                  | 3.43        |
|    value_loss           | 0.639       |
-----------------------------------------
-------------------------------
| time/              |        |
|    fps             | 14     |
|    iterations      | 118    |
|    time_elapsed    | 16946  |
|    total_timesteps | 241664 |
-------------------------------
-----------------------------------------
| time/                   |             |
|    fps                  | 14          |
|    iterations           | 119         |
|    time_elapsed         | 17091       |
|    total_timesteps      | 243712      |
| train/                  |             |
|    approx_kl            | 0.019505702 |
|    clip_fraction        | 0.184       |
|    clip_range           | 0.2         |
|    entropy_loss         | -21.2       |
|    explained_variance   | -0.523      |
|    learning_rate        | 0.0003      |
|    loss                 | -0.334      |
|    n_updates            | 1180        |
|    policy_gradient_loss | -0.0395     |
|    std                  | 3.44        |
|    value_loss           | 0.418       |
-----------------------------------------
Eval num_timesteps=245000, episode_reward=3.06 +/- 2.33
Episode length: 51.80 +/- 0.40
-----------------------------------------
| eval/                   |             |
|    mean_ep_length       | 51.8        |
|    mean_reward          | 3.06        |
| lens1/                  |             |
|    dim_0_var            | 0.95524794  |
|    dim_1_var            | 0.9669966   |
|    dim_2_var            | 0.96711165  |
|    dim_3_var            | 0.324758    |
|    dim_4_var            | 0.95237005  |
|    dim_5_var            | 0.42984065  |
|    dim_6_var            | 0.61941886  |
|    dim_7_var            | 0.671768    |
|    encoding_variance    | 0.7359388   |
| policy/                 |             |
|    ent_coef             | 0.0173      |
| time/                   |             |
|    total_timesteps      | 245000      |
| train/                  |             |
|    approx_kl            | 0.017946683 |
|    clip_fraction        | 0.192       |
|    clip_range           | 0.2         |
|    entropy_loss         | -21.2       |
|    explained_variance   | -0.159      |
|    learning_rate        | 0.0003      |
|    loss                 | -0.101      |
|    n_updates            | 1190        |
|    policy_gradient_loss | -0.0346     |
|    std                  | 3.46        |
|    value_loss           | 0.461       |
-----------------------------------------
-------------------------------
| time/              |        |
|    fps             | 14     |
|    iterations      | 120    |
|    time_elapsed    | 17256  |
|    total_timesteps | 245760 |
-------------------------------
-----------------------------------------
| time/                   |             |
|    fps                  | 14          |
|    iterations           | 121         |
|    time_elapsed         | 17400       |
|    total_timesteps      | 247808      |
| train/                  |             |
|    approx_kl            | 0.020817045 |
|    clip_fraction        | 0.209       |
|    clip_range           | 0.2         |
|    entropy_loss         | -21.3       |
|    explained_variance   | -0.156      |
|    learning_rate        | 0.0003      |
|    loss                 | -0.177      |
|    n_updates            | 1200        |
|    policy_gradient_loss | -0.0378     |
|    std                  | 3.48        |
|    value_loss           | 0.501       |
-----------------------------------------
-----------------------------------------
| time/                   |             |
|    fps                  | 14          |
|    iterations           | 122         |
|    time_elapsed         | 17553       |
|    total_timesteps      | 249856      |
| train/                  |             |
|    approx_kl            | 0.014850156 |
|    clip_fraction        | 0.162       |
|    clip_range           | 0.2         |
|    entropy_loss         | -21.3       |
|    explained_variance   | -0.0442     |
|    learning_rate        | 0.0003      |
|    loss                 | -0.203      |
|    n_updates            | 1210        |
|    policy_gradient_loss | -0.0373     |
|    std                  | 3.49        |
|    value_loss           | 0.797       |
-----------------------------------------
Eval num_timesteps=250000, episode_reward=1.78 +/- 2.26
Episode length: 52.00 +/- 0.00
----------------------------------------
| eval/                   |            |
|    mean_ep_length       | 52         |
|    mean_reward          | 1.78       |
| lens1/                  |            |
|    dim_0_var            | 0.47798964 |
|    dim_1_var            | 0.94779867 |
|    dim_2_var            | 0.9476487  |
|    dim_3_var            | 0.6341274  |
|    dim_4_var            | 0.614575   |
|    dim_5_var            | 0.6181635  |
|    dim_6_var            | 0.52606034 |
|    dim_7_var            | 0.41782123 |
|    encoding_variance    | 0.6480228  |
| policy/                 |            |
|    ent_coef             | 0.0167     |
| time/                   |            |
|    total_timesteps      | 250000     |
| train/                  |            |
|    approx_kl            | 0.01894172 |
|    clip_fraction        | 0.18       |
|    clip_range           | 0.2        |
|    entropy_loss         | -21.3      |
|    explained_variance   | -0.023     |
|    learning_rate        | 0.0003     |
|    loss                 | -0.258     |
|    n_updates            | 1220       |
|    policy_gradient_loss | -0.0399    |
|    std                  | 3.52       |
|    value_loss           | 0.493      |
----------------------------------------
-------------------------------
| time/              |        |
|    fps             | 14     |
|    iterations      | 123    |
|    time_elapsed    | 17714  |
|    total_timesteps | 251904 |
-------------------------------
-----------------------------------------
| time/                   |             |
|    fps                  | 14          |
|    iterations           | 124         |
|    time_elapsed         | 17865       |
|    total_timesteps      | 253952      |
| train/                  |             |
|    approx_kl            | 0.019069519 |
|    clip_fraction        | 0.208       |
|    clip_range           | 0.2         |
|    entropy_loss         | -21.4       |
|    explained_variance   | -0.0883     |
|    learning_rate        | 0.0003      |
|    loss                 | -0.285      |
|    n_updates            | 1230        |
|    policy_gradient_loss | -0.0417     |
|    std                  | 3.51        |
|    value_loss           | 0.434       |
-----------------------------------------
Eval num_timesteps=255000, episode_reward=1.79 +/- 3.29
Episode length: 52.00 +/- 0.00
-----------------------------------------
| eval/                   |             |
|    mean_ep_length       | 52          |
|    mean_reward          | 1.79        |
| lens1/                  |             |
|    dim_0_var            | 0.6921329   |
|    dim_1_var            | 0.6018938   |
|    dim_2_var            | 0.69332564  |
|    dim_3_var            | 0.8752981   |
|    dim_4_var            | 0.91325706  |
|    dim_5_var            | 0.7208652   |
|    dim_6_var            | 0.8487065   |
|    dim_7_var            | 0.78543854  |
|    encoding_variance    | 0.7663648   |
| policy/                 |             |
|    ent_coef             | 0.016       |
| time/                   |             |
|    total_timesteps      | 255000      |
| train/                  |             |
|    approx_kl            | 0.018605115 |
|    clip_fraction        | 0.202       |
|    clip_range           | 0.2         |
|    entropy_loss         | -21.3       |
|    explained_variance   | -0.189      |
|    learning_rate        | 0.0003      |
|    loss                 | -0.101      |
|    n_updates            | 1240        |
|    policy_gradient_loss | -0.0376     |
|    std                  | 3.51        |
|    value_loss           | 0.662       |
-----------------------------------------
-------------------------------
| time/              |        |
|    fps             | 14     |
|    iterations      | 125    |
|    time_elapsed    | 18017  |
|    total_timesteps | 256000 |
-------------------------------
-----------------------------------------
| time/                   |             |
|    fps                  | 14          |
|    iterations           | 126         |
|    time_elapsed         | 18170       |
|    total_timesteps      | 258048      |
| train/                  |             |
|    approx_kl            | 0.018037044 |
|    clip_fraction        | 0.197       |
|    clip_range           | 0.2         |
|    entropy_loss         | -21.4       |
|    explained_variance   | -0.0106     |
|    learning_rate        | 0.0003      |
|    loss                 | 0.00734     |
|    n_updates            | 1250        |
|    policy_gradient_loss | -0.035      |
|    std                  | 3.53        |
|    value_loss           | 0.623       |
-----------------------------------------
Eval num_timesteps=260000, episode_reward=0.97 +/- 1.71
Episode length: 52.00 +/- 0.00
----------------------------------------
| eval/                   |            |
|    mean_ep_length       | 52         |
|    mean_reward          | 0.97       |
| lens1/                  |            |
|    dim_0_var            | 0.93695104 |
|    dim_1_var            | 0.90337646 |
|    dim_2_var            | 0.8550711  |
|    dim_3_var            | 0.87340087 |
|    dim_4_var            | 0.767997   |
|    dim_5_var            | 0.4359787  |
|    dim_6_var            | 0.8956987  |
|    dim_7_var            | 0.94839156 |
|    encoding_variance    | 0.8271083  |
| policy/                 |            |
|    ent_coef             | 0.0153     |
| time/                   |            |
|    total_timesteps      | 260000     |
| train/                  |            |
|    approx_kl            | 0.01768029 |
|    clip_fraction        | 0.19       |
|    clip_range           | 0.2        |
|    entropy_loss         | -21.4      |
|    explained_variance   | -0.129     |
|    learning_rate        | 0.0003     |
|    loss                 | -0.188     |
|    n_updates            | 1260       |
|    policy_gradient_loss | -0.0404    |
|    std                  | 3.53       |
|    value_loss           | 0.84       |
----------------------------------------
-------------------------------
| time/              |        |
|    fps             | 14     |
|    iterations      | 127    |
|    time_elapsed    | 18331  |
|    total_timesteps | 260096 |
-------------------------------
-----------------------------------------
| time/                   |             |
|    fps                  | 14          |
|    iterations           | 128         |
|    time_elapsed         | 18477       |
|    total_timesteps      | 262144      |
| train/                  |             |
|    approx_kl            | 0.019807303 |
|    clip_fraction        | 0.179       |
|    clip_range           | 0.2         |
|    entropy_loss         | -21.4       |
|    explained_variance   | -0.141      |
|    learning_rate        | 0.0003      |
|    loss                 | -0.251      |
|    n_updates            | 1270        |
|    policy_gradient_loss | -0.0359     |
|    std                  | 3.54        |
|    value_loss           | 0.539       |
-----------------------------------------
-----------------------------------------
| time/                   |             |
|    fps                  | 14          |
|    iterations           | 129         |
|    time_elapsed         | 18616       |
|    total_timesteps      | 264192      |
| train/                  |             |
|    approx_kl            | 0.018900128 |
|    clip_fraction        | 0.202       |
|    clip_range           | 0.2         |
|    entropy_loss         | -21.4       |
|    explained_variance   | -0.195      |
|    learning_rate        | 0.0003      |
|    loss                 | -0.28       |
|    n_updates            | 1280        |
|    policy_gradient_loss | -0.0401     |
|    std                  | 3.55        |
|    value_loss           | 0.599       |
-----------------------------------------
Eval num_timesteps=265000, episode_reward=0.03 +/- 0.29
Episode length: 52.00 +/- 0.00
-----------------------------------------
| eval/                   |             |
|    mean_ep_length       | 52          |
|    mean_reward          | 0.03        |
| lens1/                  |             |
|    dim_0_var            | 0.64680976  |
|    dim_1_var            | 0.82928175  |
|    dim_2_var            | 0.8016736   |
|    dim_3_var            | 0.33580917  |
|    dim_4_var            | 0.92218626  |
|    dim_5_var            | 0.94344085  |
|    dim_6_var            | 0.92752     |
|    dim_7_var            | 0.57227796  |
|    encoding_variance    | 0.7473749   |
| policy/                 |             |
|    ent_coef             | 0.0147      |
| time/                   |             |
|    total_timesteps      | 265000      |
| train/                  |             |
|    approx_kl            | 0.021702494 |
|    clip_fraction        | 0.212       |
|    clip_range           | 0.2         |
|    entropy_loss         | -21.4       |
|    explained_variance   | -0.276      |
|    learning_rate        | 0.0003      |
|    loss                 | -0.288      |
|    n_updates            | 1290        |
|    policy_gradient_loss | -0.0384     |
|    std                  | 3.55        |
|    value_loss           | 0.468       |
-----------------------------------------
-------------------------------
| time/              |        |
|    fps             | 14     |
|    iterations      | 130    |
|    time_elapsed    | 18776  |
|    total_timesteps | 266240 |
-------------------------------
----------------------------------------
| time/                   |            |
|    fps                  | 14         |
|    iterations           | 131        |
|    time_elapsed         | 18932      |
|    total_timesteps      | 268288     |
| train/                  |            |
|    approx_kl            | 0.02246856 |
|    clip_fraction        | 0.214      |
|    clip_range           | 0.2        |
|    entropy_loss         | -21.4      |
|    explained_variance   | -0.291     |
|    learning_rate        | 0.0003     |
|    loss                 | -0.22      |
|    n_updates            | 1300       |
|    policy_gradient_loss | -0.0401    |
|    std                  | 3.56       |
|    value_loss           | 0.372      |
----------------------------------------
Eval num_timesteps=270000, episode_reward=-1.14 +/- 1.16
Episode length: 52.00 +/- 0.00
-----------------------------------------
| eval/                   |             |
|    mean_ep_length       | 52          |
|    mean_reward          | -1.14       |
| lens1/                  |             |
|    dim_0_var            | 0.44509563  |
|    dim_1_var            | 0.5843115   |
|    dim_2_var            | 0.96288466  |
|    dim_3_var            | 0.5920366   |
|    dim_4_var            | 0.94753104  |
|    dim_5_var            | 0.95693797  |
|    dim_6_var            | 0.5320592   |
|    dim_7_var            | 0.41916993  |
|    encoding_variance    | 0.6800035   |
| policy/                 |             |
|    ent_coef             | 0.014       |
| time/                   |             |
|    total_timesteps      | 270000      |
| train/                  |             |
|    approx_kl            | 0.019245153 |
|    clip_fraction        | 0.197       |
|    clip_range           | 0.2         |
|    entropy_loss         | -21.5       |
|    explained_variance   | -0.0384     |
|    learning_rate        | 0.0003      |
|    loss                 | -0.198      |
|    n_updates            | 1310        |
|    policy_gradient_loss | -0.0409     |
|    std                  | 3.57        |
|    value_loss           | 0.589       |
-----------------------------------------
-------------------------------
| time/              |        |
|    fps             | 14     |
|    iterations      | 132    |
|    time_elapsed    | 19073  |
|    total_timesteps | 270336 |
-------------------------------
-----------------------------------------
| time/                   |             |
|    fps                  | 14          |
|    iterations           | 133         |
|    time_elapsed         | 19199       |
|    total_timesteps      | 272384      |
| train/                  |             |
|    approx_kl            | 0.019930668 |
|    clip_fraction        | 0.198       |
|    clip_range           | 0.2         |
|    entropy_loss         | -21.5       |
|    explained_variance   | -0.311      |
|    learning_rate        | 0.0003      |
|    loss                 | -0.208      |
|    n_updates            | 1320        |
|    policy_gradient_loss | -0.0412     |
|    std                  | 3.58        |
|    value_loss           | 0.486       |
-----------------------------------------
-----------------------------------------
| time/                   |             |
|    fps                  | 14          |
|    iterations           | 134         |
|    time_elapsed         | 19317       |
|    total_timesteps      | 274432      |
| train/                  |             |
|    approx_kl            | 0.017230894 |
|    clip_fraction        | 0.172       |
|    clip_range           | 0.2         |
|    entropy_loss         | -21.5       |
|    explained_variance   | 0.0129      |
|    learning_rate        | 0.0003      |
|    loss                 | -0.227      |
|    n_updates            | 1330        |
|    policy_gradient_loss | -0.0395     |
|    std                  | 3.6         |
|    value_loss           | 0.639       |
-----------------------------------------
Eval num_timesteps=275000, episode_reward=-0.16 +/- 0.50
Episode length: 52.00 +/- 0.00
-----------------------------------------
| eval/                   |             |
|    mean_ep_length       | 52          |
|    mean_reward          | -0.16       |
| lens1/                  |             |
|    dim_0_var            | 0.93211794  |
|    dim_1_var            | 0.5064754   |
|    dim_2_var            | 0.4916867   |
|    dim_3_var            | 0.48469153  |
|    dim_4_var            | 0.50908816  |
|    dim_5_var            | 0.26985952  |
|    dim_6_var            | 0.37781066  |
|    dim_7_var            | 0.47670546  |
|    encoding_variance    | 0.50605434  |
| policy/                 |             |
|    ent_coef             | 0.0133      |
| time/                   |             |
|    total_timesteps      | 275000      |
| train/                  |             |
|    approx_kl            | 0.020208165 |
|    clip_fraction        | 0.207       |
|    clip_range           | 0.2         |
|    entropy_loss         | -21.5       |
|    explained_variance   | 0.1         |
|    learning_rate        | 0.0003      |
|    loss                 | -0.221      |
|    n_updates            | 1340        |
|    policy_gradient_loss | -0.0413     |
|    std                  | 3.61        |
|    value_loss           | 0.467       |
-----------------------------------------
-------------------------------
| time/              |        |
|    fps             | 14     |
|    iterations      | 135    |
|    time_elapsed    | 19457  |
|    total_timesteps | 276480 |
-------------------------------
-----------------------------------------
| time/                   |             |
|    fps                  | 14          |
|    iterations           | 136         |
|    time_elapsed         | 19594       |
|    total_timesteps      | 278528      |
| train/                  |             |
|    approx_kl            | 0.021713372 |
|    clip_fraction        | 0.212       |
|    clip_range           | 0.2         |
|    entropy_loss         | -21.5       |
|    explained_variance   | -0.288      |
|    learning_rate        | 0.0003      |
|    loss                 | -0.175      |
|    n_updates            | 1350        |
|    policy_gradient_loss | -0.0411     |
|    std                  | 3.6         |
|    value_loss           | 0.434       |
-----------------------------------------
Eval num_timesteps=280000, episode_reward=0.20 +/- 2.90
Episode length: 52.00 +/- 0.00
-----------------------------------------
| eval/                   |             |
|    mean_ep_length       | 52          |
|    mean_reward          | 0.2         |
| lens1/                  |             |
|    dim_0_var            | 0.42012295  |
|    dim_1_var            | 0.47829628  |
|    dim_2_var            | 0.5861591   |
|    dim_3_var            | 0.75171113  |
|    dim_4_var            | 0.56835127  |
|    dim_5_var            | 0.7528796   |
|    dim_6_var            | 0.5471133   |
|    dim_7_var            | 0.36836824  |
|    encoding_variance    | 0.5591253   |
| policy/                 |             |
|    ent_coef             | 0.0127      |
| time/                   |             |
|    total_timesteps      | 280000      |
| train/                  |             |
|    approx_kl            | 0.025179986 |
|    clip_fraction        | 0.258       |
|    clip_range           | 0.2         |
|    entropy_loss         | -21.5       |
|    explained_variance   | 0.0656      |
|    learning_rate        | 0.0003      |
|    loss                 | -0.291      |
|    n_updates            | 1360        |
|    policy_gradient_loss | -0.0476     |
|    std                  | 3.61        |
|    value_loss           | 0.371       |
-----------------------------------------
-------------------------------
| time/              |        |
|    fps             | 14     |
|    iterations      | 137    |
|    time_elapsed    | 19746  |
|    total_timesteps | 280576 |
-------------------------------
-----------------------------------------
| time/                   |             |
|    fps                  | 14          |
|    iterations           | 138         |
|    time_elapsed         | 19872       |
|    total_timesteps      | 282624      |
| train/                  |             |
|    approx_kl            | 0.019817227 |
|    clip_fraction        | 0.214       |
|    clip_range           | 0.2         |
|    entropy_loss         | -21.5       |
|    explained_variance   | -0.0842     |
|    learning_rate        | 0.0003      |
|    loss                 | -0.184      |
|    n_updates            | 1370        |
|    policy_gradient_loss | -0.0411     |
|    std                  | 3.6         |
|    value_loss           | 0.487       |
-----------------------------------------
-----------------------------------------
| time/                   |             |
|    fps                  | 14          |
|    iterations           | 139         |
|    time_elapsed         | 20009       |
|    total_timesteps      | 284672      |
| train/                  |             |
|    approx_kl            | 0.020209044 |
|    clip_fraction        | 0.213       |
|    clip_range           | 0.2         |
|    entropy_loss         | -21.5       |
|    explained_variance   | -0.0954     |
|    learning_rate        | 0.0003      |
|    loss                 | -0.276      |
|    n_updates            | 1380        |
|    policy_gradient_loss | -0.0399     |
|    std                  | 3.61        |
|    value_loss           | 0.46        |
-----------------------------------------
Eval num_timesteps=285000, episode_reward=0.90 +/- 2.40
Episode length: 52.00 +/- 0.00
-----------------------------------------
| eval/                   |             |
|    mean_ep_length       | 52          |
|    mean_reward          | 0.904       |
| lens1/                  |             |
|    dim_0_var            | 0.45812538  |
|    dim_1_var            | 0.33891952  |
|    dim_2_var            | 0.41777402  |
|    dim_3_var            | 0.6804399   |
|    dim_4_var            | 0.93401766  |
|    dim_5_var            | 0.48591685  |
|    dim_6_var            | 0.5035685   |
|    dim_7_var            | 0.8470227   |
|    encoding_variance    | 0.5832231   |
| policy/                 |             |
|    ent_coef             | 0.012       |
| time/                   |             |
|    total_timesteps      | 285000      |
| train/                  |             |
|    approx_kl            | 0.018331321 |
|    clip_fraction        | 0.194       |
|    clip_range           | 0.2         |
|    entropy_loss         | -21.6       |
|    explained_variance   | -0.221      |
|    learning_rate        | 0.0003      |
|    loss                 | 0.0895      |
|    n_updates            | 1390        |
|    policy_gradient_loss | -0.0405     |
|    std                  | 3.63        |
|    value_loss           | 0.609       |
-----------------------------------------
-------------------------------
| time/              |        |
|    fps             | 14     |
|    iterations      | 140    |
|    time_elapsed    | 20149  |
|    total_timesteps | 286720 |
-------------------------------
----------------------------------------
| time/                   |            |
|    fps                  | 14         |
|    iterations           | 141        |
|    time_elapsed         | 20306      |
|    total_timesteps      | 288768     |
| train/                  |            |
|    approx_kl            | 0.02149964 |
|    clip_fraction        | 0.21       |
|    clip_range           | 0.2        |
|    entropy_loss         | -21.6      |
|    explained_variance   | -0.276     |
|    learning_rate        | 0.0003     |
|    loss                 | -0.164     |
|    n_updates            | 1400       |
|    policy_gradient_loss | -0.0432    |
|    std                  | 3.64       |
|    value_loss           | 0.592      |
----------------------------------------
Eval num_timesteps=290000, episode_reward=1.08 +/- 2.56
Episode length: 52.00 +/- 0.00
-----------------------------------------
| eval/                   |             |
|    mean_ep_length       | 52          |
|    mean_reward          | 1.08        |
| lens1/                  |             |
|    dim_0_var            | 0.5425374   |
|    dim_1_var            | 0.6861933   |
|    dim_2_var            | 0.95863205  |
|    dim_3_var            | 0.41958064  |
|    dim_4_var            | 0.53294635  |
|    dim_5_var            | 0.90830785  |
|    dim_6_var            | 0.692664    |
|    dim_7_var            | 0.39390647  |
|    encoding_variance    | 0.6418462   |
| policy/                 |             |
|    ent_coef             | 0.0113      |
| time/                   |             |
|    total_timesteps      | 290000      |
| train/                  |             |
|    approx_kl            | 0.022606507 |
|    clip_fraction        | 0.221       |
|    clip_range           | 0.2         |
|    entropy_loss         | -21.6       |
|    explained_variance   | 0.0585      |
|    learning_rate        | 0.0003      |
|    loss                 | -0.217      |
|    n_updates            | 1410        |
|    policy_gradient_loss | -0.0455     |
|    std                  | 3.63        |
|    value_loss           | 0.601       |
-----------------------------------------
-------------------------------
| time/              |        |
|    fps             | 14     |
|    iterations      | 142    |
|    time_elapsed    | 20463  |
|    total_timesteps | 290816 |
-------------------------------
-----------------------------------------
| time/                   |             |
|    fps                  | 14          |
|    iterations           | 143         |
|    time_elapsed         | 20610       |
|    total_timesteps      | 292864      |
| train/                  |             |
|    approx_kl            | 0.021003066 |
|    clip_fraction        | 0.215       |
|    clip_range           | 0.2         |
|    entropy_loss         | -21.6       |
|    explained_variance   | -0.265      |
|    learning_rate        | 0.0003      |
|    loss                 | -0.0122     |
|    n_updates            | 1420        |
|    policy_gradient_loss | -0.0432     |
|    std                  | 3.65        |
|    value_loss           | 0.598       |
-----------------------------------------
-----------------------------------------
| time/                   |             |
|    fps                  | 14          |
|    iterations           | 144         |
|    time_elapsed         | 20745       |
|    total_timesteps      | 294912      |
| train/                  |             |
|    approx_kl            | 0.021932278 |
|    clip_fraction        | 0.216       |
|    clip_range           | 0.2         |
|    entropy_loss         | -21.6       |
|    explained_variance   | -0.168      |
|    learning_rate        | 0.0003      |
|    loss                 | -0.121      |
|    n_updates            | 1430        |
|    policy_gradient_loss | -0.0455     |
|    std                  | 3.66        |
|    value_loss           | 0.447       |
-----------------------------------------
Eval num_timesteps=295000, episode_reward=0.52 +/- 2.19
Episode length: 52.00 +/- 0.00
-----------------------------------------
| eval/                   |             |
|    mean_ep_length       | 52          |
|    mean_reward          | 0.52        |
| lens1/                  |             |
|    dim_0_var            | 0.27782276  |
|    dim_1_var            | 0.9576419   |
|    dim_2_var            | 0.93834764  |
|    dim_3_var            | 0.90607333  |
|    dim_4_var            | 0.34518918  |
|    dim_5_var            | 0.45907202  |
|    dim_6_var            | 0.9646698   |
|    dim_7_var            | 0.44821808  |
|    encoding_variance    | 0.66212916  |
| policy/                 |             |
|    ent_coef             | 0.0107      |
| time/                   |             |
|    total_timesteps      | 295000      |
| train/                  |             |
|    approx_kl            | 0.022727393 |
|    clip_fraction        | 0.226       |
|    clip_range           | 0.2         |
|    entropy_loss         | -21.6       |
|    explained_variance   | -0.331      |
|    learning_rate        | 0.0003      |
|    loss                 | -0.0925     |
|    n_updates            | 1440        |
|    policy_gradient_loss | -0.0443     |
|    std                  | 3.65        |
|    value_loss           | 0.598       |
-----------------------------------------
-------------------------------
| time/              |        |
|    fps             | 14     |
|    iterations      | 145    |
|    time_elapsed    | 20904  |
|    total_timesteps | 296960 |
-------------------------------
---------------------------------------
| time/                   |           |
|    fps                  | 14        |
|    iterations           | 146       |
|    time_elapsed         | 21059     |
|    total_timesteps      | 299008    |
| train/                  |           |
|    approx_kl            | 0.0205885 |
|    clip_fraction        | 0.207     |
|    clip_range           | 0.2       |
|    entropy_loss         | -21.6     |
|    explained_variance   | -0.291    |
|    learning_rate        | 0.0003    |
|    loss                 | -0.0854   |
|    n_updates            | 1450      |
|    policy_gradient_loss | -0.0409   |
|    std                  | 3.65      |
|    value_loss           | 0.444     |
---------------------------------------
Eval num_timesteps=300000, episode_reward=0.53 +/- 0.55
Episode length: 52.00 +/- 0.00
----------------------------------------
| eval/                   |            |
|    mean_ep_length       | 52         |
|    mean_reward          | 0.53       |
| lens1/                  |            |
|    dim_0_var            | 0.5142507  |
|    dim_1_var            | 0.35024333 |
|    dim_2_var            | 0.6334138  |
|    dim_3_var            | 0.95739883 |
|    dim_4_var            | 0.80348533 |
|    dim_5_var            | 0.43387794 |
|    dim_6_var            | 0.946343   |
|    dim_7_var            | 0.39578688 |
|    encoding_variance    | 0.62935007 |
| policy/                 |            |
|    ent_coef             | 0.01       |
| time/                   |            |
|    total_timesteps      | 300000     |
| train/                  |            |
|    approx_kl            | 0.02071502 |
|    clip_fraction        | 0.219      |
|    clip_range           | 0.2        |
|    entropy_loss         | -21.7      |
|    explained_variance   | 0.0787     |
|    learning_rate        | 0.0003     |
|    loss                 | -0.0427    |
|    n_updates            | 1460       |
|    policy_gradient_loss | -0.045     |
|    std                  | 3.66       |
|    value_loss           | 0.652      |
----------------------------------------
-------------------------------
| time/              |        |
|    fps             | 14     |
|    iterations      | 147    |
|    time_elapsed    | 21249  |
|    total_timesteps | 301056 |
-------------------------------
-----------------------------------------
| time/                   |             |
|    fps                  | 14          |
|    iterations           | 148         |
|    time_elapsed         | 21411       |
|    total_timesteps      | 303104      |
| train/                  |             |
|    approx_kl            | 0.019564368 |
|    clip_fraction        | 0.207       |
|    clip_range           | 0.2         |
|    entropy_loss         | -21.6       |
|    explained_variance   | -0.245      |
|    learning_rate        | 0.0003      |
|    loss                 | 0.0382      |
|    n_updates            | 1470        |
|    policy_gradient_loss | -0.0416     |
|    std                  | 3.64        |
|    value_loss           | 0.759       |
-----------------------------------------
Eval num_timesteps=305000, episode_reward=0.08 +/- 0.56
Episode length: 52.00 +/- 0.00
-----------------------------------------
| eval/                   |             |
|    mean_ep_length       | 52          |
|    mean_reward          | 0.08        |
| lens1/                  |             |
|    dim_0_var            | 0.34544885  |
|    dim_1_var            | 0.6335194   |
|    dim_2_var            | 0.4714418   |
|    dim_3_var            | 0.2118924   |
|    dim_4_var            | 0.4117406   |
|    dim_5_var            | 0.46286377  |
|    dim_6_var            | 0.58593863  |
|    dim_7_var            | 0.44629708  |
|    encoding_variance    | 0.44614273  |
| policy/                 |             |
|    ent_coef             | 0.01        |
| time/                   |             |
|    total_timesteps      | 305000      |
| train/                  |             |
|    approx_kl            | 0.023543246 |
|    clip_fraction        | 0.231       |
|    clip_range           | 0.2         |
|    entropy_loss         | -21.6       |
|    explained_variance   | -0.0919     |
|    learning_rate        | 0.0003      |
|    loss                 | -0.0679     |
|    n_updates            | 1480        |
|    policy_gradient_loss | -0.0471     |
|    std                  | 3.65        |
|    value_loss           | 0.592       |
-----------------------------------------
-------------------------------
| time/              |        |
|    fps             | 14     |
|    iterations      | 149    |
|    time_elapsed    | 21576  |
|    total_timesteps | 305152 |
-------------------------------
-----------------------------------------
| time/                   |             |
|    fps                  | 14          |
|    iterations           | 150         |
|    time_elapsed         | 21742       |
|    total_timesteps      | 307200      |
| train/                  |             |
|    approx_kl            | 0.019790724 |
|    clip_fraction        | 0.217       |
|    clip_range           | 0.2         |
|    entropy_loss         | -21.6       |
|    explained_variance   | -0.316      |
|    learning_rate        | 0.0003      |
|    loss                 | -0.114      |
|    n_updates            | 1490        |
|    policy_gradient_loss | -0.0445     |
|    std                  | 3.65        |
|    value_loss           | 0.568       |
-----------------------------------------
----------------------------------------
| time/                   |            |
|    fps                  | 14         |
|    iterations           | 151        |
|    time_elapsed         | 21898      |
|    total_timesteps      | 309248     |
| train/                  |            |
|    approx_kl            | 0.02410636 |
|    clip_fraction        | 0.248      |
|    clip_range           | 0.2        |
|    entropy_loss         | -21.7      |
|    explained_variance   | -0.0809    |
|    learning_rate        | 0.0003     |
|    loss                 | -0.205     |
|    n_updates            | 1500       |
|    policy_gradient_loss | -0.0482    |
|    std                  | 3.66       |
|    value_loss           | 0.381      |
----------------------------------------
Eval num_timesteps=310000, episode_reward=0.00 +/- 0.44
Episode length: 52.00 +/- 0.00
-----------------------------------------
| eval/                   |             |
|    mean_ep_length       | 52          |
|    mean_reward          | 5.96e-09    |
| lens1/                  |             |
|    dim_0_var            | 0.9352318   |
|    dim_1_var            | 0.54184204  |
|    dim_2_var            | 0.72086143  |
|    dim_3_var            | 0.21885245  |
|    dim_4_var            | 0.58553356  |
|    dim_5_var            | 0.44177926  |
|    dim_6_var            | 0.29502833  |
|    dim_7_var            | 0.68790513  |
|    encoding_variance    | 0.5533792   |
| policy/                 |             |
|    ent_coef             | 0.01        |
| time/                   |             |
|    total_timesteps      | 310000      |
| train/                  |             |
|    approx_kl            | 0.025999852 |
|    clip_fraction        | 0.271       |
|    clip_range           | 0.2         |
|    entropy_loss         | -21.6       |
|    explained_variance   | -0.0682     |
|    learning_rate        | 0.0003      |
|    loss                 | -0.147      |
|    n_updates            | 1510        |
|    policy_gradient_loss | -0.0483     |
|    std                  | 3.64        |
|    value_loss           | 0.321       |
-----------------------------------------
-------------------------------
| time/              |        |
|    fps             | 14     |
|    iterations      | 152    |
|    time_elapsed    | 22040  |
|    total_timesteps | 311296 |
-------------------------------
-----------------------------------------
| time/                   |             |
|    fps                  | 14          |
|    iterations           | 153         |
|    time_elapsed         | 22181       |
|    total_timesteps      | 313344      |
| train/                  |             |
|    approx_kl            | 0.024351614 |
|    clip_fraction        | 0.224       |
|    clip_range           | 0.2         |
|    entropy_loss         | -21.6       |
|    explained_variance   | -0.158      |
|    learning_rate        | 0.0003      |
|    loss                 | -0.137      |
|    n_updates            | 1520        |
|    policy_gradient_loss | -0.0466     |
|    std                  | 3.65        |
|    value_loss           | 0.717       |
-----------------------------------------
Eval num_timesteps=315000, episode_reward=1.43 +/- 2.39
Episode length: 52.00 +/- 0.00
-----------------------------------------
| eval/                   |             |
|    mean_ep_length       | 52          |
|    mean_reward          | 1.43        |
| lens1/                  |             |
|    dim_0_var            | 0.82924     |
|    dim_1_var            | 0.6425214   |
|    dim_2_var            | 0.41784656  |
|    dim_3_var            | 0.63361937  |
|    dim_4_var            | 0.85303366  |
|    dim_5_var            | 0.9496428   |
|    dim_6_var            | 0.64985657  |
|    dim_7_var            | 0.83558196  |
|    encoding_variance    | 0.7264179   |
| policy/                 |             |
|    ent_coef             | 0.01        |
| time/                   |             |
|    total_timesteps      | 315000      |
| train/                  |             |
|    approx_kl            | 0.021768928 |
|    clip_fraction        | 0.219       |
|    clip_range           | 0.2         |
|    entropy_loss         | -21.6       |
|    explained_variance   | -0.245      |
|    learning_rate        | 0.0003      |
|    loss                 | -0.0498     |
|    n_updates            | 1530        |
|    policy_gradient_loss | -0.0416     |
|    std                  | 3.66        |
|    value_loss           | 0.551       |
-----------------------------------------
-------------------------------
| time/              |        |
|    fps             | 14     |
|    iterations      | 154    |
|    time_elapsed    | 22328  |
|    total_timesteps | 315392 |
-------------------------------
----------------------------------------
| time/                   |            |
|    fps                  | 14         |
|    iterations           | 155        |
|    time_elapsed         | 22485      |
|    total_timesteps      | 317440     |
| train/                  |            |
|    approx_kl            | 0.01956229 |
|    clip_fraction        | 0.206      |
|    clip_range           | 0.2        |
|    entropy_loss         | -21.6      |
|    explained_variance   | 0.157      |
|    learning_rate        | 0.0003     |
|    loss                 | -0.167     |
|    n_updates            | 1540       |
|    policy_gradient_loss | -0.0427    |
|    std                  | 3.65       |
|    value_loss           | 0.639      |
----------------------------------------
-----------------------------------------
| time/                   |             |
|    fps                  | 14          |
|    iterations           | 156         |
|    time_elapsed         | 22623       |
|    total_timesteps      | 319488      |
| train/                  |             |
|    approx_kl            | 0.023918454 |
|    clip_fraction        | 0.229       |
|    clip_range           | 0.2         |
|    entropy_loss         | -21.6       |
|    explained_variance   | -0.273      |
|    learning_rate        | 0.0003      |
|    loss                 | -0.108      |
|    n_updates            | 1550        |
|    policy_gradient_loss | -0.0436     |
|    std                  | 3.64        |
|    value_loss           | 0.474       |
-----------------------------------------
Eval num_timesteps=320000, episode_reward=0.22 +/- 0.65
Episode length: 52.00 +/- 0.00
-----------------------------------------
| eval/                   |             |
|    mean_ep_length       | 52          |
|    mean_reward          | 0.22        |
| lens1/                  |             |
|    dim_0_var            | 0.44495     |
|    dim_1_var            | 0.9464215   |
|    dim_2_var            | 0.9078731   |
|    dim_3_var            | 0.96015567  |
|    dim_4_var            | 0.7448767   |
|    dim_5_var            | 0.669468    |
|    dim_6_var            | 0.48613754  |
|    dim_7_var            | 0.8262321   |
|    encoding_variance    | 0.7482643   |
| policy/                 |             |
|    ent_coef             | 0.01        |
| time/                   |             |
|    total_timesteps      | 320000      |
| train/                  |             |
|    approx_kl            | 0.025438758 |
|    clip_fraction        | 0.245       |
|    clip_range           | 0.2         |
|    entropy_loss         | -21.6       |
|    explained_variance   | -0.115      |
|    learning_rate        | 0.0003      |
|    loss                 | -0.149      |
|    n_updates            | 1560        |
|    policy_gradient_loss | -0.0455     |
|    std                  | 3.64        |
|    value_loss           | 0.476       |
-----------------------------------------
-------------------------------
| time/              |        |
|    fps             | 14     |
|    iterations      | 157    |
|    time_elapsed    | 22787  |
|    total_timesteps | 321536 |
-------------------------------
-----------------------------------------
| time/                   |             |
|    fps                  | 14          |
|    iterations           | 158         |
|    time_elapsed         | 22949       |
|    total_timesteps      | 323584      |
| train/                  |             |
|    approx_kl            | 0.021563794 |
|    clip_fraction        | 0.219       |
|    clip_range           | 0.2         |
|    entropy_loss         | -21.6       |
|    explained_variance   | -0.0375     |
|    learning_rate        | 0.0003      |
|    loss                 | -0.0344     |
|    n_updates            | 1570        |
|    policy_gradient_loss | -0.0443     |
|    std                  | 3.64        |
|    value_loss           | 0.592       |
-----------------------------------------
Eval num_timesteps=325000, episode_reward=1.06 +/- 1.59
Episode length: 52.00 +/- 0.00
----------------------------------------
| eval/                   |            |
|    mean_ep_length       | 52         |
|    mean_reward          | 1.06       |
| lens1/                  |            |
|    dim_0_var            | 0.41881698 |
|    dim_1_var            | 0.2927283  |
|    dim_2_var            | 0.947915   |
|    dim_3_var            | 0.5331945  |
|    dim_4_var            | 0.49494484 |
|    dim_5_var            | 0.37149444 |
|    dim_6_var            | 0.4652239  |
|    dim_7_var            | 0.9592366  |
|    encoding_variance    | 0.56044436 |
| policy/                 |            |
|    ent_coef             | 0.01       |
| time/                   |            |
|    total_timesteps      | 325000     |
| train/                  |            |
|    approx_kl            | 0.02452737 |
|    clip_fraction        | 0.239      |
|    clip_range           | 0.2        |
|    entropy_loss         | -21.6      |
|    explained_variance   | -0.111     |
|    learning_rate        | 0.0003     |
|    loss                 | -0.0772    |
|    n_updates            | 1580       |
|    policy_gradient_loss | -0.0481    |
|    std                  | 3.64       |
|    value_loss           | 0.466      |
----------------------------------------
-------------------------------
| time/              |        |
|    fps             | 14     |
|    iterations      | 159    |
|    time_elapsed    | 23109  |
|    total_timesteps | 325632 |
-------------------------------
-----------------------------------------
| time/                   |             |
|    fps                  | 14          |
|    iterations           | 160         |
|    time_elapsed         | 23277       |
|    total_timesteps      | 327680      |
| train/                  |             |
|    approx_kl            | 0.028054284 |
|    clip_fraction        | 0.277       |
|    clip_range           | 0.2         |
|    entropy_loss         | -21.6       |
|    explained_variance   | -0.321      |
|    learning_rate        | 0.0003      |
|    loss                 | -0.0971     |
|    n_updates            | 1590        |
|    policy_gradient_loss | -0.0478     |
|    std                  | 3.67        |
|    value_loss           | 0.458       |
-----------------------------------------
-----------------------------------------
| time/                   |             |
|    fps                  | 14          |
|    iterations           | 161         |
|    time_elapsed         | 23426       |
|    total_timesteps      | 329728      |
| train/                  |             |
|    approx_kl            | 0.021686956 |
|    clip_fraction        | 0.226       |
|    clip_range           | 0.2         |
|    entropy_loss         | -21.7       |
|    explained_variance   | -0.0235     |
|    learning_rate        | 0.0003      |
|    loss                 | -0.0582     |
|    n_updates            | 1600        |
|    policy_gradient_loss | -0.0452     |
|    std                  | 3.67        |
|    value_loss           | 0.74        |
-----------------------------------------
Eval num_timesteps=330000, episode_reward=-0.40 +/- 0.24
Episode length: 52.00 +/- 0.00
-----------------------------------------
| eval/                   |             |
|    mean_ep_length       | 52          |
|    mean_reward          | -0.4        |
| lens1/                  |             |
|    dim_0_var            | 0.36882567  |
|    dim_1_var            | 0.2945577   |
|    dim_2_var            | 0.5583916   |
|    dim_3_var            | 0.24947014  |
|    dim_4_var            | 0.37979472  |
|    dim_5_var            | 0.40198857  |
|    dim_6_var            | 0.565208    |
|    dim_7_var            | 0.9640031   |
|    encoding_variance    | 0.47277996  |
| policy/                 |             |
|    ent_coef             | 0.01        |
| time/                   |             |
|    total_timesteps      | 330000      |
| train/                  |             |
|    approx_kl            | 0.025431836 |
|    clip_fraction        | 0.255       |
|    clip_range           | 0.2         |
|    entropy_loss         | -21.7       |
|    explained_variance   | -0.181      |
|    learning_rate        | 0.0003      |
|    loss                 | -0.0698     |
|    n_updates            | 1610        |
|    policy_gradient_loss | -0.0482     |
|    std                  | 3.67        |
|    value_loss           | 0.459       |
-----------------------------------------
-------------------------------
| time/              |        |
|    fps             | 14     |
|    iterations      | 162    |
|    time_elapsed    | 23564  |
|    total_timesteps | 331776 |
-------------------------------
-----------------------------------------
| time/                   |             |
|    fps                  | 14          |
|    iterations           | 163         |
|    time_elapsed         | 23697       |
|    total_timesteps      | 333824      |
| train/                  |             |
|    approx_kl            | 0.023207435 |
|    clip_fraction        | 0.256       |
|    clip_range           | 0.2         |
|    entropy_loss         | -21.7       |
|    explained_variance   | -0.294      |
|    learning_rate        | 0.0003      |
|    loss                 | -0.0969     |
|    n_updates            | 1620        |
|    policy_gradient_loss | -0.0445     |
|    std                  | 3.67        |
|    value_loss           | 0.491       |
-----------------------------------------
Eval num_timesteps=335000, episode_reward=0.08 +/- 0.35
Episode length: 52.00 +/- 0.00
----------------------------------------
| eval/                   |            |
|    mean_ep_length       | 52         |
|    mean_reward          | 0.08       |
| lens1/                  |            |
|    dim_0_var            | 0.9753022  |
|    dim_1_var            | 0.40658367 |
|    dim_2_var            | 0.43238533 |
|    dim_3_var            | 0.82739294 |
|    dim_4_var            | 0.44466072 |
|    dim_5_var            | 0.5909315  |
|    dim_6_var            | 0.39285854 |
|    dim_7_var            | 0.9659533  |
|    encoding_variance    | 0.62950873 |
| policy/                 |            |
|    ent_coef             | 0.01       |
| time/                   |            |
|    total_timesteps      | 335000     |
| train/                  |            |
|    approx_kl            | 0.02097518 |
|    clip_fraction        | 0.216      |
|    clip_range           | 0.2        |
|    entropy_loss         | -21.7      |
|    explained_variance   | -0.00842   |
|    learning_rate        | 0.0003     |
|    loss                 | 0.0919     |
|    n_updates            | 1630       |
|    policy_gradient_loss | -0.0457    |
|    std                  | 3.67       |
|    value_loss           | 0.893      |
----------------------------------------
-------------------------------
| time/              |        |
|    fps             | 14     |
|    iterations      | 164    |
|    time_elapsed    | 23843  |
|    total_timesteps | 335872 |
-------------------------------
-----------------------------------------
| time/                   |             |
|    fps                  | 14          |
|    iterations           | 165         |
|    time_elapsed         | 23981       |
|    total_timesteps      | 337920      |
| train/                  |             |
|    approx_kl            | 0.023302838 |
|    clip_fraction        | 0.233       |
|    clip_range           | 0.2         |
|    entropy_loss         | -21.7       |
|    explained_variance   | 0.0828      |
|    learning_rate        | 0.0003      |
|    loss                 | -0.0456     |
|    n_updates            | 1640        |
|    policy_gradient_loss | -0.0469     |
|    std                  | 3.68        |
|    value_loss           | 0.66        |
-----------------------------------------
-----------------------------------------
| time/                   |             |
|    fps                  | 14          |
|    iterations           | 166         |
|    time_elapsed         | 24121       |
|    total_timesteps      | 339968      |
| train/                  |             |
|    approx_kl            | 0.023710154 |
|    clip_fraction        | 0.238       |
|    clip_range           | 0.2         |
|    entropy_loss         | -21.7       |
|    explained_variance   | -0.115      |
|    learning_rate        | 0.0003      |
|    loss                 | -0.127      |
|    n_updates            | 1650        |
|    policy_gradient_loss | -0.0475     |
|    std                  | 3.7         |
|    value_loss           | 0.554       |
-----------------------------------------
Eval num_timesteps=340000, episode_reward=1.70 +/- 2.55
Episode length: 52.00 +/- 0.00
----------------------------------------
| eval/                   |            |
|    mean_ep_length       | 52         |
|    mean_reward          | 1.7        |
| lens1/                  |            |
|    dim_0_var            | 0.5329498  |
|    dim_1_var            | 0.37188327 |
|    dim_2_var            | 0.3901121  |
|    dim_3_var            | 0.45268798 |
|    dim_4_var            | 0.43373382 |
|    dim_5_var            | 0.60389936 |
|    dim_6_var            | 0.69225657 |
|    dim_7_var            | 0.8451129  |
|    encoding_variance    | 0.5403296  |
| policy/                 |            |
|    ent_coef             | 0.01       |
| time/                   |            |
|    total_timesteps      | 340000     |
| train/                  |            |
|    approx_kl            | 0.0230285  |
|    clip_fraction        | 0.23       |
|    clip_range           | 0.2        |
|    entropy_loss         | -21.7      |
|    explained_variance   | -0.0534    |
|    learning_rate        | 0.0003     |
|    loss                 | -0.169     |
|    n_updates            | 1660       |
|    policy_gradient_loss | -0.0447    |
|    std                  | 3.7        |
|    value_loss           | 0.595      |
----------------------------------------
-------------------------------
| time/              |        |
|    fps             | 14     |
|    iterations      | 167    |
|    time_elapsed    | 24272  |
|    total_timesteps | 342016 |
-------------------------------
-----------------------------------------
| time/                   |             |
|    fps                  | 14          |
|    iterations           | 168         |
|    time_elapsed         | 24425       |
|    total_timesteps      | 344064      |
| train/                  |             |
|    approx_kl            | 0.027312223 |
|    clip_fraction        | 0.265       |
|    clip_range           | 0.2         |
|    entropy_loss         | -21.7       |
|    explained_variance   | -0.509      |
|    learning_rate        | 0.0003      |
|    loss                 | -0.224      |
|    n_updates            | 1670        |
|    policy_gradient_loss | -0.0447     |
|    std                  | 3.71        |
|    value_loss           | 0.223       |
-----------------------------------------
Eval num_timesteps=345000, episode_reward=-0.50 +/- 0.55
Episode length: 52.00 +/- 0.00
-----------------------------------------
| eval/                   |             |
|    mean_ep_length       | 52          |
|    mean_reward          | -0.5        |
| lens1/                  |             |
|    dim_0_var            | 0.669335    |
|    dim_1_var            | 0.80095375  |
|    dim_2_var            | 0.40873143  |
|    dim_3_var            | 0.6291247   |
|    dim_4_var            | 0.44196782  |
|    dim_5_var            | 0.538354    |
|    dim_6_var            | 0.6169589   |
|    dim_7_var            | 0.5428859   |
|    encoding_variance    | 0.58103883  |
| policy/                 |             |
|    ent_coef             | 0.01        |
| time/                   |             |
|    total_timesteps      | 345000      |
| train/                  |             |
|    approx_kl            | 0.024397658 |
|    clip_fraction        | 0.234       |
|    clip_range           | 0.2         |
|    entropy_loss         | -21.7       |
|    explained_variance   | -0.0975     |
|    learning_rate        | 0.0003      |
|    loss                 | -0.103      |
|    n_updates            | 1680        |
|    policy_gradient_loss | -0.0446     |
|    std                  | 3.72        |
|    value_loss           | 0.59        |
-----------------------------------------
-------------------------------
| time/              |        |
|    fps             | 14     |
|    iterations      | 169    |
|    time_elapsed    | 24573  |
|    total_timesteps | 346112 |
-------------------------------
-----------------------------------------
| time/                   |             |
|    fps                  | 14          |
|    iterations           | 170         |
|    time_elapsed         | 24715       |
|    total_timesteps      | 348160      |
| train/                  |             |
|    approx_kl            | 0.020972768 |
|    clip_fraction        | 0.212       |
|    clip_range           | 0.2         |
|    entropy_loss         | -21.8       |
|    explained_variance   | -0.164      |
|    learning_rate        | 0.0003      |
|    loss                 | -0.0698     |
|    n_updates            | 1690        |
|    policy_gradient_loss | -0.0435     |
|    std                  | 3.74        |
|    value_loss           | 0.672       |
-----------------------------------------
Eval num_timesteps=350000, episode_reward=1.97 +/- 2.72
Episode length: 52.00 +/- 0.00
----------------------------------------
| eval/                   |            |
|    mean_ep_length       | 52         |
|    mean_reward          | 1.97       |
| lens1/                  |            |
|    dim_0_var            | 0.8161916  |
|    dim_1_var            | 0.73304534 |
|    dim_2_var            | 0.67818785 |
|    dim_3_var            | 0.49472022 |
|    dim_4_var            | 0.92547256 |
|    dim_5_var            | 0.35817787 |
|    dim_6_var            | 0.77312887 |
|    dim_7_var            | 0.64503044 |
|    encoding_variance    | 0.6779943  |
| policy/                 |            |
|    ent_coef             | 0.01       |
| time/                   |            |
|    total_timesteps      | 350000     |
| train/                  |            |
|    approx_kl            | 0.01963805 |
|    clip_fraction        | 0.22       |
|    clip_range           | 0.2        |
|    entropy_loss         | -21.8      |
|    explained_variance   | 0.0418     |
|    learning_rate        | 0.0003     |
|    loss                 | 0.0408     |
|    n_updates            | 1700       |
|    policy_gradient_loss | -0.0435    |
|    std                  | 3.72       |
|    value_loss           | 0.801      |
----------------------------------------
-------------------------------
| time/              |        |
|    fps             | 14     |
|    iterations      | 171    |
|    time_elapsed    | 24854  |
|    total_timesteps | 350208 |
-------------------------------
-----------------------------------------
| time/                   |             |
|    fps                  | 14          |
|    iterations           | 172         |
|    time_elapsed         | 24995       |
|    total_timesteps      | 352256      |
| train/                  |             |
|    approx_kl            | 0.023174644 |
|    clip_fraction        | 0.219       |
|    clip_range           | 0.2         |
|    entropy_loss         | -21.8       |
|    explained_variance   | -0.0142     |
|    learning_rate        | 0.0003      |
|    loss                 | -0.0396     |
|    n_updates            | 1710        |
|    policy_gradient_loss | -0.0467     |
|    std                  | 3.73        |
|    value_loss           | 0.654       |
-----------------------------------------
----------------------------------------
| time/                   |            |
|    fps                  | 14         |
|    iterations           | 173        |
|    time_elapsed         | 25151      |
|    total_timesteps      | 354304     |
| train/                  |            |
|    approx_kl            | 0.02557888 |
|    clip_fraction        | 0.246      |
|    clip_range           | 0.2        |
|    entropy_loss         | -21.8      |
|    explained_variance   | -0.164     |
|    learning_rate        | 0.0003     |
|    loss                 | -0.113     |
|    n_updates            | 1720       |
|    policy_gradient_loss | -0.0475    |
|    std                  | 3.73       |
|    value_loss           | 0.455      |
----------------------------------------
Eval num_timesteps=355000, episode_reward=-0.12 +/- 0.28
Episode length: 52.00 +/- 0.00
----------------------------------------
| eval/                   |            |
|    mean_ep_length       | 52         |
|    mean_reward          | -0.12      |
| lens1/                  |            |
|    dim_0_var            | 0.94574445 |
|    dim_1_var            | 0.52318853 |
|    dim_2_var            | 0.9528555  |
|    dim_3_var            | 0.26171294 |
|    dim_4_var            | 0.38466945 |
|    dim_5_var            | 0.56907254 |
|    dim_6_var            | 0.40058586 |
|    dim_7_var            | 0.22269295 |
|    encoding_variance    | 0.5325651  |
| policy/                 |            |
|    ent_coef             | 0.01       |
| time/                   |            |
|    total_timesteps      | 355000     |
| train/                  |            |
|    approx_kl            | 0.02378116 |
|    clip_fraction        | 0.235      |
|    clip_range           | 0.2        |
|    entropy_loss         | -21.8      |
|    explained_variance   | -0.163     |
|    learning_rate        | 0.0003     |
|    loss                 | -0.0545    |
|    n_updates            | 1730       |
|    policy_gradient_loss | -0.0487    |
|    std                  | 3.75       |
|    value_loss           | 0.575      |
----------------------------------------
-------------------------------
| time/              |        |
|    fps             | 14     |
|    iterations      | 174    |
|    time_elapsed    | 25333  |
|    total_timesteps | 356352 |
-------------------------------
-----------------------------------------
| time/                   |             |
|    fps                  | 14          |
|    iterations           | 175         |
|    time_elapsed         | 25531       |
|    total_timesteps      | 358400      |
| train/                  |             |
|    approx_kl            | 0.025413562 |
|    clip_fraction        | 0.248       |
|    clip_range           | 0.2         |
|    entropy_loss         | -21.8       |
|    explained_variance   | -0.297      |
|    learning_rate        | 0.0003      |
|    loss                 | -0.11       |
|    n_updates            | 1740        |
|    policy_gradient_loss | -0.0487     |
|    std                  | 3.75        |
|    value_loss           | 0.477       |
-----------------------------------------
Eval num_timesteps=360000, episode_reward=0.79 +/- 2.13
Episode length: 52.00 +/- 0.00
-----------------------------------------
| eval/                   |             |
|    mean_ep_length       | 52          |
|    mean_reward          | 0.79        |
| lens1/                  |             |
|    dim_0_var            | 0.38061768  |
|    dim_1_var            | 0.54785734  |
|    dim_2_var            | 0.43123192  |
|    dim_3_var            | 0.95855623  |
|    dim_4_var            | 0.9597658   |
|    dim_5_var            | 0.9733325   |
|    dim_6_var            | 0.9226927   |
|    dim_7_var            | 0.94597155  |
|    encoding_variance    | 0.76500314  |
| policy/                 |             |
|    ent_coef             | 0.01        |
| time/                   |             |
|    total_timesteps      | 360000      |
| train/                  |             |
|    approx_kl            | 0.025962207 |
|    clip_fraction        | 0.262       |
|    clip_range           | 0.2         |
|    entropy_loss         | -21.8       |
|    explained_variance   | -0.282      |
|    learning_rate        | 0.0003      |
|    loss                 | -0.145      |
|    n_updates            | 1750        |
|    policy_gradient_loss | -0.0463     |
|    std                  | 3.76        |
|    value_loss           | 0.508       |
-----------------------------------------
-------------------------------
| time/              |        |
|    fps             | 14     |
|    iterations      | 176    |
|    time_elapsed    | 25733  |
|    total_timesteps | 360448 |
-------------------------------
-----------------------------------------
| time/                   |             |
|    fps                  | 13          |
|    iterations           | 177         |
|    time_elapsed         | 25915       |
|    total_timesteps      | 362496      |
| train/                  |             |
|    approx_kl            | 0.028419875 |
|    clip_fraction        | 0.282       |
|    clip_range           | 0.2         |
|    entropy_loss         | -21.8       |
|    explained_variance   | -0.471      |
|    learning_rate        | 0.0003      |
|    loss                 | -0.151      |
|    n_updates            | 1760        |
|    policy_gradient_loss | -0.0469     |
|    std                  | 3.78        |
|    value_loss           | 0.335       |
-----------------------------------------
-----------------------------------------
| time/                   |             |
|    fps                  | 13          |
|    iterations           | 178         |
|    time_elapsed         | 26102       |
|    total_timesteps      | 364544      |
| train/                  |             |
|    approx_kl            | 0.023126708 |
|    clip_fraction        | 0.229       |
|    clip_range           | 0.2         |
|    entropy_loss         | -21.8       |
|    explained_variance   | -0.0515     |
|    learning_rate        | 0.0003      |
|    loss                 | -0.154      |
|    n_updates            | 1770        |
|    policy_gradient_loss | -0.045      |
|    std                  | 3.77        |
|    value_loss           | 0.525       |
-----------------------------------------
Eval num_timesteps=365000, episode_reward=1.44 +/- 1.26
Episode length: 52.00 +/- 0.00
----------------------------------------
| eval/                   |            |
|    mean_ep_length       | 52         |
|    mean_reward          | 1.44       |
| lens1/                  |            |
|    dim_0_var            | 0.44876754 |
|    dim_1_var            | 0.5768305  |
|    dim_2_var            | 0.7433844  |
|    dim_3_var            | 0.63719577 |
|    dim_4_var            | 0.96790856 |
|    dim_5_var            | 0.2804802  |
|    dim_6_var            | 0.93849856 |
|    dim_7_var            | 0.60877705 |
|    encoding_variance    | 0.6502306  |
| policy/                 |            |
|    ent_coef             | 0.01       |
| time/                   |            |
|    total_timesteps      | 365000     |
| train/                  |            |
|    approx_kl            | 0.02400377 |
|    clip_fraction        | 0.245      |
|    clip_range           | 0.2        |
|    entropy_loss         | -21.8      |
|    explained_variance   | -0.143     |
|    learning_rate        | 0.0003     |
|    loss                 | -0.175     |
|    n_updates            | 1780       |
|    policy_gradient_loss | -0.0476    |
|    std                  | 3.76       |
|    value_loss           | 0.515      |
----------------------------------------
-------------------------------
| time/              |        |
|    fps             | 13     |
|    iterations      | 179    |
|    time_elapsed    | 26333  |
|    total_timesteps | 366592 |
-------------------------------
-----------------------------------------
| time/                   |             |
|    fps                  | 13          |
|    iterations           | 180         |
|    time_elapsed         | 26530       |
|    total_timesteps      | 368640      |
| train/                  |             |
|    approx_kl            | 0.027169734 |
|    clip_fraction        | 0.264       |
|    clip_range           | 0.2         |
|    entropy_loss         | -21.8       |
|    explained_variance   | -0.209      |
|    learning_rate        | 0.0003      |
|    loss                 | -0.152      |
|    n_updates            | 1790        |
|    policy_gradient_loss | -0.0499     |
|    std                  | 3.78        |
|    value_loss           | 0.494       |
-----------------------------------------
Eval num_timesteps=370000, episode_reward=-0.26 +/- 1.33
Episode length: 52.00 +/- 0.00
----------------------------------------
| eval/                   |            |
|    mean_ep_length       | 52         |
|    mean_reward          | -0.26      |
| lens1/                  |            |
|    dim_0_var            | 0.73368806 |
|    dim_1_var            | 0.56653094 |
|    dim_2_var            | 0.62050253 |
|    dim_3_var            | 0.96577364 |
|    dim_4_var            | 0.50281626 |
|    dim_5_var            | 0.6380304  |
|    dim_6_var            | 0.6664217  |
|    dim_7_var            | 0.9280255  |
|    encoding_variance    | 0.7027236  |
| policy/                 |            |
|    ent_coef             | 0.01       |
| time/                   |            |
|    total_timesteps      | 370000     |
| train/                  |            |
|    approx_kl            | 0.02342112 |
|    clip_fraction        | 0.233      |
|    clip_range           | 0.2        |
|    entropy_loss         | -21.9      |
|    explained_variance   | -0.203     |
|    learning_rate        | 0.0003     |
|    loss                 | -0.0352    |
|    n_updates            | 1800       |
|    policy_gradient_loss | -0.0475    |
|    std                  | 3.78       |
|    value_loss           | 0.657      |
----------------------------------------
-------------------------------
| time/              |        |
|    fps             | 13     |
|    iterations      | 181    |
|    time_elapsed    | 26710  |
|    total_timesteps | 370688 |
-------------------------------
-----------------------------------------
| time/                   |             |
|    fps                  | 13          |
|    iterations           | 182         |
|    time_elapsed         | 26889       |
|    total_timesteps      | 372736      |
| train/                  |             |
|    approx_kl            | 0.023718044 |
|    clip_fraction        | 0.229       |
|    clip_range           | 0.2         |
|    entropy_loss         | -21.9       |
|    explained_variance   | 0.044       |
|    learning_rate        | 0.0003      |
|    loss                 | -0.162      |
|    n_updates            | 1810        |
|    policy_gradient_loss | -0.0496     |
|    std                  | 3.81        |
|    value_loss           | 0.682       |
-----------------------------------------
-----------------------------------------
| time/                   |             |
|    fps                  | 13          |
|    iterations           | 183         |
|    time_elapsed         | 27061       |
|    total_timesteps      | 374784      |
| train/                  |             |
|    approx_kl            | 0.025879946 |
|    clip_fraction        | 0.265       |
|    clip_range           | 0.2         |
|    entropy_loss         | -21.9       |
|    explained_variance   | -0.175      |
|    learning_rate        | 0.0003      |
|    loss                 | -0.226      |
|    n_updates            | 1820        |
|    policy_gradient_loss | -0.0516     |
|    std                  | 3.8         |
|    value_loss           | 0.542       |
-----------------------------------------
Eval num_timesteps=375000, episode_reward=1.99 +/- 1.90
Episode length: 52.00 +/- 0.00
-----------------------------------------
| eval/                   |             |
|    mean_ep_length       | 52          |
|    mean_reward          | 1.99        |
| lens1/                  |             |
|    dim_0_var            | 0.6768071   |
|    dim_1_var            | 0.7329891   |
|    dim_2_var            | 0.72737646  |
|    dim_3_var            | 0.4564498   |
|    dim_4_var            | 0.6106245   |
|    dim_5_var            | 0.84530455  |
|    dim_6_var            | 0.6746208   |
|    dim_7_var            | 0.83376443  |
|    encoding_variance    | 0.6947421   |
| policy/                 |             |
|    ent_coef             | 0.01        |
| time/                   |             |
|    total_timesteps      | 375000      |
| train/                  |             |
|    approx_kl            | 0.026094219 |
|    clip_fraction        | 0.27        |
|    clip_range           | 0.2         |
|    entropy_loss         | -21.9       |
|    explained_variance   | -0.167      |
|    learning_rate        | 0.0003      |
|    loss                 | -0.169      |
|    n_updates            | 1830        |
|    policy_gradient_loss | -0.05       |
|    std                  | 3.81        |
|    value_loss           | 0.488       |
-----------------------------------------
-------------------------------
| time/              |        |
|    fps             | 13     |
|    iterations      | 184    |
|    time_elapsed    | 27257  |
|    total_timesteps | 376832 |
-------------------------------
-----------------------------------------
| time/                   |             |
|    fps                  | 13          |
|    iterations           | 185         |
|    time_elapsed         | 27434       |
|    total_timesteps      | 378880      |
| train/                  |             |
|    approx_kl            | 0.027595963 |
|    clip_fraction        | 0.252       |
|    clip_range           | 0.2         |
|    entropy_loss         | -21.9       |
|    explained_variance   | -0.344      |
|    learning_rate        | 0.0003      |
|    loss                 | -0.127      |
|    n_updates            | 1840        |
|    policy_gradient_loss | -0.0483     |
|    std                  | 3.82        |
|    value_loss           | 0.539       |
-----------------------------------------
Eval num_timesteps=380000, episode_reward=-0.15 +/- 1.13
Episode length: 52.00 +/- 0.00
-----------------------------------------
| eval/                   |             |
|    mean_ep_length       | 52          |
|    mean_reward          | -0.15       |
| lens1/                  |             |
|    dim_0_var            | 0.48297864  |
|    dim_1_var            | 0.6415719   |
|    dim_2_var            | 0.9365916   |
|    dim_3_var            | 0.6252868   |
|    dim_4_var            | 0.95956224  |
|    dim_5_var            | 0.6796215   |
|    dim_6_var            | 0.49650946  |
|    dim_7_var            | 0.47369134  |
|    encoding_variance    | 0.6619767   |
| policy/                 |             |
|    ent_coef             | 0.01        |
| time/                   |             |
|    total_timesteps      | 380000      |
| train/                  |             |
|    approx_kl            | 0.028847145 |
|    clip_fraction        | 0.271       |
|    clip_range           | 0.2         |
|    entropy_loss         | -21.9       |
|    explained_variance   | 0.00294     |
|    learning_rate        | 0.0003      |
|    loss                 | -0.115      |
|    n_updates            | 1850        |
|    policy_gradient_loss | -0.0498     |
|    std                  | 3.83        |
|    value_loss           | 0.404       |
-----------------------------------------
-------------------------------
| time/              |        |
|    fps             | 13     |
|    iterations      | 186    |
|    time_elapsed    | 27617  |
|    total_timesteps | 380928 |
-------------------------------
-----------------------------------------
| time/                   |             |
|    fps                  | 13          |
|    iterations           | 187         |
|    time_elapsed         | 27795       |
|    total_timesteps      | 382976      |
| train/                  |             |
|    approx_kl            | 0.027190644 |
|    clip_fraction        | 0.271       |
|    clip_range           | 0.2         |
|    entropy_loss         | -22         |
|    explained_variance   | -0.257      |
|    learning_rate        | 0.0003      |
|    loss                 | -0.184      |
|    n_updates            | 1860        |
|    policy_gradient_loss | -0.0505     |
|    std                  | 3.83        |
|    value_loss           | 0.407       |
-----------------------------------------
Eval num_timesteps=385000, episode_reward=1.71 +/- 2.68
Episode length: 51.80 +/- 0.40
-----------------------------------------
| eval/                   |             |
|    mean_ep_length       | 51.8        |
|    mean_reward          | 1.71        |
| lens1/                  |             |
|    dim_0_var            | 0.51129675  |
|    dim_1_var            | 0.47084263  |
|    dim_2_var            | 0.37109673  |
|    dim_3_var            | 0.96941465  |
|    dim_4_var            | 0.9624745   |
|    dim_5_var            | 0.95242745  |
|    dim_6_var            | 0.93836653  |
|    dim_7_var            | 0.32217285  |
|    encoding_variance    | 0.6872615   |
| policy/                 |             |
|    ent_coef             | 0.01        |
| time/                   |             |
|    total_timesteps      | 385000      |
| train/                  |             |
|    approx_kl            | 0.025254518 |
|    clip_fraction        | 0.254       |
|    clip_range           | 0.2         |
|    entropy_loss         | -22         |
|    explained_variance   | -0.089      |
|    learning_rate        | 0.0003      |
|    loss                 | -0.158      |
|    n_updates            | 1870        |
|    policy_gradient_loss | -0.047      |
|    std                  | 3.84        |
|    value_loss           | 0.485       |
-----------------------------------------
-------------------------------
| time/              |        |
|    fps             | 13     |
|    iterations      | 188    |
|    time_elapsed    | 27946  |
|    total_timesteps | 385024 |
-------------------------------
-----------------------------------------
| time/                   |             |
|    fps                  | 13          |
|    iterations           | 189         |
|    time_elapsed         | 28096       |
|    total_timesteps      | 387072      |
| train/                  |             |
|    approx_kl            | 0.025005285 |
|    clip_fraction        | 0.246       |
|    clip_range           | 0.2         |
|    entropy_loss         | -22         |
|    explained_variance   | -0.178      |
|    learning_rate        | 0.0003      |
|    loss                 | -0.116      |
|    n_updates            | 1880        |
|    policy_gradient_loss | -0.0482     |
|    std                  | 3.85        |
|    value_loss           | 0.623       |
-----------------------------------------
-----------------------------------------
| time/                   |             |
|    fps                  | 13          |
|    iterations           | 190         |
|    time_elapsed         | 28241       |
|    total_timesteps      | 389120      |
| train/                  |             |
|    approx_kl            | 0.026626565 |
|    clip_fraction        | 0.251       |
|    clip_range           | 0.2         |
|    entropy_loss         | -22         |
|    explained_variance   | -0.089      |
|    learning_rate        | 0.0003      |
|    loss                 | -0.000613   |
|    n_updates            | 1890        |
|    policy_gradient_loss | -0.0486     |
|    std                  | 3.85        |
|    value_loss           | 0.644       |
-----------------------------------------
Eval num_timesteps=390000, episode_reward=0.71 +/- 1.90
Episode length: 52.00 +/- 0.00
-----------------------------------------
| eval/                   |             |
|    mean_ep_length       | 52          |
|    mean_reward          | 0.71        |
| lens1/                  |             |
|    dim_0_var            | 0.79455703  |
|    dim_1_var            | 0.4796342   |
|    dim_2_var            | 0.43432713  |
|    dim_3_var            | 0.96119535  |
|    dim_4_var            | 0.90481246  |
|    dim_5_var            | 0.65485823  |
|    dim_6_var            | 0.62204826  |
|    dim_7_var            | 0.56181246  |
|    encoding_variance    | 0.67665565  |
| policy/                 |             |
|    ent_coef             | 0.01        |
| time/                   |             |
|    total_timesteps      | 390000      |
| train/                  |             |
|    approx_kl            | 0.029211387 |
|    clip_fraction        | 0.269       |
|    clip_range           | 0.2         |
|    entropy_loss         | -22         |
|    explained_variance   | -0.191      |
|    learning_rate        | 0.0003      |
|    loss                 | -0.133      |
|    n_updates            | 1900        |
|    policy_gradient_loss | -0.0531     |
|    std                  | 3.84        |
|    value_loss           | 0.666       |
-----------------------------------------
-------------------------------
| time/              |        |
|    fps             | 13     |
|    iterations      | 191    |
|    time_elapsed    | 28408  |
|    total_timesteps | 391168 |
-------------------------------
-----------------------------------------
| time/                   |             |
|    fps                  | 13          |
|    iterations           | 192         |
|    time_elapsed         | 28564       |
|    total_timesteps      | 393216      |
| train/                  |             |
|    approx_kl            | 0.024134282 |
|    clip_fraction        | 0.234       |
|    clip_range           | 0.2         |
|    entropy_loss         | -22         |
|    explained_variance   | -0.0531     |
|    learning_rate        | 0.0003      |
|    loss                 | -0.0266     |
|    n_updates            | 1910        |
|    policy_gradient_loss | -0.0477     |
|    std                  | 3.85        |
|    value_loss           | 0.743       |
-----------------------------------------
Eval num_timesteps=395000, episode_reward=-0.13 +/- 0.69
Episode length: 52.00 +/- 0.00
-----------------------------------------
| eval/                   |             |
|    mean_ep_length       | 52          |
|    mean_reward          | -0.13       |
| lens1/                  |             |
|    dim_0_var            | 0.59053105  |
|    dim_1_var            | 0.30966476  |
|    dim_2_var            | 0.529662    |
|    dim_3_var            | 0.42141262  |
|    dim_4_var            | 0.47916198  |
|    dim_5_var            | 0.5434846   |
|    dim_6_var            | 0.5004961   |
|    dim_7_var            | 0.7595793   |
|    encoding_variance    | 0.5167489   |
| policy/                 |             |
|    ent_coef             | 0.01        |
| time/                   |             |
|    total_timesteps      | 395000      |
| train/                  |             |
|    approx_kl            | 0.031341504 |
|    clip_fraction        | 0.292       |
|    clip_range           | 0.2         |
|    entropy_loss         | -22         |
|    explained_variance   | -0.379      |
|    learning_rate        | 0.0003      |
|    loss                 | -0.137      |
|    n_updates            | 1920        |
|    policy_gradient_loss | -0.0537     |
|    std                  | 3.85        |
|    value_loss           | 0.394       |
-----------------------------------------
-------------------------------
| time/              |        |
|    fps             | 13     |
|    iterations      | 193    |
|    time_elapsed    | 28734  |
|    total_timesteps | 395264 |
-------------------------------
-----------------------------------------
| time/                   |             |
|    fps                  | 13          |
|    iterations           | 194         |
|    time_elapsed         | 28899       |
|    total_timesteps      | 397312      |
| train/                  |             |
|    approx_kl            | 0.028238602 |
|    clip_fraction        | 0.269       |
|    clip_range           | 0.2         |
|    entropy_loss         | -22         |
|    explained_variance   | -0.476      |
|    learning_rate        | 0.0003      |
|    loss                 | -0.088      |
|    n_updates            | 1930        |
|    policy_gradient_loss | -0.0541     |
|    std                  | 3.86        |
|    value_loss           | 0.55        |
-----------------------------------------
-----------------------------------------
| time/                   |             |
|    fps                  | 13          |
|    iterations           | 195         |
|    time_elapsed         | 29060       |
|    total_timesteps      | 399360      |
| train/                  |             |
|    approx_kl            | 0.025215952 |
|    clip_fraction        | 0.246       |
|    clip_range           | 0.2         |
|    entropy_loss         | -22         |
|    explained_variance   | -0.104      |
|    learning_rate        | 0.0003      |
|    loss                 | 0.151       |
|    n_updates            | 1940        |
|    policy_gradient_loss | -0.0487     |
|    std                  | 3.87        |
|    value_loss           | 0.822       |
-----------------------------------------
Eval num_timesteps=400000, episode_reward=2.55 +/- 2.19
Episode length: 52.00 +/- 0.00
-----------------------------------------
| eval/                   |             |
|    mean_ep_length       | 52          |
|    mean_reward          | 2.55        |
| lens1/                  |             |
|    dim_0_var            | 0.55432886  |
|    dim_1_var            | 0.8241353   |
|    dim_2_var            | 0.87008595  |
|    dim_3_var            | 0.2874545   |
|    dim_4_var            | 0.914411    |
|    dim_5_var            | 0.54063106  |
|    dim_6_var            | 0.3296362   |
|    dim_7_var            | 0.5636566   |
|    encoding_variance    | 0.61054224  |
| policy/                 |             |
|    ent_coef             | 0.01        |
| time/                   |             |
|    total_timesteps      | 400000      |
| train/                  |             |
|    approx_kl            | 0.027747085 |
|    clip_fraction        | 0.267       |
|    clip_range           | 0.2         |
|    entropy_loss         | -22         |
|    explained_variance   | -0.302      |
|    learning_rate        | 0.0003      |
|    loss                 | -0.164      |
|    n_updates            | 1950        |
|    policy_gradient_loss | -0.0512     |
|    std                  | 3.86        |
|    value_loss           | 0.522       |
-----------------------------------------
-------------------------------
| time/              |        |
|    fps             | 13     |
|    iterations      | 196    |
|    time_elapsed    | 29227  |
|    total_timesteps | 401408 |
-------------------------------
-----------------------------------------
| time/                   |             |
|    fps                  | 13          |
|    iterations           | 197         |
|    time_elapsed         | 29374       |
|    total_timesteps      | 403456      |
| train/                  |             |
|    approx_kl            | 0.027204264 |
|    clip_fraction        | 0.271       |
|    clip_range           | 0.2         |
|    entropy_loss         | -22         |
|    explained_variance   | -0.115      |
|    learning_rate        | 0.0003      |
|    loss                 | -0.181      |
|    n_updates            | 1960        |
|    policy_gradient_loss | -0.0501     |
|    std                  | 3.86        |
|    value_loss           | 0.477       |
-----------------------------------------
Eval num_timesteps=405000, episode_reward=0.24 +/- 2.31
Episode length: 52.00 +/- 0.00
-----------------------------------------
| eval/                   |             |
|    mean_ep_length       | 52          |
|    mean_reward          | 0.24        |
| lens1/                  |             |
|    dim_0_var            | 0.47051555  |
|    dim_1_var            | 0.9270268   |
|    dim_2_var            | 0.6101277   |
|    dim_3_var            | 0.86480594  |
|    dim_4_var            | 0.72525     |
|    dim_5_var            | 0.64120764  |
|    dim_6_var            | 0.57739866  |
|    dim_7_var            | 0.7308395   |
|    encoding_variance    | 0.69339657  |
| policy/                 |             |
|    ent_coef             | 0.01        |
| time/                   |             |
|    total_timesteps      | 405000      |
| train/                  |             |
|    approx_kl            | 0.027171327 |
|    clip_fraction        | 0.265       |
|    clip_range           | 0.2         |
|    entropy_loss         | -22         |
|    explained_variance   | -0.145      |
|    learning_rate        | 0.0003      |
|    loss                 | -0.176      |
|    n_updates            | 1970        |
|    policy_gradient_loss | -0.0504     |
|    std                  | 3.85        |
|    value_loss           | 0.716       |
-----------------------------------------
-------------------------------
| time/              |        |
|    fps             | 13     |
|    iterations      | 198    |
|    time_elapsed    | 29524  |
|    total_timesteps | 405504 |
-------------------------------
-----------------------------------------
| time/                   |             |
|    fps                  | 13          |
|    iterations           | 199         |
|    time_elapsed         | 29685       |
|    total_timesteps      | 407552      |
| train/                  |             |
|    approx_kl            | 0.029221877 |
|    clip_fraction        | 0.29        |
|    clip_range           | 0.2         |
|    entropy_loss         | -22         |
|    explained_variance   | -0.227      |
|    learning_rate        | 0.0003      |
|    loss                 | -0.178      |
|    n_updates            | 1980        |
|    policy_gradient_loss | -0.054      |
|    std                  | 3.85        |
|    value_loss           | 0.428       |
-----------------------------------------
-----------------------------------------
| time/                   |             |
|    fps                  | 13          |
|    iterations           | 200         |
|    time_elapsed         | 29827       |
|    total_timesteps      | 409600      |
| train/                  |             |
|    approx_kl            | 0.027052015 |
|    clip_fraction        | 0.274       |
|    clip_range           | 0.2         |
|    entropy_loss         | -22         |
|    explained_variance   | -0.152      |
|    learning_rate        | 0.0003      |
|    loss                 | -0.143      |
|    n_updates            | 1990        |
|    policy_gradient_loss | -0.0529     |
|    std                  | 3.86        |
|    value_loss           | 0.732       |
-----------------------------------------
Eval num_timesteps=410000, episode_reward=1.91 +/- 2.47
Episode length: 52.00 +/- 0.00
----------------------------------------
| eval/                   |            |
|    mean_ep_length       | 52         |
|    mean_reward          | 1.91       |
| lens1/                  |            |
|    dim_0_var            | 0.7721383  |
|    dim_1_var            | 0.6898507  |
|    dim_2_var            | 0.8398644  |
|    dim_3_var            | 0.96400416 |
|    dim_4_var            | 0.52858514 |
|    dim_5_var            | 0.7747971  |
|    dim_6_var            | 0.80472016 |
|    dim_7_var            | 0.5666329  |
|    encoding_variance    | 0.7425742  |
| policy/                 |            |
|    ent_coef             | 0.01       |
| time/                   |            |
|    total_timesteps      | 410000     |
| train/                  |            |
|    approx_kl            | 0.02651425 |
|    clip_fraction        | 0.283      |
|    clip_range           | 0.2        |
|    entropy_loss         | -22        |
|    explained_variance   | -0.168     |
|    learning_rate        | 0.0003     |
|    loss                 | -0.0558    |
|    n_updates            | 2000       |
|    policy_gradient_loss | -0.0502    |
|    std                  | 3.86       |
|    value_loss           | 0.639      |
----------------------------------------
-------------------------------
| time/              |        |
|    fps             | 13     |
|    iterations      | 201    |
|    time_elapsed    | 30002  |
|    total_timesteps | 411648 |
-------------------------------
---------------------------------------
| time/                   |           |
|    fps                  | 13        |
|    iterations           | 202       |
|    time_elapsed         | 30145     |
|    total_timesteps      | 413696    |
| train/                  |           |
|    approx_kl            | 0.0313977 |
|    clip_fraction        | 0.288     |
|    clip_range           | 0.2       |
|    entropy_loss         | -22       |
|    explained_variance   | -0.246    |
|    learning_rate        | 0.0003    |
|    loss                 | -0.173    |
|    n_updates            | 2010      |
|    policy_gradient_loss | -0.0518   |
|    std                  | 3.86      |
|    value_loss           | 0.401     |
---------------------------------------
Eval num_timesteps=415000, episode_reward=0.43 +/- 2.59
Episode length: 52.00 +/- 0.00
-----------------------------------------
| eval/                   |             |
|    mean_ep_length       | 52          |
|    mean_reward          | 0.43        |
| lens1/                  |             |
|    dim_0_var            | 0.29161817  |
|    dim_1_var            | 0.5584104   |
|    dim_2_var            | 0.6640657   |
|    dim_3_var            | 0.3779139   |
|    dim_4_var            | 0.48677024  |
|    dim_5_var            | 0.44693527  |
|    dim_6_var            | 0.5729568   |
|    dim_7_var            | 0.9560043   |
|    encoding_variance    | 0.5443345   |
| policy/                 |             |
|    ent_coef             | 0.01        |
| time/                   |             |
|    total_timesteps      | 415000      |
| train/                  |             |
|    approx_kl            | 0.029510004 |
|    clip_fraction        | 0.277       |
|    clip_range           | 0.2         |
|    entropy_loss         | -22         |
|    explained_variance   | 0.0299      |
|    learning_rate        | 0.0003      |
|    loss                 | -0.115      |
|    n_updates            | 2020        |
|    policy_gradient_loss | -0.0519     |
|    std                  | 3.87        |
|    value_loss           | 0.489       |
-----------------------------------------
-------------------------------
| time/              |        |
|    fps             | 13     |
|    iterations      | 203    |
|    time_elapsed    | 30289  |
|    total_timesteps | 415744 |
-------------------------------
---------------------------------------
| time/                   |           |
|    fps                  | 13        |
|    iterations           | 204       |
|    time_elapsed         | 30428     |
|    total_timesteps      | 417792    |
| train/                  |           |
|    approx_kl            | 0.0283449 |
|    clip_fraction        | 0.28      |
|    clip_range           | 0.2       |
|    entropy_loss         | -22       |
|    explained_variance   | -0.402    |
|    learning_rate        | 0.0003    |
|    loss                 | -0.0733   |
|    n_updates            | 2030      |
|    policy_gradient_loss | -0.0495   |
|    std                  | 3.86      |
|    value_loss           | 0.459     |
---------------------------------------
----------------------------------------
| time/                   |            |
|    fps                  | 13         |
|    iterations           | 205        |
|    time_elapsed         | 30559      |
|    total_timesteps      | 419840     |
| train/                  |            |
|    approx_kl            | 0.03635145 |
|    clip_fraction        | 0.309      |
|    clip_range           | 0.2        |
|    entropy_loss         | -22        |
|    explained_variance   | 0.0684     |
|    learning_rate        | 0.0003     |
|    loss                 | -0.192     |
|    n_updates            | 2040       |
|    policy_gradient_loss | -0.0521    |
|    std                  | 3.85       |
|    value_loss           | 0.438      |
----------------------------------------
Eval num_timesteps=420000, episode_reward=-0.05 +/- 0.45
Episode length: 52.00 +/- 0.00
-----------------------------------------
| eval/                   |             |
|    mean_ep_length       | 52          |
|    mean_reward          | -0.05       |
| lens1/                  |             |
|    dim_0_var            | 0.29337505  |
|    dim_1_var            | 0.24581063  |
|    dim_2_var            | 0.60842264  |
|    dim_3_var            | 0.8048002   |
|    dim_4_var            | 0.9497416   |
|    dim_5_var            | 0.99549246  |
|    dim_6_var            | 0.980965    |
|    dim_7_var            | 0.5412719   |
|    encoding_variance    | 0.6774849   |
| policy/                 |             |
|    ent_coef             | 0.01        |
| time/                   |             |
|    total_timesteps      | 420000      |
| train/                  |             |
|    approx_kl            | 0.026031595 |
|    clip_fraction        | 0.253       |
|    clip_range           | 0.2         |
|    entropy_loss         | -22         |
|    explained_variance   | -0.0361     |
|    learning_rate        | 0.0003      |
|    loss                 | -0.0611     |
|    n_updates            | 2050        |
|    policy_gradient_loss | -0.0472     |
|    std                  | 3.86        |
|    value_loss           | 0.739       |
-----------------------------------------
-------------------------------
| time/              |        |
|    fps             | 13     |
|    iterations      | 206    |
|    time_elapsed    | 30710  |
|    total_timesteps | 421888 |
-------------------------------
----------------------------------------
| time/                   |            |
|    fps                  | 13         |
|    iterations           | 207        |
|    time_elapsed         | 30852      |
|    total_timesteps      | 423936     |
| train/                  |            |
|    approx_kl            | 0.02697118 |
|    clip_fraction        | 0.274      |
|    clip_range           | 0.2        |
|    entropy_loss         | -22        |
|    explained_variance   | -0.097     |
|    learning_rate        | 0.0003     |
|    loss                 | -0.053     |
|    n_updates            | 2060       |
|    policy_gradient_loss | -0.0481    |
|    std                  | 3.87       |
|    value_loss           | 0.548      |
----------------------------------------
Eval num_timesteps=425000, episode_reward=1.98 +/- 2.52
Episode length: 52.00 +/- 0.00
-----------------------------------------
| eval/                   |             |
|    mean_ep_length       | 52          |
|    mean_reward          | 1.98        |
| lens1/                  |             |
|    dim_0_var            | 0.4359466   |
|    dim_1_var            | 0.5435583   |
|    dim_2_var            | 0.64976656  |
|    dim_3_var            | 0.3738345   |
|    dim_4_var            | 0.70839393  |
|    dim_5_var            | 0.49361575  |
|    dim_6_var            | 0.9453135   |
|    dim_7_var            | 0.7986274   |
|    encoding_variance    | 0.6186319   |
| policy/                 |             |
|    ent_coef             | 0.01        |
| time/                   |             |
|    total_timesteps      | 425000      |
| train/                  |             |
|    approx_kl            | 0.030628864 |
|    clip_fraction        | 0.293       |
|    clip_range           | 0.2         |
|    entropy_loss         | -22         |
|    explained_variance   | -0.185      |
|    learning_rate        | 0.0003      |
|    loss                 | -0.144      |
|    n_updates            | 2070        |
|    policy_gradient_loss | -0.0547     |
|    std                  | 3.88        |
|    value_loss           | 0.521       |
-----------------------------------------
-------------------------------
| time/              |        |
|    fps             | 13     |
|    iterations      | 208    |
|    time_elapsed    | 30994  |
|    total_timesteps | 425984 |
-------------------------------
-----------------------------------------
| time/                   |             |
|    fps                  | 13          |
|    iterations           | 209         |
|    time_elapsed         | 31131       |
|    total_timesteps      | 428032      |
| train/                  |             |
|    approx_kl            | 0.027185064 |
|    clip_fraction        | 0.274       |
|    clip_range           | 0.2         |
|    entropy_loss         | -22         |
|    explained_variance   | -0.0602     |
|    learning_rate        | 0.0003      |
|    loss                 | 0.0542      |
|    n_updates            | 2080        |
|    policy_gradient_loss | -0.0525     |
|    std                  | 3.9         |
|    value_loss           | 0.664       |
-----------------------------------------
Eval num_timesteps=430000, episode_reward=1.11 +/- 2.10
Episode length: 52.00 +/- 0.00
----------------------------------------
| eval/                   |            |
|    mean_ep_length       | 52         |
|    mean_reward          | 1.11       |
| lens1/                  |            |
|    dim_0_var            | 0.26587936 |
|    dim_1_var            | 0.9710946  |
|    dim_2_var            | 0.87139726 |
|    dim_3_var            | 0.53299385 |
|    dim_4_var            | 0.6378944  |
|    dim_5_var            | 0.5838789  |
|    dim_6_var            | 0.65430427 |
|    dim_7_var            | 0.6292924  |
|    encoding_variance    | 0.64334196 |
| policy/                 |            |
|    ent_coef             | 0.01       |
| time/                   |            |
|    total_timesteps      | 430000     |
| train/                  |            |
|    approx_kl            | 0.02771945 |
|    clip_fraction        | 0.271      |
|    clip_range           | 0.2        |
|    entropy_loss         | -22        |
|    explained_variance   | -0.11      |
|    learning_rate        | 0.0003     |
|    loss                 | 0.168      |
|    n_updates            | 2090       |
|    policy_gradient_loss | -0.051     |
|    std                  | 3.9        |
|    value_loss           | 0.894      |
----------------------------------------
-------------------------------
| time/              |        |
|    fps             | 13     |
|    iterations      | 210    |
|    time_elapsed    | 31276  |
|    total_timesteps | 430080 |
-------------------------------
-----------------------------------------
| time/                   |             |
|    fps                  | 13          |
|    iterations           | 211         |
|    time_elapsed         | 31420       |
|    total_timesteps      | 432128      |
| train/                  |             |
|    approx_kl            | 0.028569594 |
|    clip_fraction        | 0.274       |
|    clip_range           | 0.2         |
|    entropy_loss         | -22         |
|    explained_variance   | -0.00176    |
|    learning_rate        | 0.0003      |
|    loss                 | -0.107      |
|    n_updates            | 2100        |
|    policy_gradient_loss | -0.055      |
|    std                  | 3.89        |
|    value_loss           | 0.745       |
-----------------------------------------
----------------------------------------
| time/                   |            |
|    fps                  | 13         |
|    iterations           | 212        |
|    time_elapsed         | 31554      |
|    total_timesteps      | 434176     |
| train/                  |            |
|    approx_kl            | 0.02846932 |
|    clip_fraction        | 0.273      |
|    clip_range           | 0.2        |
|    entropy_loss         | -22        |
|    explained_variance   | -0.363     |
|    learning_rate        | 0.0003     |
|    loss                 | -0.0709    |
|    n_updates            | 2110       |
|    policy_gradient_loss | -0.0506    |
|    std                  | 3.91       |
|    value_loss           | 0.686      |
----------------------------------------
Eval num_timesteps=435000, episode_reward=1.37 +/- 1.57
Episode length: 52.00 +/- 0.00
-----------------------------------------
| eval/                   |             |
|    mean_ep_length       | 52          |
|    mean_reward          | 1.37        |
| lens1/                  |             |
|    dim_0_var            | 0.6492263   |
|    dim_1_var            | 0.9907706   |
|    dim_2_var            | 0.5983873   |
|    dim_3_var            | 0.74197984  |
|    dim_4_var            | 0.8936364   |
|    dim_5_var            | 0.77638716  |
|    dim_6_var            | 0.7217666   |
|    dim_7_var            | 0.7139963   |
|    encoding_variance    | 0.7607688   |
| policy/                 |             |
|    ent_coef             | 0.01        |
| time/                   |             |
|    total_timesteps      | 435000      |
| train/                  |             |
|    approx_kl            | 0.029570796 |
|    clip_fraction        | 0.285       |
|    clip_range           | 0.2         |
|    entropy_loss         | -22.1       |
|    explained_variance   | -0.0224     |
|    learning_rate        | 0.0003      |
|    loss                 | 0.132       |
|    n_updates            | 2120        |
|    policy_gradient_loss | -0.0531     |
|    std                  | 3.91        |
|    value_loss           | 0.746       |
-----------------------------------------
-------------------------------
| time/              |        |
|    fps             | 13     |
|    iterations      | 213    |
|    time_elapsed    | 31698  |
|    total_timesteps | 436224 |
-------------------------------
-----------------------------------------
| time/                   |             |
|    fps                  | 13          |
|    iterations           | 214         |
|    time_elapsed         | 31818       |
|    total_timesteps      | 438272      |
| train/                  |             |
|    approx_kl            | 0.032209232 |
|    clip_fraction        | 0.3         |
|    clip_range           | 0.2         |
|    entropy_loss         | -22.1       |
|    explained_variance   | -0.213      |
|    learning_rate        | 0.0003      |
|    loss                 | -0.152      |
|    n_updates            | 2130        |
|    policy_gradient_loss | -0.0518     |
|    std                  | 3.92        |
|    value_loss           | 0.515       |
-----------------------------------------
Eval num_timesteps=440000, episode_reward=0.37 +/- 0.54
Episode length: 52.00 +/- 0.00
-----------------------------------------
| eval/                   |             |
|    mean_ep_length       | 52          |
|    mean_reward          | 0.37        |
| lens1/                  |             |
|    dim_0_var            | 0.49333745  |
|    dim_1_var            | 0.5733795   |
|    dim_2_var            | 0.943001    |
|    dim_3_var            | 0.95140207  |
|    dim_4_var            | 0.95748705  |
|    dim_5_var            | 0.7094266   |
|    dim_6_var            | 0.30563316  |
|    dim_7_var            | 0.6396784   |
|    encoding_variance    | 0.69666797  |
| policy/                 |             |
|    ent_coef             | 0.01        |
| time/                   |             |
|    total_timesteps      | 440000      |
| train/                  |             |
|    approx_kl            | 0.033731952 |
|    clip_fraction        | 0.319       |
|    clip_range           | 0.2         |
|    entropy_loss         | -22.1       |
|    explained_variance   | -0.185      |
|    learning_rate        | 0.0003      |
|    loss                 | -0.209      |
|    n_updates            | 2140        |
|    policy_gradient_loss | -0.0543     |
|    std                  | 3.92        |
|    value_loss           | 0.284       |
-----------------------------------------
-------------------------------
| time/              |        |
|    fps             | 13     |
|    iterations      | 215    |
|    time_elapsed    | 31969  |
|    total_timesteps | 440320 |
-------------------------------
-----------------------------------------
| time/                   |             |
|    fps                  | 13          |
|    iterations           | 216         |
|    time_elapsed         | 32094       |
|    total_timesteps      | 442368      |
| train/                  |             |
|    approx_kl            | 0.031939737 |
|    clip_fraction        | 0.305       |
|    clip_range           | 0.2         |
|    entropy_loss         | -22.1       |
|    explained_variance   | 0.00438     |
|    learning_rate        | 0.0003      |
|    loss                 | -0.237      |
|    n_updates            | 2150        |
|    policy_gradient_loss | -0.0533     |
|    std                  | 3.92        |
|    value_loss           | 0.423       |
-----------------------------------------
-----------------------------------------
| time/                   |             |
|    fps                  | 13          |
|    iterations           | 217         |
|    time_elapsed         | 32237       |
|    total_timesteps      | 444416      |
| train/                  |             |
|    approx_kl            | 0.029082658 |
|    clip_fraction        | 0.264       |
|    clip_range           | 0.2         |
|    entropy_loss         | -22.1       |
|    explained_variance   | 0.0797      |
|    learning_rate        | 0.0003      |
|    loss                 | -0.088      |
|    n_updates            | 2160        |
|    policy_gradient_loss | -0.0526     |
|    std                  | 3.92        |
|    value_loss           | 0.666       |
-----------------------------------------
Eval num_timesteps=445000, episode_reward=0.37 +/- 0.93
Episode length: 52.00 +/- 0.00
-----------------------------------------
| eval/                   |             |
|    mean_ep_length       | 52          |
|    mean_reward          | 0.37        |
| lens1/                  |             |
|    dim_0_var            | 0.20955469  |
|    dim_1_var            | 0.42573938  |
|    dim_2_var            | 0.27902162  |
|    dim_3_var            | 0.58429533  |
|    dim_4_var            | 0.42132482  |
|    dim_5_var            | 0.97055936  |
|    dim_6_var            | 0.5576052   |
|    dim_7_var            | 0.28157216  |
|    encoding_variance    | 0.46620917  |
| policy/                 |             |
|    ent_coef             | 0.01        |
| time/                   |             |
|    total_timesteps      | 445000      |
| train/                  |             |
|    approx_kl            | 0.027198583 |
|    clip_fraction        | 0.268       |
|    clip_range           | 0.2         |
|    entropy_loss         | -22.1       |
|    explained_variance   | -0.277      |
|    learning_rate        | 0.0003      |
|    loss                 | 0.135       |
|    n_updates            | 2170        |
|    policy_gradient_loss | -0.0513     |
|    std                  | 3.94        |
|    value_loss           | 0.674       |
-----------------------------------------
-------------------------------
| time/              |        |
|    fps             | 13     |
|    iterations      | 218    |
|    time_elapsed    | 32373  |
|    total_timesteps | 446464 |
-------------------------------
-----------------------------------------
| time/                   |             |
|    fps                  | 13          |
|    iterations           | 219         |
|    time_elapsed         | 32514       |
|    total_timesteps      | 448512      |
| train/                  |             |
|    approx_kl            | 0.027979054 |
|    clip_fraction        | 0.279       |
|    clip_range           | 0.2         |
|    entropy_loss         | -22.1       |
|    explained_variance   | -0.18       |
|    learning_rate        | 0.0003      |
|    loss                 | -0.0122     |
|    n_updates            | 2180        |
|    policy_gradient_loss | -0.0519     |
|    std                  | 3.94        |
|    value_loss           | 0.748       |
-----------------------------------------
Eval num_timesteps=450000, episode_reward=1.32 +/- 2.51
Episode length: 52.00 +/- 0.00
----------------------------------------
| eval/                   |            |
|    mean_ep_length       | 52         |
|    mean_reward          | 1.32       |
| lens1/                  |            |
|    dim_0_var            | 0.59876066 |
|    dim_1_var            | 0.9785812  |
|    dim_2_var            | 0.6070269  |
|    dim_3_var            | 0.9651298  |
|    dim_4_var            | 0.5854133  |
|    dim_5_var            | 0.51046604 |
|    dim_6_var            | 0.92464083 |
|    dim_7_var            | 0.38663566 |
|    encoding_variance    | 0.69458187 |
| policy/                 |            |
|    ent_coef             | 0.01       |
| time/                   |            |
|    total_timesteps      | 450000     |
| train/                  |            |
|    approx_kl            | 0.03247887 |
|    clip_fraction        | 0.308      |
|    clip_range           | 0.2        |
|    entropy_loss         | -22.1      |
|    explained_variance   | -0.186     |
|    learning_rate        | 0.0003     |
|    loss                 | -0.223     |
|    n_updates            | 2190       |
|    policy_gradient_loss | -0.0487    |
|    std                  | 3.94       |
|    value_loss           | 0.458      |
----------------------------------------
-------------------------------
| time/              |        |
|    fps             | 13     |
|    iterations      | 220    |
|    time_elapsed    | 32646  |
|    total_timesteps | 450560 |
-------------------------------
-----------------------------------------
| time/                   |             |
|    fps                  | 13          |
|    iterations           | 221         |
|    time_elapsed         | 32797       |
|    total_timesteps      | 452608      |
| train/                  |             |
|    approx_kl            | 0.026134104 |
|    clip_fraction        | 0.248       |
|    clip_range           | 0.2         |
|    entropy_loss         | -22.1       |
|    explained_variance   | -0.092      |
|    learning_rate        | 0.0003      |
|    loss                 | -0.0442     |
|    n_updates            | 2200        |
|    policy_gradient_loss | -0.0506     |
|    std                  | 3.95        |
|    value_loss           | 0.878       |
-----------------------------------------
-----------------------------------------
| time/                   |             |
|    fps                  | 13          |
|    iterations           | 222         |
|    time_elapsed         | 32949       |
|    total_timesteps      | 454656      |
| train/                  |             |
|    approx_kl            | 0.029439453 |
|    clip_fraction        | 0.286       |
|    clip_range           | 0.2         |
|    entropy_loss         | -22.2       |
|    explained_variance   | -0.286      |
|    learning_rate        | 0.0003      |
|    loss                 | -0.173      |
|    n_updates            | 2210        |
|    policy_gradient_loss | -0.0541     |
|    std                  | 3.97        |
|    value_loss           | 0.497       |
-----------------------------------------
Eval num_timesteps=455000, episode_reward=2.34 +/- 2.26
Episode length: 52.00 +/- 0.00
-----------------------------------------
| eval/                   |             |
|    mean_ep_length       | 52          |
|    mean_reward          | 2.34        |
| lens1/                  |             |
|    dim_0_var            | 0.6481309   |
|    dim_1_var            | 0.33850658  |
|    dim_2_var            | 0.6433895   |
|    dim_3_var            | 0.9514242   |
|    dim_4_var            | 0.48806313  |
|    dim_5_var            | 0.9512007   |
|    dim_6_var            | 0.89096314  |
|    dim_7_var            | 0.9401003   |
|    encoding_variance    | 0.73147213  |
| policy/                 |             |
|    ent_coef             | 0.01        |
| time/                   |             |
|    total_timesteps      | 455000      |
| train/                  |             |
|    approx_kl            | 0.029987149 |
|    clip_fraction        | 0.292       |
|    clip_range           | 0.2         |
|    entropy_loss         | -22.2       |
|    explained_variance   | -0.0647     |
|    learning_rate        | 0.0003      |
|    loss                 | 0.0977      |
|    n_updates            | 2220        |
|    policy_gradient_loss | -0.0536     |
|    std                  | 3.98        |
|    value_loss           | 0.691       |
-----------------------------------------
-------------------------------
| time/              |        |
|    fps             | 13     |
|    iterations      | 223    |
|    time_elapsed    | 33094  |
|    total_timesteps | 456704 |
-------------------------------
-----------------------------------------
| time/                   |             |
|    fps                  | 13          |
|    iterations           | 224         |
|    time_elapsed         | 33236       |
|    total_timesteps      | 458752      |
| train/                  |             |
|    approx_kl            | 0.030524243 |
|    clip_fraction        | 0.287       |
|    clip_range           | 0.2         |
|    entropy_loss         | -22.2       |
|    explained_variance   | -0.132      |
|    learning_rate        | 0.0003      |
|    loss                 | -0.0421     |
|    n_updates            | 2230        |
|    policy_gradient_loss | -0.0544     |
|    std                  | 3.98        |
|    value_loss           | 0.679       |
-----------------------------------------
Eval num_timesteps=460000, episode_reward=-0.51 +/- 0.62
Episode length: 52.00 +/- 0.00
----------------------------------------
| eval/                   |            |
|    mean_ep_length       | 52         |
|    mean_reward          | -0.51      |
| lens1/                  |            |
|    dim_0_var            | 0.7171949  |
|    dim_1_var            | 0.78459114 |
|    dim_2_var            | 0.8228838  |
|    dim_3_var            | 0.87169474 |
|    dim_4_var            | 0.93732435 |
|    dim_5_var            | 0.9054094  |
|    dim_6_var            | 0.32272694 |
|    dim_7_var            | 0.9199883  |
|    encoding_variance    | 0.7852265  |
| policy/                 |            |
|    ent_coef             | 0.01       |
| time/                   |            |
|    total_timesteps      | 460000     |
| train/                  |            |
|    approx_kl            | 0.03043957 |
|    clip_fraction        | 0.288      |
|    clip_range           | 0.2        |
|    entropy_loss         | -22.2      |
|    explained_variance   | -0.12      |
|    learning_rate        | 0.0003     |
|    loss                 | -0.0789    |
|    n_updates            | 2240       |
|    policy_gradient_loss | -0.0522    |
|    std                  | 3.98       |
|    value_loss           | 0.615      |
----------------------------------------
-------------------------------
| time/              |        |
|    fps             | 13     |
|    iterations      | 225    |
|    time_elapsed    | 33381  |
|    total_timesteps | 460800 |
-------------------------------
-----------------------------------------
| time/                   |             |
|    fps                  | 13          |
|    iterations           | 226         |
|    time_elapsed         | 33523       |
|    total_timesteps      | 462848      |
| train/                  |             |
|    approx_kl            | 0.028955355 |
|    clip_fraction        | 0.28        |
|    clip_range           | 0.2         |
|    entropy_loss         | -22.2       |
|    explained_variance   | -0.00924    |
|    learning_rate        | 0.0003      |
|    loss                 | 0.0449      |
|    n_updates            | 2250        |
|    policy_gradient_loss | -0.0522     |
|    std                  | 3.99        |
|    value_loss           | 0.845       |
-----------------------------------------
-----------------------------------------
| time/                   |             |
|    fps                  | 13          |
|    iterations           | 227         |
|    time_elapsed         | 33661       |
|    total_timesteps      | 464896      |
| train/                  |             |
|    approx_kl            | 0.031571586 |
|    clip_fraction        | 0.298       |
|    clip_range           | 0.2         |
|    entropy_loss         | -22.2       |
|    explained_variance   | -0.0142     |
|    learning_rate        | 0.0003      |
|    loss                 | -0.0988     |
|    n_updates            | 2260        |
|    policy_gradient_loss | -0.0551     |
|    std                  | 3.99        |
|    value_loss           | 0.61        |
-----------------------------------------
Eval num_timesteps=465000, episode_reward=1.26 +/- 2.45
Episode length: 52.00 +/- 0.00
----------------------------------------
| eval/                   |            |
|    mean_ep_length       | 52         |
|    mean_reward          | 1.26       |
| lens1/                  |            |
|    dim_0_var            | 0.65416425 |
|    dim_1_var            | 0.52460945 |
|    dim_2_var            | 0.8355214  |
|    dim_3_var            | 0.84568197 |
|    dim_4_var            | 0.8013069  |
|    dim_5_var            | 0.4690694  |
|    dim_6_var            | 0.64930516 |
|    dim_7_var            | 0.3328541  |
|    encoding_variance    | 0.63906395 |
| policy/                 |            |
|    ent_coef             | 0.01       |
| time/                   |            |
|    total_timesteps      | 465000     |
| train/                  |            |
|    approx_kl            | 0.0322395  |
|    clip_fraction        | 0.297      |
|    clip_range           | 0.2        |
|    entropy_loss         | -22.2      |
|    explained_variance   | -0.586     |
|    learning_rate        | 0.0003     |
|    loss                 | -0.0389    |
|    n_updates            | 2270       |
|    policy_gradient_loss | -0.0497    |
|    std                  | 3.99       |
|    value_loss           | 0.577      |
----------------------------------------
-------------------------------
| time/              |        |
|    fps             | 13     |
|    iterations      | 228    |
|    time_elapsed    | 33810  |
|    total_timesteps | 466944 |
-------------------------------
-----------------------------------------
| time/                   |             |
|    fps                  | 13          |
|    iterations           | 229         |
|    time_elapsed         | 33951       |
|    total_timesteps      | 468992      |
| train/                  |             |
|    approx_kl            | 0.033851072 |
|    clip_fraction        | 0.321       |
|    clip_range           | 0.2         |
|    entropy_loss         | -22.2       |
|    explained_variance   | -0.0514     |
|    learning_rate        | 0.0003      |
|    loss                 | 0.161       |
|    n_updates            | 2280        |
|    policy_gradient_loss | -0.0562     |
|    std                  | 3.99        |
|    value_loss           | 0.482       |
-----------------------------------------
Eval num_timesteps=470000, episode_reward=1.85 +/- 2.53
Episode length: 52.00 +/- 0.00
-----------------------------------------
| eval/                   |             |
|    mean_ep_length       | 52          |
|    mean_reward          | 1.85        |
| lens1/                  |             |
|    dim_0_var            | 0.72527397  |
|    dim_1_var            | 0.96131617  |
|    dim_2_var            | 0.90050924  |
|    dim_3_var            | 0.7343674   |
|    dim_4_var            | 0.8840946   |
|    dim_5_var            | 0.79890823  |
|    dim_6_var            | 0.1704184   |
|    dim_7_var            | 0.49919778  |
|    encoding_variance    | 0.7092607   |
| policy/                 |             |
|    ent_coef             | 0.01        |
| time/                   |             |
|    total_timesteps      | 470000      |
| train/                  |             |
|    approx_kl            | 0.032645106 |
|    clip_fraction        | 0.312       |
|    clip_range           | 0.2         |
|    entropy_loss         | -22.2       |
|    explained_variance   | -0.115      |
|    learning_rate        | 0.0003      |
|    loss                 | -0.0886     |
|    n_updates            | 2290        |
|    policy_gradient_loss | -0.0514     |
|    std                  | 4.01        |
|    value_loss           | 0.775       |
-----------------------------------------
-------------------------------
| time/              |        |
|    fps             | 13     |
|    iterations      | 230    |
|    time_elapsed    | 34098  |
|    total_timesteps | 471040 |
-------------------------------
-----------------------------------------
| time/                   |             |
|    fps                  | 13          |
|    iterations           | 231         |
|    time_elapsed         | 34255       |
|    total_timesteps      | 473088      |
| train/                  |             |
|    approx_kl            | 0.033735715 |
|    clip_fraction        | 0.315       |
|    clip_range           | 0.2         |
|    entropy_loss         | -22.2       |
|    explained_variance   | -0.239      |
|    learning_rate        | 0.0003      |
|    loss                 | 0.172       |
|    n_updates            | 2300        |
|    policy_gradient_loss | -0.0561     |
|    std                  | 3.99        |
|    value_loss           | 0.511       |
-----------------------------------------
Eval num_timesteps=475000, episode_reward=-0.54 +/- 1.02
Episode length: 52.00 +/- 0.00
-----------------------------------------
| eval/                   |             |
|    mean_ep_length       | 52          |
|    mean_reward          | -0.536      |
| lens1/                  |             |
|    dim_0_var            | 0.6066077   |
|    dim_1_var            | 0.28609845  |
|    dim_2_var            | 0.9262014   |
|    dim_3_var            | 0.17730527  |
|    dim_4_var            | 0.34052745  |
|    dim_5_var            | 0.5712081   |
|    dim_6_var            | 0.18089409  |
|    dim_7_var            | 0.36866185  |
|    encoding_variance    | 0.4321882   |
| policy/                 |             |
|    ent_coef             | 0.01        |
| time/                   |             |
|    total_timesteps      | 475000      |
| train/                  |             |
|    approx_kl            | 0.029130474 |
|    clip_fraction        | 0.278       |
|    clip_range           | 0.2         |
|    entropy_loss         | -22.2       |
|    explained_variance   | 0.0411      |
|    learning_rate        | 0.0003      |
|    loss                 | 0.0568      |
|    n_updates            | 2310        |
|    policy_gradient_loss | -0.0519     |
|    std                  | 3.99        |
|    value_loss           | 0.925       |
-----------------------------------------
-------------------------------
| time/              |        |
|    fps             | 13     |
|    iterations      | 232    |
|    time_elapsed    | 34409  |
|    total_timesteps | 475136 |
-------------------------------
----------------------------------------
| time/                   |            |
|    fps                  | 13         |
|    iterations           | 233        |
|    time_elapsed         | 34553      |
|    total_timesteps      | 477184     |
| train/                  |            |
|    approx_kl            | 0.03818418 |
|    clip_fraction        | 0.331      |
|    clip_range           | 0.2        |
|    entropy_loss         | -22.2      |
|    explained_variance   | -0.488     |
|    learning_rate        | 0.0003     |
|    loss                 | -0.184     |
|    n_updates            | 2320       |
|    policy_gradient_loss | -0.0563    |
|    std                  | 4          |
|    value_loss           | 0.462      |
----------------------------------------
-----------------------------------------
| time/                   |             |
|    fps                  | 13          |
|    iterations           | 234         |
|    time_elapsed         | 34705       |
|    total_timesteps      | 479232      |
| train/                  |             |
|    approx_kl            | 0.028385445 |
|    clip_fraction        | 0.28        |
|    clip_range           | 0.2         |
|    entropy_loss         | -22.2       |
|    explained_variance   | 0.0418      |
|    learning_rate        | 0.0003      |
|    loss                 | 0.0233      |
|    n_updates            | 2330        |
|    policy_gradient_loss | -0.0496     |
|    std                  | 4           |
|    value_loss           | 0.819       |
-----------------------------------------
Eval num_timesteps=480000, episode_reward=1.36 +/- 2.41
Episode length: 52.00 +/- 0.00
-----------------------------------------
| eval/                   |             |
|    mean_ep_length       | 52          |
|    mean_reward          | 1.36        |
| lens1/                  |             |
|    dim_0_var            | 0.8005463   |
|    dim_1_var            | 0.38089874  |
|    dim_2_var            | 0.37027934  |
|    dim_3_var            | 0.49460274  |
|    dim_4_var            | 0.4739027   |
|    dim_5_var            | 0.34020364  |
|    dim_6_var            | 0.43253192  |
|    dim_7_var            | 0.8143999   |
|    encoding_variance    | 0.51342064  |
| policy/                 |             |
|    ent_coef             | 0.01        |
| time/                   |             |
|    total_timesteps      | 480000      |
| train/                  |             |
|    approx_kl            | 0.033810228 |
|    clip_fraction        | 0.302       |
|    clip_range           | 0.2         |
|    entropy_loss         | -22.2       |
|    explained_variance   | 0.05        |
|    learning_rate        | 0.0003      |
|    loss                 | 0.0775      |
|    n_updates            | 2340        |
|    policy_gradient_loss | -0.055      |
|    std                  | 4.01        |
|    value_loss           | 0.67        |
-----------------------------------------
-------------------------------
| time/              |        |
|    fps             | 13     |
|    iterations      | 235    |
|    time_elapsed    | 34841  |
|    total_timesteps | 481280 |
-------------------------------
-----------------------------------------
| time/                   |             |
|    fps                  | 13          |
|    iterations           | 236         |
|    time_elapsed         | 34980       |
|    total_timesteps      | 483328      |
| train/                  |             |
|    approx_kl            | 0.034223843 |
|    clip_fraction        | 0.31        |
|    clip_range           | 0.2         |
|    entropy_loss         | -22.2       |
|    explained_variance   | -0.321      |
|    learning_rate        | 0.0003      |
|    loss                 | 0.0187      |
|    n_updates            | 2350        |
|    policy_gradient_loss | -0.0537     |
|    std                  | 4           |
|    value_loss           | 0.634       |
-----------------------------------------
Eval num_timesteps=485000, episode_reward=1.61 +/- 2.33
Episode length: 52.00 +/- 0.00
-----------------------------------------
| eval/                   |             |
|    mean_ep_length       | 52          |
|    mean_reward          | 1.61        |
| lens1/                  |             |
|    dim_0_var            | 0.43093285  |
|    dim_1_var            | 0.59678435  |
|    dim_2_var            | 0.9711856   |
|    dim_3_var            | 0.95067275  |
|    dim_4_var            | 0.9382338   |
|    dim_5_var            | 0.4958593   |
|    dim_6_var            | 0.4881295   |
|    dim_7_var            | 0.94066274  |
|    encoding_variance    | 0.72655773  |
| policy/                 |             |
|    ent_coef             | 0.01        |
| time/                   |             |
|    total_timesteps      | 485000      |
| train/                  |             |
|    approx_kl            | 0.034275208 |
|    clip_fraction        | 0.308       |
|    clip_range           | 0.2         |
|    entropy_loss         | -22.2       |
|    explained_variance   | -0.137      |
|    learning_rate        | 0.0003      |
|    loss                 | -0.206      |
|    n_updates            | 2360        |
|    policy_gradient_loss | -0.0518     |
|    std                  | 4.01        |
|    value_loss           | 0.481       |
-----------------------------------------
-------------------------------
| time/              |        |
|    fps             | 13     |
|    iterations      | 237    |
|    time_elapsed    | 35145  |
|    total_timesteps | 485376 |
-------------------------------
----------------------------------------
| time/                   |            |
|    fps                  | 13         |
|    iterations           | 238        |
|    time_elapsed         | 35300      |
|    total_timesteps      | 487424     |
| train/                  |            |
|    approx_kl            | 0.03299744 |
|    clip_fraction        | 0.298      |
|    clip_range           | 0.2        |
|    entropy_loss         | -22.2      |
|    explained_variance   | 0.108      |
|    learning_rate        | 0.0003     |
|    loss                 | -0.0489    |
|    n_updates            | 2370       |
|    policy_gradient_loss | -0.0555    |
|    std                  | 4          |
|    value_loss           | 0.627      |
----------------------------------------
----------------------------------------
| time/                   |            |
|    fps                  | 13         |
|    iterations           | 239        |
|    time_elapsed         | 35435      |
|    total_timesteps      | 489472     |
| train/                  |            |
|    approx_kl            | 0.03451012 |
|    clip_fraction        | 0.323      |
|    clip_range           | 0.2        |
|    entropy_loss         | -22.2      |
|    explained_variance   | -0.318     |
|    learning_rate        | 0.0003     |
|    loss                 | 0.0461     |
|    n_updates            | 2380       |
|    policy_gradient_loss | -0.0588    |
|    std                  | 3.99       |
|    value_loss           | 0.494      |
----------------------------------------
Eval num_timesteps=490000, episode_reward=1.36 +/- 2.00
Episode length: 52.00 +/- 0.00
-----------------------------------------
| eval/                   |             |
|    mean_ep_length       | 52          |
|    mean_reward          | 1.36        |
| lens1/                  |             |
|    dim_0_var            | 0.5381426   |
|    dim_1_var            | 0.48709792  |
|    dim_2_var            | 0.42261645  |
|    dim_3_var            | 0.326808    |
|    dim_4_var            | 0.6152775   |
|    dim_5_var            | 0.6373591   |
|    dim_6_var            | 0.43315837  |
|    dim_7_var            | 0.8853038   |
|    encoding_variance    | 0.54322064  |
| policy/                 |             |
|    ent_coef             | 0.01        |
| time/                   |             |
|    total_timesteps      | 490000      |
| train/                  |             |
|    approx_kl            | 0.030498374 |
|    clip_fraction        | 0.31        |
|    clip_range           | 0.2         |
|    entropy_loss         | -22.2       |
|    explained_variance   | -0.0715     |
|    learning_rate        | 0.0003      |
|    loss                 | -0.0338     |
|    n_updates            | 2390        |
|    policy_gradient_loss | -0.0494     |
|    std                  | 3.99        |
|    value_loss           | 0.721       |
-----------------------------------------
-------------------------------
| time/              |        |
|    fps             | 13     |
|    iterations      | 240    |
|    time_elapsed    | 35581  |
|    total_timesteps | 491520 |
-------------------------------
-----------------------------------------
| time/                   |             |
|    fps                  | 13          |
|    iterations           | 241         |
|    time_elapsed         | 35719       |
|    total_timesteps      | 493568      |
| train/                  |             |
|    approx_kl            | 0.029977817 |
|    clip_fraction        | 0.284       |
|    clip_range           | 0.2         |
|    entropy_loss         | -22.2       |
|    explained_variance   | -0.0586     |
|    learning_rate        | 0.0003      |
|    loss                 | -0.0972     |
|    n_updates            | 2400        |
|    policy_gradient_loss | -0.0532     |
|    std                  | 3.97        |
|    value_loss           | 0.798       |
-----------------------------------------
Eval num_timesteps=495000, episode_reward=-1.13 +/- 1.18
Episode length: 52.00 +/- 0.00
-----------------------------------------
| eval/                   |             |
|    mean_ep_length       | 52          |
|    mean_reward          | -1.13       |
| lens1/                  |             |
|    dim_0_var            | 0.76150095  |
|    dim_1_var            | 0.34185     |
|    dim_2_var            | 0.83509284  |
|    dim_3_var            | 0.7514877   |
|    dim_4_var            | 0.7618411   |
|    dim_5_var            | 0.7944205   |
|    dim_6_var            | 0.96195203  |
|    dim_7_var            | 0.52175504  |
|    encoding_variance    | 0.7162379   |
| policy/                 |             |
|    ent_coef             | 0.01        |
| time/                   |             |
|    total_timesteps      | 495000      |
| train/                  |             |
|    approx_kl            | 0.033751227 |
|    clip_fraction        | 0.321       |
|    clip_range           | 0.2         |
|    entropy_loss         | -22.2       |
|    explained_variance   | -0.0346     |
|    learning_rate        | 0.0003      |
|    loss                 | -0.209      |
|    n_updates            | 2410        |
|    policy_gradient_loss | -0.0521     |
|    std                  | 3.97        |
|    value_loss           | 0.563       |
-----------------------------------------
-------------------------------
| time/              |        |
|    fps             | 13     |
|    iterations      | 242    |
|    time_elapsed    | 35877  |
|    total_timesteps | 495616 |
-------------------------------
-----------------------------------------
| time/                   |             |
|    fps                  | 13          |
|    iterations           | 243         |
|    time_elapsed         | 36040       |
|    total_timesteps      | 497664      |
| train/                  |             |
|    approx_kl            | 0.033123538 |
|    clip_fraction        | 0.299       |
|    clip_range           | 0.2         |
|    entropy_loss         | -22.2       |
|    explained_variance   | -0.248      |
|    learning_rate        | 0.0003      |
|    loss                 | -0.0723     |
|    n_updates            | 2420        |
|    policy_gradient_loss | -0.0522     |
|    std                  | 3.96        |
|    value_loss           | 0.651       |
-----------------------------------------
-----------------------------------------
| time/                   |             |
|    fps                  | 13          |
|    iterations           | 244         |
|    time_elapsed         | 36186       |
|    total_timesteps      | 499712      |
| train/                  |             |
|    approx_kl            | 0.039991044 |
|    clip_fraction        | 0.348       |
|    clip_range           | 0.2         |
|    entropy_loss         | -22.2       |
|    explained_variance   | -0.639      |
|    learning_rate        | 0.0003      |
|    loss                 | -0.196      |
|    n_updates            | 2430        |
|    policy_gradient_loss | -0.0549     |
|    std                  | 3.97        |
|    value_loss           | 0.348       |
-----------------------------------------
Eval num_timesteps=500000, episode_reward=1.53 +/- 3.64
Episode length: 52.00 +/- 0.00
-----------------------------------------
| eval/                   |             |
|    mean_ep_length       | 52          |
|    mean_reward          | 1.53        |
| lens1/                  |             |
|    dim_0_var            | 0.3767152   |
|    dim_1_var            | 0.891125    |
|    dim_2_var            | 0.34307706  |
|    dim_3_var            | 0.31187847  |
|    dim_4_var            | 0.4982924   |
|    dim_5_var            | 0.5982761   |
|    dim_6_var            | 0.55008954  |
|    dim_7_var            | 0.35016927  |
|    encoding_variance    | 0.48995277  |
| policy/                 |             |
|    ent_coef             | 0.01        |
| time/                   |             |
|    total_timesteps      | 500000      |
| train/                  |             |
|    approx_kl            | 0.032049336 |
|    clip_fraction        | 0.303       |
|    clip_range           | 0.2         |
|    entropy_loss         | -22.2       |
|    explained_variance   | 0.0282      |
|    learning_rate        | 0.0003      |
|    loss                 | -0.0161     |
|    n_updates            | 2440        |
|    policy_gradient_loss | -0.0512     |
|    std                  | 3.98        |
|    value_loss           | 0.662       |
-----------------------------------------
-------------------------------
| time/              |        |
|    fps             | 13     |
|    iterations      | 245    |
|    time_elapsed    | 36340  |
|    total_timesteps | 501760 |
-------------------------------
