Resuming Lens 2 from lens2_340000_steps.zip
Loaded num_timesteps=340000
Remaining timesteps=660000
Logging to C:\RAHUL BOGI\RL_Session Trainings\xauusd_v3\output\tensorboard\lens2\MaskablePPO_2
----------------------------------
| session/            |          |
|    london_range_pts | 19.7     |
| time/               |          |
|    fps              | 6        |
|    iterations       | 1        |
|    time_elapsed     | 316      |
|    total_timesteps  | 342048   |
----------------------------------
------------------------------------------
| session/                |              |
|    london_range_pts     | 20.8         |
| time/                   |              |
|    fps                  | 5            |
|    iterations           | 2            |
|    time_elapsed         | 692          |
|    total_timesteps      | 344096       |
| train/                  |              |
|    approx_kl            | 0.0075869476 |
|    clip_fraction        | 0.0523       |
|    clip_range           | 0.2          |
|    entropy_loss         | -0.0906      |
|    explained_variance   | 0.741        |
|    learning_rate        | 0.0003       |
|    loss                 | 0.0164       |
|    n_updates            | 1660         |
|    policy_gradient_loss | -0.0113      |
|    value_loss           | 0.0914       |
------------------------------------------
Eval num_timesteps=345000, episode_reward=-4.39 +/- 0.40
Episode length: 35.00 +/- 0.00
------------------------------------------------------
| eval/                                |             |
|    mean_ep_length                    | 35          |
|    mean_reward                       | -4.39       |
| policy/                              |             |
|    ent_coef                          | 0.01        |
|    hold_rate_500                     | 0.957       |
| session/                             |             |
|    london_range_pts                  | 27.3        |
| time/                                |             |
|    total_timesteps                   | 345000      |
| trade/                               |             |
|    avg_first_trade_duration_min      | 94.3        |
|    avg_first_trade_entry_delay_an... | 356         |
|    episode_pnl                       | 0.583       |
|    first_trade_is_ny_open_rate       | 0           |
|    first_trade_matches_intent_rate   | 0.143       |
|    first_trade_pnl                   | 2.22        |
|    first_trade_win_rate              | 0.429       |
|    ny_open_trade_rate                | 0           |
|    pnl_continuation_days             | 0.604       |
|    pnl_sweep_high_days               | 0.852       |
|    pnl_sweep_low_days                | 0.159       |
|    trades_per_episode                | 0.2         |
|    win_rate                          | 0.571       |
|    win_rate_continuation             | 0.069       |
|    win_rate_sweep_days               | 0.0952      |
| train/                               |             |
|    approx_kl                         | 0.005592097 |
|    clip_fraction                     | 0.036       |
|    clip_range                        | 0.2         |
|    entropy_loss                      | -0.0714     |
|    explained_variance                | 0.707       |
|    learning_rate                     | 0.0003      |
|    loss                              | 0.0118      |
|    n_updates                         | 1670        |
|    policy_gradient_loss              | -0.00951    |
|    value_loss                        | 0.116       |
------------------------------------------------------
New best mean reward!
----------------------------------
| session/            |          |
|    london_range_pts | 25.4     |
| time/               |          |
|    fps              | 5        |
|    iterations       | 3        |
|    time_elapsed     | 1087     |
|    total_timesteps  | 346144   |
----------------------------------
-----------------------------------------
| session/                |             |
|    london_range_pts     | 40.2        |
| time/                   |             |
|    fps                  | 5           |
|    iterations           | 4           |
|    time_elapsed         | 1548        |
|    total_timesteps      | 348192      |
| train/                  |             |
|    approx_kl            | 0.009605498 |
|    clip_fraction        | 0.058       |
|    clip_range           | 0.2         |
|    entropy_loss         | -0.0944     |
|    explained_variance   | 0.666       |
|    learning_rate        | 0.0003      |
|    loss                 | 0.00104     |
|    n_updates            | 1680        |
|    policy_gradient_loss | -0.0195     |
|    value_loss           | 0.117       |
-----------------------------------------
Eval num_timesteps=350000, episode_reward=-4.32 +/- 0.77
Episode length: 35.00 +/- 0.00
-------------------------------------------------------
| eval/                                |              |
|    mean_ep_length                    | 35           |
|    mean_reward                       | -4.32        |
| policy/                              |              |
|    ent_coef                          | 0.01         |
|    hold_rate_500                     | 0.942        |
| session/                             |              |
|    london_range_pts                  | 29.9         |
| time/                                |              |
|    total_timesteps                   | 350000       |
| trade/                               |              |
|    avg_first_trade_duration_min      | 141          |
|    avg_first_trade_entry_delay_an... | 270          |
|    episode_pnl                       | 0.275        |
|    first_trade_is_ny_open_rate       | 0            |
|    first_trade_matches_intent_rate   | 0.4          |
|    first_trade_pnl                   | 3.62         |
|    first_trade_win_rate              | 0.8          |
|    ny_open_trade_rate                | 0            |
|    pnl_continuation_days             | 0.199        |
|    pnl_sweep_high_days               | 0.789        |
|    pnl_sweep_low_days                | -0.0278      |
|    trades_per_episode                | 0.12         |
|    win_rate                          | 0.6          |
|    win_rate_continuation             | 0.0526       |
|    win_rate_sweep_days               | 0.0833       |
| train/                               |              |
|    approx_kl                         | 0.0061502066 |
|    clip_fraction                     | 0.043        |
|    clip_range                        | 0.2          |
|    entropy_loss                      | -0.0783      |
|    explained_variance                | 0.697        |
|    learning_rate                     | 0.0003       |
|    loss                              | 0.00291      |
|    n_updates                         | 1690         |
|    policy_gradient_loss              | -0.0116      |
|    value_loss                        | 0.11         |
| validation/                          |              |
|    acceptance_passed                 | 0            |
|    avg_first_trade_duration_min      | 181          |
|    avg_first_trade_entry_delay_an... | 211          |
|    first_trade_is_ny_open_rate       | 0.188        |
|    first_trade_matches_intent_rate   | 0.375        |
|    first_trade_win_rate              | 68.8         |
|    ny_open_first_trade_win_rate      | 0            |
|    ny_open_trade_rate                | 0.0261       |
|    pnl_continuation_days             | 0.576        |
|    pnl_sweep_low_days                | 0.643        |
|    profit_factor                     | 1.89         |
|    trades_per_episode                | 0.217        |
|    win_rate                          | 36           |
|    win_rate_continuation             | 4.82         |
|    win_rate_sweep_days               | 28.1         |
-------------------------------------------------------
New best mean reward!
----------------------------------
| session/            |          |
|    london_range_pts | 23       |
| time/               |          |
|    fps              | 4        |
|    iterations       | 5        |
|    time_elapsed     | 2479     |
|    total_timesteps  | 350240   |
----------------------------------
-----------------------------------------
| session/                |             |
|    london_range_pts     | 34.4        |
| time/                   |             |
|    fps                  | 3           |
|    iterations           | 6           |
|    time_elapsed         | 3107        |
|    total_timesteps      | 352288      |
| train/                  |             |
|    approx_kl            | 0.006931479 |
|    clip_fraction        | 0.0423      |
|    clip_range           | 0.2         |
|    entropy_loss         | -0.0661     |
|    explained_variance   | 0.686       |
|    learning_rate        | 0.0003      |
|    loss                 | 0.0138      |
|    n_updates            | 1700        |
|    policy_gradient_loss | -0.0144     |
|    value_loss           | 0.0917      |
-----------------------------------------
------------------------------------------
| session/                |              |
|    london_range_pts     | 52.7         |
| time/                   |              |
|    fps                  | 3            |
|    iterations           | 7            |
|    time_elapsed         | 3671         |
|    total_timesteps      | 354336       |
| train/                  |              |
|    approx_kl            | 0.0066437433 |
|    clip_fraction        | 0.0284       |
|    clip_range           | 0.2          |
|    entropy_loss         | -0.0407      |
|    explained_variance   | 0.816        |
|    learning_rate        | 0.0003       |
|    loss                 | 0.00889      |
|    n_updates            | 1710         |
|    policy_gradient_loss | -0.00899     |
|    value_loss           | 0.0817       |
------------------------------------------
Eval num_timesteps=355000, episode_reward=-4.36 +/- 0.32
Episode length: 35.00 +/- 0.00
-------------------------------------------------------
| eval/                                |              |
|    mean_ep_length                    | 35           |
|    mean_reward                       | -4.36        |
| policy/                              |              |
|    ent_coef                          | 0.01         |
|    hold_rate_500                     | 0.97         |
| session/                             |              |
|    london_range_pts                  | 22.7         |
| time/                                |              |
|    total_timesteps                   | 355000       |
| trade/                               |              |
|    avg_first_trade_duration_min      | 93           |
|    avg_first_trade_entry_delay_an... | 284          |
|    episode_pnl                       | 1.52         |
|    first_trade_is_ny_open_rate       | 0.2          |
|    first_trade_matches_intent_rate   | 0.5          |
|    first_trade_pnl                   | 0.994        |
|    first_trade_win_rate              | 0.5          |
|    ny_open_trade_rate                | 0.04         |
|    pnl_continuation_days             | 1.85         |
|    pnl_sweep_high_days               | -2.14        |
|    pnl_sweep_low_days                | 1.19         |
|    trades_per_episode                | 0.42         |
|    win_rate                          | 0.6          |
|    win_rate_continuation             | 0.1          |
|    win_rate_sweep_days               | 0.2          |
| train/                               |              |
|    approx_kl                         | 0.0025220965 |
|    clip_fraction                     | 0.0136       |
|    clip_range                        | 0.2          |
|    entropy_loss                      | -0.0194      |
|    explained_variance                | 0.801        |
|    learning_rate                     | 0.0003       |
|    loss                              | 0.0309       |
|    n_updates                         | 1720         |
|    policy_gradient_loss              | -0.00496     |
|    value_loss                        | 0.0857       |
-------------------------------------------------------
----------------------------------
| session/            |          |
|    london_range_pts | 43       |
| time/               |          |
|    fps              | 3        |
|    iterations       | 8        |
|    time_elapsed     | 4296     |
|    total_timesteps  | 356384   |
----------------------------------
-----------------------------------------
| session/                |             |
|    london_range_pts     | 17.9        |
| time/                   |             |
|    fps                  | 3           |
|    iterations           | 9           |
|    time_elapsed         | 4909        |
|    total_timesteps      | 358432      |
| train/                  |             |
|    approx_kl            | 0.013308182 |
|    clip_fraction        | 0.0521      |
|    clip_range           | 0.2         |
|    entropy_loss         | -0.0903     |
|    explained_variance   | 0.685       |
|    learning_rate        | 0.0003      |
|    loss                 | 0.0109      |
|    n_updates            | 1730        |
|    policy_gradient_loss | -0.0153     |
|    value_loss           | 0.113       |
-----------------------------------------
Eval num_timesteps=360000, episode_reward=-4.18 +/- 0.88
Episode length: 35.00 +/- 0.00
------------------------------------------------------
| eval/                                |             |
|    mean_ep_length                    | 35          |
|    mean_reward                       | -4.18       |
| policy/                              |             |
|    ent_coef                          | 0.01        |
|    hold_rate_500                     | 0.957       |
| session/                             |             |
|    london_range_pts                  | 33.6        |
| time/                                |             |
|    total_timesteps                   | 360000      |
| trade/                               |             |
|    avg_first_trade_duration_min      | 131         |
|    avg_first_trade_entry_delay_an... | 311         |
|    episode_pnl                       | 0.517       |
|    first_trade_is_ny_open_rate       | 0.143       |
|    first_trade_matches_intent_rate   | 0.714       |
|    first_trade_pnl                   | 1.55        |
|    first_trade_win_rate              | 0.429       |
|    ny_open_trade_rate                | 0.02        |
|    pnl_continuation_days             | 0.407       |
|    pnl_sweep_high_days               | -0.153      |
|    pnl_sweep_low_days                | 1.52        |
|    trades_per_episode                | 0.2         |
|    win_rate                          | 0.571       |
|    win_rate_continuation             | 0.0606      |
|    win_rate_sweep_days               | 0.118       |
| train/                               |             |
|    approx_kl                         | 0.006833032 |
|    clip_fraction                     | 0.0277      |
|    clip_range                        | 0.2         |
|    entropy_loss                      | -0.0475     |
|    explained_variance                | 0.739       |
|    learning_rate                     | 0.0003      |
|    loss                              | -0.00295    |
|    n_updates                         | 1740        |
|    policy_gradient_loss              | -0.0114     |
|    value_loss                        | 0.1         |
| validation/                          |             |
|    acceptance_passed                 | 0           |
|    avg_first_trade_duration_min      | 187         |
|    avg_first_trade_entry_delay_an... | 214         |
|    first_trade_is_ny_open_rate       | 0.2         |
|    first_trade_matches_intent_rate   | 0.4         |
|    first_trade_win_rate              | 66.7        |
|    ny_open_first_trade_win_rate      | 0           |
|    ny_open_trade_rate                | 0.0261      |
|    pnl_continuation_days             | 0.516       |
|    pnl_sweep_low_days                | 0.643       |
|    profit_factor                     | 1.91        |
|    trades_per_episode                | 0.191       |
|    win_rate                          | 31.8        |
|    win_rate_continuation             | 3.61        |
|    win_rate_sweep_days               | 25          |
------------------------------------------------------
New best mean reward!
----------------------------------
| session/            |          |
|    london_range_pts | 18.2     |
| time/               |          |
|    fps              | 3        |
|    iterations       | 10       |
|    time_elapsed     | 5723     |
|    total_timesteps  | 360480   |
----------------------------------
-----------------------------------------
| session/                |             |
|    london_range_pts     | 29.3        |
| time/                   |             |
|    fps                  | 3           |
|    iterations           | 11          |
|    time_elapsed         | 6205        |
|    total_timesteps      | 362528      |
| train/                  |             |
|    approx_kl            | 0.012543244 |
|    clip_fraction        | 0.0707      |
|    clip_range           | 0.2         |
|    entropy_loss         | -0.102      |
|    explained_variance   | 0.687       |
|    learning_rate        | 0.0003      |
|    loss                 | 0.0213      |
|    n_updates            | 1750        |
|    policy_gradient_loss | -0.0216     |
|    value_loss           | 0.125       |
-----------------------------------------
------------------------------------------
| session/                |              |
|    london_range_pts     | 20.3         |
| time/                   |              |
|    fps                  | 3            |
|    iterations           | 12           |
|    time_elapsed         | 6702         |
|    total_timesteps      | 364576       |
| train/                  |              |
|    approx_kl            | 0.0056966105 |
|    clip_fraction        | 0.0344       |
|    clip_range           | 0.2          |
|    entropy_loss         | -0.0665      |
|    explained_variance   | 0.769        |
|    learning_rate        | 0.0003       |
|    loss                 | 0.00595      |
|    n_updates            | 1760         |
|    policy_gradient_loss | -0.0123      |
|    value_loss           | 0.121        |
------------------------------------------
Eval num_timesteps=365000, episode_reward=-4.06 +/- 1.02
Episode length: 35.00 +/- 0.00
------------------------------------------------------
| eval/                                |             |
|    mean_ep_length                    | 35          |
|    mean_reward                       | -4.06       |
| policy/                              |             |
|    ent_coef                          | 0.01        |
|    hold_rate_500                     | 0.947       |
| session/                             |             |
|    london_range_pts                  | 28          |
| time/                                |             |
|    total_timesteps                   | 365000      |
| trade/                               |             |
|    avg_first_trade_duration_min      | 62.1        |
|    avg_first_trade_entry_delay_an... | 366         |
|    episode_pnl                       | 0.976       |
|    first_trade_is_ny_open_rate       | 0           |
|    first_trade_matches_intent_rate   | 0.286       |
|    first_trade_pnl                   | 1.81        |
|    first_trade_win_rate              | 0.429       |
|    ny_open_trade_rate                | 0           |
|    pnl_continuation_days             | 1.11        |
|    pnl_sweep_high_days               | 0.497       |
|    pnl_sweep_low_days                | 1.34        |
|    trades_per_episode                | 0.24        |
|    win_rate                          | 0.714       |
|    win_rate_continuation             | 0.0357      |
|    win_rate_sweep_days               | 0.182       |
| train/                               |             |
|    approx_kl                         | 0.009834224 |
|    clip_fraction                     | 0.0524      |
|    clip_range                        | 0.2         |
|    entropy_loss                      | -0.0818     |
|    explained_variance                | 0.683       |
|    learning_rate                     | 0.0003      |
|    loss                              | -0.00378    |
|    n_updates                         | 1770        |
|    policy_gradient_loss              | -0.0182     |
|    value_loss                        | 0.14        |
------------------------------------------------------
New best mean reward!
----------------------------------
| session/            |          |
|    london_range_pts | 19.4     |
| time/               |          |
|    fps              | 3        |
|    iterations       | 13       |
|    time_elapsed     | 7218     |
|    total_timesteps  | 366624   |
----------------------------------
-----------------------------------------
| session/                |             |
|    london_range_pts     | 29.8        |
| time/                   |             |
|    fps                  | 3           |
|    iterations           | 14          |
|    time_elapsed         | 7740        |
|    total_timesteps      | 368672      |
| train/                  |             |
|    approx_kl            | 0.011526467 |
|    clip_fraction        | 0.0529      |
|    clip_range           | 0.2         |
|    entropy_loss         | -0.0706     |
|    explained_variance   | 0.728       |
|    learning_rate        | 0.0003      |
|    loss                 | 0.0103      |
|    n_updates            | 1780        |
|    policy_gradient_loss | -0.0148     |
|    value_loss           | 0.0937      |
-----------------------------------------
Eval num_timesteps=370000, episode_reward=-3.97 +/- 0.50
Episode length: 35.00 +/- 0.00
------------------------------------------------------
| eval/                                |             |
|    mean_ep_length                    | 35          |
|    mean_reward                       | -3.97       |
| policy/                              |             |
|    ent_coef                          | 0.01        |
|    hold_rate_500                     | 0.95        |
| session/                             |             |
|    london_range_pts                  | 18.7        |
| time/                                |             |
|    total_timesteps                   | 370000      |
| trade/                               |             |
|    avg_first_trade_duration_min      | 65          |
|    avg_first_trade_entry_delay_an... | 310         |
|    episode_pnl                       | -0.238      |
|    first_trade_is_ny_open_rate       | 0           |
|    first_trade_matches_intent_rate   | 0.333       |
|    first_trade_pnl                   | -3.54       |
|    first_trade_win_rate              | 0           |
|    ny_open_trade_rate                | 0           |
|    pnl_continuation_days             | -0.174      |
|    pnl_sweep_high_days               | 0           |
|    pnl_sweep_low_days                | -0.852      |
|    trades_per_episode                | 0.14        |
|    win_rate                          | 0           |
|    win_rate_continuation             | 0           |
|    win_rate_sweep_days               | 0           |
| train/                               |             |
|    approx_kl                         | 0.008475868 |
|    clip_fraction                     | 0.0575      |
|    clip_range                        | 0.2         |
|    entropy_loss                      | -0.103      |
|    explained_variance                | 0.725       |
|    learning_rate                     | 0.0003      |
|    loss                              | 0.00427     |
|    n_updates                         | 1790        |
|    policy_gradient_loss              | -0.0167     |
|    value_loss                        | 0.112       |
| validation/                          |             |
|    acceptance_passed                 | 0           |
|    avg_first_trade_duration_min      | 183         |
|    avg_first_trade_entry_delay_an... | 236         |
|    first_trade_is_ny_open_rate       | 0.176       |
|    first_trade_matches_intent_rate   | 0.353       |
|    first_trade_win_rate              | 70.6        |
|    ny_open_first_trade_win_rate      | 0           |
|    ny_open_trade_rate                | 0.0261      |
|    pnl_continuation_days             | 0.579       |
|    pnl_sweep_low_days                | 0.643       |
|    profit_factor                     | 2.79        |
|    trades_per_episode                | 0.217       |
|    win_rate                          | 44          |
|    win_rate_continuation             | 4.82        |
|    win_rate_sweep_days               | 28.1        |
------------------------------------------------------
New best mean reward!
----------------------------------
| session/            |          |
|    london_range_pts | 20       |
| time/               |          |
|    fps              | 3        |
|    iterations       | 15       |
|    time_elapsed     | 8495     |
|    total_timesteps  | 370720   |
----------------------------------
-----------------------------------------
| session/                |             |
|    london_range_pts     | 27.2        |
| time/                   |             |
|    fps                  | 3           |
|    iterations           | 16          |
|    time_elapsed         | 8934        |
|    total_timesteps      | 372768      |
| train/                  |             |
|    approx_kl            | 0.009959484 |
|    clip_fraction        | 0.0331      |
|    clip_range           | 0.2         |
|    entropy_loss         | -0.049      |
|    explained_variance   | 0.816       |
|    learning_rate        | 0.0003      |
|    loss                 | -0.00838    |
|    n_updates            | 1800        |
|    policy_gradient_loss | -0.0127     |
|    value_loss           | 0.0692      |
-----------------------------------------
------------------------------------------
| session/                |              |
|    london_range_pts     | 19.5         |
| time/                   |              |
|    fps                  | 3            |
|    iterations           | 17           |
|    time_elapsed         | 9356         |
|    total_timesteps      | 374816       |
| train/                  |              |
|    approx_kl            | 0.0066820276 |
|    clip_fraction        | 0.0438       |
|    clip_range           | 0.2          |
|    entropy_loss         | -0.0776      |
|    explained_variance   | 0.616        |
|    learning_rate        | 0.0003       |
|    loss                 | 0.00827      |
|    n_updates            | 1810         |
|    policy_gradient_loss | -0.0153      |
|    value_loss           | 0.128        |
------------------------------------------
Eval num_timesteps=375000, episode_reward=-4.09 +/- 1.08
Episode length: 35.00 +/- 0.00
------------------------------------------------------
| eval/                                |             |
|    mean_ep_length                    | 35          |
|    mean_reward                       | -4.09       |
| policy/                              |             |
|    ent_coef                          | 0.01        |
|    hold_rate_500                     | 0.94        |
| session/                             |             |
|    london_range_pts                  | 18.3        |
| time/                                |             |
|    total_timesteps                   | 375000      |
| trade/                               |             |
|    avg_first_trade_duration_min      | 133         |
|    avg_first_trade_entry_delay_an... | 265         |
|    episode_pnl                       | 1.7         |
|    first_trade_is_ny_open_rate       | 0.231       |
|    first_trade_matches_intent_rate   | 0.154       |
|    first_trade_pnl                   | 3.81        |
|    first_trade_win_rate              | 0.615       |
|    ny_open_trade_rate                | 0.06        |
|    pnl_continuation_days             | 0.225       |
|    pnl_sweep_high_days               | 6.33        |
|    pnl_sweep_low_days                | 2.29        |
|    trades_per_episode                | 0.4         |
|    win_rate                          | 0.692       |
|    win_rate_continuation             | 0.0625      |
|    win_rate_sweep_days               | 0.389       |
| train/                               |             |
|    approx_kl                         | 0.010041509 |
|    clip_fraction                     | 0.0556      |
|    clip_range                        | 0.2         |
|    entropy_loss                      | -0.108      |
|    explained_variance                | 0.652       |
|    learning_rate                     | 0.0003      |
|    loss                              | 0.00535     |
|    n_updates                         | 1820        |
|    policy_gradient_loss              | -0.0178     |
|    value_loss                        | 0.14        |
------------------------------------------------------
----------------------------------
| session/            |          |
|    london_range_pts | 42.4     |
| time/               |          |
|    fps              | 3        |
|    iterations       | 18       |
|    time_elapsed     | 9759     |
|    total_timesteps  | 376864   |
----------------------------------
-----------------------------------------
| session/                |             |
|    london_range_pts     | 20.2        |
| time/                   |             |
|    fps                  | 3           |
|    iterations           | 19          |
|    time_elapsed         | 10068       |
|    total_timesteps      | 378912      |
| train/                  |             |
|    approx_kl            | 0.005787031 |
|    clip_fraction        | 0.0359      |
|    clip_range           | 0.2         |
|    entropy_loss         | -0.0659     |
|    explained_variance   | 0.697       |
|    learning_rate        | 0.0003      |
|    loss                 | -0.00334    |
|    n_updates            | 1830        |
|    policy_gradient_loss | -0.0155     |
|    value_loss           | 0.0948      |
-----------------------------------------
Eval num_timesteps=380000, episode_reward=-3.41 +/- 1.14
Episode length: 35.00 +/- 0.00
------------------------------------------------------
| eval/                                |             |
|    mean_ep_length                    | 35          |
|    mean_reward                       | -3.41       |
| policy/                              |             |
|    ent_coef                          | 0.01        |
|    hold_rate_500                     | 0.961       |
| session/                             |             |
|    london_range_pts                  | 34.8        |
| time/                                |             |
|    total_timesteps                   | 380000      |
| trade/                               |             |
|    avg_first_trade_duration_min      | 236         |
|    avg_first_trade_entry_delay_an... | 208         |
|    episode_pnl                       | 1.65        |
|    first_trade_is_ny_open_rate       | 0.125       |
|    first_trade_matches_intent_rate   | 0.125       |
|    first_trade_pnl                   | 7.83        |
|    first_trade_win_rate              | 0.875       |
|    ny_open_trade_rate                | 0.02        |
|    pnl_continuation_days             | 0.846       |
|    pnl_sweep_high_days               | 4.77        |
|    pnl_sweep_low_days                | 0           |
|    trades_per_episode                | 0.24        |
|    win_rate                          | 0.875       |
|    win_rate_continuation             | 0.1         |
|    win_rate_sweep_days               | 0.2         |
| train/                               |             |
|    approx_kl                         | 0.004897176 |
|    clip_fraction                     | 0.0226      |
|    clip_range                        | 0.2         |
|    entropy_loss                      | -0.0382     |
|    explained_variance                | 0.615       |
|    learning_rate                     | 0.0003      |
|    loss                              | 0.0116      |
|    n_updates                         | 1840        |
|    policy_gradient_loss              | -0.0107     |
|    value_loss                        | 0.091       |
| validation/                          |             |
|    acceptance_passed                 | 0           |
|    avg_first_trade_duration_min      | 178         |
|    avg_first_trade_entry_delay_an... | 235         |
|    first_trade_is_ny_open_rate       | 0.176       |
|    first_trade_matches_intent_rate   | 0.353       |
|    first_trade_win_rate              | 64.7        |
|    ny_open_first_trade_win_rate      | 0           |
|    ny_open_trade_rate                | 0.0261      |
|    pnl_continuation_days             | 0.57        |
|    pnl_sweep_low_days                | 0.643       |
|    profit_factor                     | 1.86        |
|    trades_per_episode                | 0.217       |
|    win_rate                          | 36          |
|    win_rate_continuation             | 4.82        |
|    win_rate_sweep_days               | 25          |
------------------------------------------------------
New best mean reward!
----------------------------------
| session/            |          |
|    london_range_pts | 35.2     |
| time/               |          |
|    fps              | 3        |
|    iterations       | 20       |
|    time_elapsed     | 10658    |
|    total_timesteps  | 380960   |
----------------------------------
-----------------------------------------
| session/                |             |
|    london_range_pts     | 36.4        |
| time/                   |             |
|    fps                  | 3           |
|    iterations           | 21          |
|    time_elapsed         | 11032       |
|    total_timesteps      | 383008      |
| train/                  |             |
|    approx_kl            | 0.005727887 |
|    clip_fraction        | 0.0315      |
|    clip_range           | 0.2         |
|    entropy_loss         | -0.0609     |
|    explained_variance   | 0.707       |
|    learning_rate        | 0.0003      |
|    loss                 | 0.00606     |
|    n_updates            | 1850        |
|    policy_gradient_loss | -0.00999    |
|    value_loss           | 0.118       |
-----------------------------------------
Eval num_timesteps=385000, episode_reward=-3.58 +/- 0.97
Episode length: 35.00 +/- 0.00
------------------------------------------------------
| eval/                                |             |
|    mean_ep_length                    | 35          |
|    mean_reward                       | -3.58       |
| policy/                              |             |
|    ent_coef                          | 0.01        |
|    hold_rate_500                     | 0.952       |
| session/                             |             |
|    london_range_pts                  | 13.4        |
| time/                                |             |
|    total_timesteps                   | 385000      |
| trade/                               |             |
|    avg_first_trade_duration_min      | 154         |
|    avg_first_trade_entry_delay_an... | 242         |
|    episode_pnl                       | 1.25        |
|    first_trade_is_ny_open_rate       | 0.125       |
|    first_trade_matches_intent_rate   | 0.375       |
|    first_trade_pnl                   | 3.53        |
|    first_trade_win_rate              | 0.375       |
|    ny_open_trade_rate                | 0.02        |
|    pnl_continuation_days             | 1.61        |
|    pnl_sweep_high_days               | 0.48        |
|    pnl_sweep_low_days                | 0.309       |
|    trades_per_episode                | 0.38        |
|    win_rate                          | 0.75        |
|    win_rate_continuation             | 0.114       |
|    win_rate_sweep_days               | 0.133       |
| train/                               |             |
|    approx_kl                         | 0.004734835 |
|    clip_fraction                     | 0.0339      |
|    clip_range                        | 0.2         |
|    entropy_loss                      | -0.0695     |
|    explained_variance                | 0.766       |
|    learning_rate                     | 0.0003      |
|    loss                              | 0.0019      |
|    n_updates                         | 1860        |
|    policy_gradient_loss              | -0.00916    |
|    value_loss                        | 0.116       |
------------------------------------------------------
----------------------------------
| session/            |          |
|    london_range_pts | 17.6     |
| time/               |          |
|    fps              | 3        |
|    iterations       | 22       |
|    time_elapsed     | 11434    |
|    total_timesteps  | 385056   |
----------------------------------
------------------------------------------
| session/                |              |
|    london_range_pts     | 70.3         |
| time/                   |              |
|    fps                  | 3            |
|    iterations           | 23           |
|    time_elapsed         | 11835        |
|    total_timesteps      | 387104       |
| train/                  |              |
|    approx_kl            | 0.0057423124 |
|    clip_fraction        | 0.0406       |
|    clip_range           | 0.2          |
|    entropy_loss         | -0.0745      |
|    explained_variance   | 0.764        |
|    learning_rate        | 0.0003       |
|    loss                 | -0.00826     |
|    n_updates            | 1870         |
|    policy_gradient_loss | -0.0132      |
|    value_loss           | 0.105        |
------------------------------------------
------------------------------------------
| session/                |              |
|    london_range_pts     | 29.1         |
| time/                   |              |
|    fps                  | 4            |
|    iterations           | 24           |
|    time_elapsed         | 12252        |
|    total_timesteps      | 389152       |
| train/                  |              |
|    approx_kl            | 0.0109071685 |
|    clip_fraction        | 0.0622       |
|    clip_range           | 0.2          |
|    entropy_loss         | -0.0989      |
|    explained_variance   | 0.625        |
|    learning_rate        | 0.0003       |
|    loss                 | -0.00746     |
|    n_updates            | 1880         |
|    policy_gradient_loss | -0.0223      |
|    value_loss           | 0.123        |
------------------------------------------
Eval num_timesteps=390000, episode_reward=-4.16 +/- 0.95
Episode length: 35.00 +/- 0.00
------------------------------------------------------
| eval/                                |             |
|    mean_ep_length                    | 35          |
|    mean_reward                       | -4.16       |
| policy/                              |             |
|    ent_coef                          | 0.01        |
|    hold_rate_500                     | 0.919       |
| session/                             |             |
|    london_range_pts                  | 21.8        |
| time/                                |             |
|    total_timesteps                   | 390000      |
| trade/                               |             |
|    avg_first_trade_duration_min      | 202         |
|    avg_first_trade_entry_delay_an... | 248         |
|    episode_pnl                       | 1.76        |
|    first_trade_is_ny_open_rate       | 0           |
|    first_trade_matches_intent_rate   | 0.3         |
|    first_trade_pnl                   | 6.79        |
|    first_trade_win_rate              | 0.9         |
|    ny_open_trade_rate                | 0           |
|    pnl_continuation_days             | 0.944       |
|    pnl_sweep_high_days               | 5           |
|    pnl_sweep_low_days                | 2.68        |
|    trades_per_episode                | 0.32        |
|    win_rate                          | 0.9         |
|    win_rate_continuation             | 0.0833      |
|    win_rate_sweep_days               | 0.429       |
| train/                               |             |
|    approx_kl                         | 0.008411145 |
|    clip_fraction                     | 0.0522      |
|    clip_range                        | 0.2         |
|    entropy_loss                      | -0.1        |
|    explained_variance                | 0.659       |
|    learning_rate                     | 0.0003      |
|    loss                              | 0.000167    |
|    n_updates                         | 1890        |
|    policy_gradient_loss              | -0.0192     |
|    value_loss                        | 0.162       |
| validation/                          |             |
|    acceptance_passed                 | 0           |
|    avg_first_trade_duration_min      | 165         |
|    avg_first_trade_entry_delay_an... | 240         |
|    first_trade_is_ny_open_rate       | 0.176       |
|    first_trade_matches_intent_rate   | 0.353       |
|    first_trade_win_rate              | 64.7        |
|    ny_open_first_trade_win_rate      | 0           |
|    ny_open_trade_rate                | 0.0261      |
|    pnl_continuation_days             | 0.633       |
|    pnl_sweep_low_days                | 0.643       |
|    profit_factor                     | 1.86        |
|    trades_per_episode                | 0.217       |
|    win_rate                          | 36          |
|    win_rate_continuation             | 4.82        |
|    win_rate_sweep_days               | 21.9        |
------------------------------------------------------
----------------------------------
| session/            |          |
|    london_range_pts | 15.6     |
| time/               |          |
|    fps              | 3        |
|    iterations       | 25       |
|    time_elapsed     | 12972    |
|    total_timesteps  | 391200   |
----------------------------------
-----------------------------------------
| session/                |             |
|    london_range_pts     | 16.8        |
| time/                   |             |
|    fps                  | 3           |
|    iterations           | 26          |
|    time_elapsed         | 13417       |
|    total_timesteps      | 393248      |
| train/                  |             |
|    approx_kl            | 0.008129002 |
|    clip_fraction        | 0.0463      |
|    clip_range           | 0.2         |
|    entropy_loss         | -0.0906     |
|    explained_variance   | 0.568       |
|    learning_rate        | 0.0003      |
|    loss                 | 0.0134      |
|    n_updates            | 1900        |
|    policy_gradient_loss | -0.015      |
|    value_loss           | 0.171       |
-----------------------------------------
Eval num_timesteps=395000, episode_reward=-4.57 +/- 0.77
Episode length: 35.00 +/- 0.00
-------------------------------------------------------
| eval/                                |              |
|    mean_ep_length                    | 35           |
|    mean_reward                       | -4.57        |
| policy/                              |              |
|    ent_coef                          | 0.01         |
|    hold_rate_500                     | 0.949        |
| session/                             |              |
|    london_range_pts                  | 18.6         |
| time/                                |              |
|    total_timesteps                   | 395000       |
| trade/                               |              |
|    avg_first_trade_duration_min      | 90           |
|    avg_first_trade_entry_delay_an... | 262          |
|    episode_pnl                       | 1.77         |
|    first_trade_is_ny_open_rate       | 0            |
|    first_trade_matches_intent_rate   | 0.167        |
|    first_trade_pnl                   | 3.93         |
|    first_trade_win_rate              | 1            |
|    ny_open_trade_rate                | 0            |
|    pnl_continuation_days             | 2.42         |
|    pnl_sweep_high_days               | 0.675        |
|    pnl_sweep_low_days                | 0.401        |
|    trades_per_episode                | 0.26         |
|    win_rate                          | 1            |
|    win_rate_continuation             | 0.0909       |
|    win_rate_sweep_days               | 0.176        |
| train/                               |              |
|    approx_kl                         | 0.0062384466 |
|    clip_fraction                     | 0.0393       |
|    clip_range                        | 0.2          |
|    entropy_loss                      | -0.0718      |
|    explained_variance                | 0.73         |
|    learning_rate                     | 0.0003       |
|    loss                              | 0.000821     |
|    n_updates                         | 1910         |
|    policy_gradient_loss              | -0.0135      |
|    value_loss                        | 0.132        |
-------------------------------------------------------
----------------------------------
| session/            |          |
|    london_range_pts | 26.5     |
| time/               |          |
|    fps              | 3        |
|    iterations       | 27       |
|    time_elapsed     | 13843    |
|    total_timesteps  | 395296   |
----------------------------------
------------------------------------------
| session/                |              |
|    london_range_pts     | 30.7         |
| time/                   |              |
|    fps                  | 4            |
|    iterations           | 28           |
|    time_elapsed         | 14180        |
|    total_timesteps      | 397344       |
| train/                  |              |
|    approx_kl            | 0.0031387294 |
|    clip_fraction        | 0.0247       |
|    clip_range           | 0.2          |
|    entropy_loss         | -0.0504      |
|    explained_variance   | 0.678        |
|    learning_rate        | 0.0003       |
|    loss                 | 0.00653      |
|    n_updates            | 1920         |
|    policy_gradient_loss | -0.00867     |
|    value_loss           | 0.116        |
------------------------------------------
-----------------------------------------
| session/                |             |
|    london_range_pts     | 19.6        |
| time/                   |             |
|    fps                  | 4           |
|    iterations           | 29          |
|    time_elapsed         | 14528       |
|    total_timesteps      | 399392      |
| train/                  |             |
|    approx_kl            | 0.006569475 |
|    clip_fraction        | 0.0333      |
|    clip_range           | 0.2         |
|    entropy_loss         | -0.0607     |
|    explained_variance   | 0.641       |
|    learning_rate        | 0.0003      |
|    loss                 | 0.00321     |
|    n_updates            | 1930        |
|    policy_gradient_loss | -0.0105     |
|    value_loss           | 0.13        |
-----------------------------------------
Eval num_timesteps=400000, episode_reward=-4.33 +/- 0.44
Episode length: 35.00 +/- 0.00
------------------------------------------------------
| eval/                                |             |
|    mean_ep_length                    | 35          |
|    mean_reward                       | -4.33       |
| policy/                              |             |
|    ent_coef                          | 0.01        |
|    hold_rate_500                     | 0.954       |
| session/                             |             |
|    london_range_pts                  | 22.6        |
| time/                                |             |
|    total_timesteps                   | 400000      |
| trade/                               |             |
|    avg_first_trade_duration_min      | 171         |
|    avg_first_trade_entry_delay_an... | 300         |
|    episode_pnl                       | 0.485       |
|    first_trade_is_ny_open_rate       | 0           |
|    first_trade_matches_intent_rate   | 0.25        |
|    first_trade_pnl                   | 2.47        |
|    first_trade_win_rate              | 0.5         |
|    ny_open_trade_rate                | 0           |
|    pnl_continuation_days             | 0.388       |
|    pnl_sweep_high_days               | 1.18        |
|    pnl_sweep_low_days                | -0.604      |
|    trades_per_episode                | 0.18        |
|    win_rate                          | 0.5         |
|    win_rate_continuation             | 0.0625      |
|    win_rate_sweep_days               | 0.111       |
| train/                               |             |
|    approx_kl                         | 0.009434696 |
|    clip_fraction                     | 0.0421      |
|    clip_range                        | 0.2         |
|    entropy_loss                      | -0.0649     |
|    explained_variance                | 0.724       |
|    learning_rate                     | 0.0003      |
|    loss                              | 0.00666     |
|    n_updates                         | 1940        |
|    policy_gradient_loss              | -0.016      |
|    value_loss                        | 0.0917      |
| validation/                          |             |
|    acceptance_passed                 | 0           |
|    avg_first_trade_duration_min      | 171         |
|    avg_first_trade_entry_delay_an... | 221         |
|    first_trade_is_ny_open_rate       | 0.176       |
|    first_trade_matches_intent_rate   | 0.353       |
|    first_trade_win_rate              | 64.7        |
|    ny_open_first_trade_win_rate      | 0           |
|    ny_open_trade_rate                | 0.0261      |
|    pnl_continuation_days             | 0.638       |
|    pnl_sweep_low_days                | 0.643       |
|    profit_factor                     | 1.72        |
|    trades_per_episode                | 0.217       |
|    win_rate                          | 28          |
|    win_rate_continuation             | 4.82        |
|    win_rate_sweep_days               | 25          |
------------------------------------------------------
----------------------------------
| session/            |          |
|    london_range_pts | 39.6     |
| time/               |          |
|    fps              | 4        |
|    iterations       | 30       |
|    time_elapsed     | 15190    |
|    total_timesteps  | 401440   |
----------------------------------
-----------------------------------------
| session/                |             |
|    london_range_pts     | 24.2        |
| time/                   |             |
|    fps                  | 4           |
|    iterations           | 31          |
|    time_elapsed         | 15601       |
|    total_timesteps      | 403488      |
| train/                  |             |
|    approx_kl            | 0.008225042 |
|    clip_fraction        | 0.0429      |
|    clip_range           | 0.2         |
|    entropy_loss         | -0.0649     |
|    explained_variance   | 0.706       |
|    learning_rate        | 0.0003      |
|    loss                 | -0.0155     |
|    n_updates            | 1950        |
|    policy_gradient_loss | -0.0152     |
|    value_loss           | 0.125       |
-----------------------------------------
Eval num_timesteps=405000, episode_reward=-3.85 +/- 0.88
Episode length: 35.00 +/- 0.00
-------------------------------------------------------
| eval/                                |              |
|    mean_ep_length                    | 35           |
|    mean_reward                       | -3.85        |
| policy/                              |              |
|    ent_coef                          | 0.01         |
|    hold_rate_500                     | 0.959        |
| session/                             |              |
|    london_range_pts                  | 25.3         |
| time/                                |              |
|    total_timesteps                   | 405000       |
| trade/                               |              |
|    avg_first_trade_duration_min      | 230          |
|    avg_first_trade_entry_delay_an... | 212          |
|    episode_pnl                       | 0.584        |
|    first_trade_is_ny_open_rate       | 0.222        |
|    first_trade_matches_intent_rate   | 0.444        |
|    first_trade_pnl                   | 1.88         |
|    first_trade_win_rate              | 0.444        |
|    ny_open_trade_rate                | 0.04         |
|    pnl_continuation_days             | 0.772        |
|    pnl_sweep_high_days               | -0.453       |
|    pnl_sweep_low_days                | 0.974        |
|    trades_per_episode                | 0.24         |
|    win_rate                          | 0.556        |
|    win_rate_continuation             | 0.0909       |
|    win_rate_sweep_days               | 0.118        |
| train/                               |              |
|    approx_kl                         | 0.0068009854 |
|    clip_fraction                     | 0.0363       |
|    clip_range                        | 0.2          |
|    entropy_loss                      | -0.0634      |
|    explained_variance                | 0.71         |
|    learning_rate                     | 0.0003       |
|    loss                              | 0.00886      |
|    n_updates                         | 1960         |
|    policy_gradient_loss              | -0.0102      |
|    value_loss                        | 0.0932       |
-------------------------------------------------------
----------------------------------
| session/            |          |
|    london_range_pts | 39.9     |
| time/               |          |
|    fps              | 4        |
|    iterations       | 32       |
|    time_elapsed     | 16068    |
|    total_timesteps  | 405536   |
----------------------------------
------------------------------------------
| session/                |              |
|    london_range_pts     | 30.5         |
| time/                   |              |
|    fps                  | 4            |
|    iterations           | 33           |
|    time_elapsed         | 16539        |
|    total_timesteps      | 407584       |
| train/                  |              |
|    approx_kl            | 0.0070355716 |
|    clip_fraction        | 0.0369       |
|    clip_range           | 0.2          |
|    entropy_loss         | -0.0705      |
|    explained_variance   | 0.667        |
|    learning_rate        | 0.0003       |
|    loss                 | 0.0187       |
|    n_updates            | 1970         |
|    policy_gradient_loss | -0.0121      |
|    value_loss           | 0.149        |
------------------------------------------
-----------------------------------------
| session/                |             |
|    london_range_pts     | 39.2        |
| time/                   |             |
|    fps                  | 4           |
|    iterations           | 34          |
|    time_elapsed         | 17008       |
|    total_timesteps      | 409632      |
| train/                  |             |
|    approx_kl            | 0.009405353 |
|    clip_fraction        | 0.0433      |
|    clip_range           | 0.2         |
|    entropy_loss         | -0.0573     |
|    explained_variance   | 0.731       |
|    learning_rate        | 0.0003      |
|    loss                 | 0.00963     |
|    n_updates            | 1980        |
|    policy_gradient_loss | -0.0151     |
|    value_loss           | 0.1         |
-----------------------------------------
Eval num_timesteps=410000, episode_reward=-2.71 +/- 1.70
Episode length: 35.00 +/- 0.00
------------------------------------------------------
| eval/                                |             |
|    mean_ep_length                    | 35          |
|    mean_reward                       | -2.71       |
| policy/                              |             |
|    ent_coef                          | 0.01        |
|    hold_rate_500                     | 0.946       |
| session/                             |             |
|    london_range_pts                  | 24          |
| time/                                |             |
|    total_timesteps                   | 410000      |
| trade/                               |             |
|    avg_first_trade_duration_min      | 190         |
|    avg_first_trade_entry_delay_an... | 255         |
|    episode_pnl                       | 0.495       |
|    first_trade_is_ny_open_rate       | 0.167       |
|    first_trade_matches_intent_rate   | 0           |
|    first_trade_pnl                   | 4.12        |
|    first_trade_win_rate              | 0.5         |
|    ny_open_trade_rate                | 0.02        |
|    pnl_continuation_days             | 0.343       |
|    pnl_sweep_high_days               | 0.997       |
|    pnl_sweep_low_days                | 0.422       |
|    trades_per_episode                | 0.12        |
|    win_rate                          | 0.5         |
|    win_rate_continuation             | 0.0294      |
|    win_rate_sweep_days               | 0.125       |
| train/                               |             |
|    approx_kl                         | 0.011032087 |
|    clip_fraction                     | 0.0646      |
|    clip_range                        | 0.2         |
|    entropy_loss                      | -0.105      |
|    explained_variance                | 0.63        |
|    learning_rate                     | 0.0003      |
|    loss                              | -0.021      |
|    n_updates                         | 1990        |
|    policy_gradient_loss              | -0.0206     |
|    value_loss                        | 0.117       |
| validation/                          |             |
|    acceptance_passed                 | 0           |
|    avg_first_trade_duration_min      | 162         |
|    avg_first_trade_entry_delay_an... | 238         |
|    first_trade_is_ny_open_rate       | 0.176       |
|    first_trade_matches_intent_rate   | 0.353       |
|    first_trade_win_rate              | 58.8        |
|    ny_open_first_trade_win_rate      | 0           |
|    ny_open_trade_rate                | 0.0261      |
|    pnl_continuation_days             | 0.633       |
|    pnl_sweep_low_days                | 0.643       |
|    profit_factor                     | 1.72        |
|    trades_per_episode                | 0.209       |
|    win_rate                          | 29.2        |
|    win_rate_continuation             | 4.82        |
|    win_rate_sweep_days               | 21.9        |
------------------------------------------------------
New best mean reward!
----------------------------------
| session/            |          |
|    london_range_pts | 26.3     |
| time/               |          |
|    fps              | 4        |
|    iterations       | 35       |
|    time_elapsed     | 17795    |
|    total_timesteps  | 411680   |
----------------------------------
-----------------------------------------
| session/                |             |
|    london_range_pts     | 15.2        |
| time/                   |             |
|    fps                  | 4           |
|    iterations           | 36          |
|    time_elapsed         | 18292       |
|    total_timesteps      | 413728      |
| train/                  |             |
|    approx_kl            | 0.007770558 |
|    clip_fraction        | 0.0453      |
|    clip_range           | 0.2         |
|    entropy_loss         | -0.0759     |
|    explained_variance   | 0.64        |
|    learning_rate        | 0.0003      |
|    loss                 | 0.00293     |
|    n_updates            | 2000        |
|    policy_gradient_loss | -0.0139     |
|    value_loss           | 0.125       |
-----------------------------------------
Eval num_timesteps=415000, episode_reward=-3.79 +/- 0.45
Episode length: 35.00 +/- 0.00
------------------------------------------------------
| eval/                                |             |
|    mean_ep_length                    | 35          |
|    mean_reward                       | -3.79       |
| policy/                              |             |
|    ent_coef                          | 0.01        |
|    hold_rate_500                     | 0.944       |
| session/                             |             |
|    london_range_pts                  | 20.8        |
| time/                                |             |
|    total_timesteps                   | 415000      |
| trade/                               |             |
|    avg_first_trade_duration_min      | 175         |
|    avg_first_trade_entry_delay_an... | 237         |
|    episode_pnl                       | 1.48        |
|    first_trade_is_ny_open_rate       | 0.0909      |
|    first_trade_matches_intent_rate   | 0.364       |
|    first_trade_pnl                   | 2.43        |
|    first_trade_win_rate              | 0.545       |
|    ny_open_trade_rate                | 0.02        |
|    pnl_continuation_days             | 1.65        |
|    pnl_sweep_high_days               | -0.361      |
|    pnl_sweep_low_days                | 1.79        |
|    trades_per_episode                | 0.38        |
|    win_rate                          | 0.636       |
|    win_rate_continuation             | 0.0909      |
|    win_rate_sweep_days               | 0.235       |
| train/                               |             |
|    approx_kl                         | 0.007963435 |
|    clip_fraction                     | 0.0485      |
|    clip_range                        | 0.2         |
|    entropy_loss                      | -0.104      |
|    explained_variance                | 0.647       |
|    learning_rate                     | 0.0003      |
|    loss                              | 0.0105      |
|    n_updates                         | 2010        |
|    policy_gradient_loss              | -0.0185     |
|    value_loss                        | 0.135       |
------------------------------------------------------
----------------------------------
| session/            |          |
|    london_range_pts | 24.3     |
| time/               |          |
|    fps              | 4        |
|    iterations       | 37       |
|    time_elapsed     | 18742    |
|    total_timesteps  | 415776   |
----------------------------------
-----------------------------------------
| session/                |             |
|    london_range_pts     | 27.1        |
| time/                   |             |
|    fps                  | 4           |
|    iterations           | 38          |
|    time_elapsed         | 19185       |
|    total_timesteps      | 417824      |
| train/                  |             |
|    approx_kl            | 0.004260445 |
|    clip_fraction        | 0.0281      |
|    clip_range           | 0.2         |
|    entropy_loss         | -0.0468     |
|    explained_variance   | 0.635       |
|    learning_rate        | 0.0003      |
|    loss                 | 0.0318      |
|    n_updates            | 2020        |
|    policy_gradient_loss | -0.0104     |
|    value_loss           | 0.148       |
-----------------------------------------
-----------------------------------------
| session/                |             |
|    london_range_pts     | 21.8        |
| time/                   |             |
|    fps                  | 4           |
|    iterations           | 39          |
|    time_elapsed         | 19641       |
|    total_timesteps      | 419872      |
| train/                  |             |
|    approx_kl            | 0.010042574 |
|    clip_fraction        | 0.0476      |
|    clip_range           | 0.2         |
|    entropy_loss         | -0.0782     |
|    explained_variance   | 0.672       |
|    learning_rate        | 0.0003      |
|    loss                 | 0.00655     |
|    n_updates            | 2030        |
|    policy_gradient_loss | -0.0177     |
|    value_loss           | 0.127       |
-----------------------------------------
Eval num_timesteps=420000, episode_reward=-3.81 +/- 1.62
Episode length: 35.00 +/- 0.00
------------------------------------------------------
| eval/                                |             |
|    mean_ep_length                    | 35          |
|    mean_reward                       | -3.81       |
| policy/                              |             |
|    ent_coef                          | 0.01        |
|    hold_rate_500                     | 0.937       |
| session/                             |             |
|    london_range_pts                  | 26.5        |
| time/                                |             |
|    total_timesteps                   | 420000      |
| trade/                               |             |
|    avg_first_trade_duration_min      | 80.5        |
|    avg_first_trade_entry_delay_an... | 270         |
|    episode_pnl                       | 0.77        |
|    first_trade_is_ny_open_rate       | 0.0909      |
|    first_trade_matches_intent_rate   | 0.545       |
|    first_trade_pnl                   | -0.211      |
|    first_trade_win_rate              | 0.455       |
|    ny_open_trade_rate                | 0.02        |
|    pnl_continuation_days             | 1.66        |
|    pnl_sweep_high_days               | -0.902      |
|    pnl_sweep_low_days                | -0.367      |
|    trades_per_episode                | 0.4         |
|    win_rate                          | 0.545       |
|    win_rate_continuation             | 0.129       |
|    win_rate_sweep_days               | 0.105       |
| train/                               |             |
|    approx_kl                         | 0.013160503 |
|    clip_fraction                     | 0.064       |
|    clip_range                        | 0.2         |
|    entropy_loss                      | -0.108      |
|    explained_variance                | 0.645       |
|    learning_rate                     | 0.0003      |
|    loss                              | 0.03        |
|    n_updates                         | 2040        |
|    policy_gradient_loss              | -0.0208     |
|    value_loss                        | 0.133       |
| validation/                          |             |
|    acceptance_passed                 | 0           |
|    avg_first_trade_duration_min      | 178         |
|    avg_first_trade_entry_delay_an... | 229         |
|    first_trade_is_ny_open_rate       | 0.176       |
|    first_trade_matches_intent_rate   | 0.353       |
|    first_trade_win_rate              | 64.7        |
|    ny_open_first_trade_win_rate      | 0           |
|    ny_open_trade_rate                | 0.0261      |
|    pnl_continuation_days             | 0.579       |
|    pnl_sweep_low_days                | 0.643       |
|    profit_factor                     | 1.91        |
|    trades_per_episode                | 0.209       |
|    win_rate                          | 33.3        |
|    win_rate_continuation             | 4.82        |
|    win_rate_sweep_days               | 25          |
------------------------------------------------------
----------------------------------
| session/            |          |
|    london_range_pts | 37.1     |
| time/               |          |
|    fps              | 4        |
|    iterations       | 40       |
|    time_elapsed     | 20476    |
|    total_timesteps  | 421920   |
----------------------------------
------------------------------------------
| session/                |              |
|    london_range_pts     | 18.7         |
| time/                   |              |
|    fps                  | 4            |
|    iterations           | 41           |
|    time_elapsed         | 20974        |
|    total_timesteps      | 423968       |
| train/                  |              |
|    approx_kl            | 0.0056176432 |
|    clip_fraction        | 0.0286       |
|    clip_range           | 0.2          |
|    entropy_loss         | -0.045       |
|    explained_variance   | 0.735        |
|    learning_rate        | 0.0003       |
|    loss                 | 0.0283       |
|    n_updates            | 2050         |
|    policy_gradient_loss | -0.0121      |
|    value_loss           | 0.114        |
------------------------------------------
Eval num_timesteps=425000, episode_reward=-4.44 +/- 0.97
Episode length: 35.00 +/- 0.00
-------------------------------------------------------
| eval/                                |              |
|    mean_ep_length                    | 35           |
|    mean_reward                       | -4.44        |
| policy/                              |              |
|    ent_coef                          | 0.01         |
|    hold_rate_500                     | 0.957        |
| session/                             |              |
|    london_range_pts                  | 23.5         |
| time/                                |              |
|    total_timesteps                   | 425000       |
| trade/                               |              |
|    avg_first_trade_duration_min      | 158          |
|    avg_first_trade_entry_delay_an... | 285          |
|    episode_pnl                       | 0.609        |
|    first_trade_is_ny_open_rate       | 0.125        |
|    first_trade_matches_intent_rate   | 0.375        |
|    first_trade_pnl                   | 3.28         |
|    first_trade_win_rate              | 0.75         |
|    ny_open_trade_rate                | 0.02         |
|    pnl_continuation_days             | 0.402        |
|    pnl_sweep_high_days               | -0.116       |
|    pnl_sweep_low_days                | 4.55         |
|    trades_per_episode                | 0.18         |
|    win_rate                          | 0.75         |
|    win_rate_continuation             | 0.0294       |
|    win_rate_sweep_days               | 0.312        |
| train/                               |              |
|    approx_kl                         | 0.0060368446 |
|    clip_fraction                     | 0.0364       |
|    clip_range                        | 0.2          |
|    entropy_loss                      | -0.0611      |
|    explained_variance                | 0.68         |
|    learning_rate                     | 0.0003       |
|    loss                              | 0.0238       |
|    n_updates                         | 2060         |
|    policy_gradient_loss              | -0.0119      |
|    value_loss                        | 0.126        |
-------------------------------------------------------
----------------------------------
| session/            |          |
|    london_range_pts | 32.3     |
| time/               |          |
|    fps              | 4        |
|    iterations       | 42       |
|    time_elapsed     | 21494    |
|    total_timesteps  | 426016   |
----------------------------------
-----------------------------------------
| session/                |             |
|    london_range_pts     | 29.5        |
| time/                   |             |
|    fps                  | 3           |
|    iterations           | 43          |
|    time_elapsed         | 22025       |
|    total_timesteps      | 428064      |
| train/                  |             |
|    approx_kl            | 0.009117374 |
|    clip_fraction        | 0.0374      |
|    clip_range           | 0.2         |
|    entropy_loss         | -0.0559     |
|    explained_variance   | 0.669       |
|    learning_rate        | 0.0003      |
|    loss                 | -0.0135     |
|    n_updates            | 2070        |
|    policy_gradient_loss | -0.0136     |
|    value_loss           | 0.1         |
-----------------------------------------
Eval num_timesteps=430000, episode_reward=-4.51 +/- 0.59
Episode length: 35.00 +/- 0.00
-------------------------------------------------------
| eval/                                |              |
|    mean_ep_length                    | 35           |
|    mean_reward                       | -4.51        |
| policy/                              |              |
|    ent_coef                          | 0.01         |
|    hold_rate_500                     | 0.955        |
| session/                             |              |
|    london_range_pts                  | 25.1         |
| time/                                |              |
|    total_timesteps                   | 430000       |
| trade/                               |              |
|    avg_first_trade_duration_min      | 137          |
|    avg_first_trade_entry_delay_an... | 291          |
|    episode_pnl                       | 1.61         |
|    first_trade_is_ny_open_rate       | 0            |
|    first_trade_matches_intent_rate   | 0.286        |
|    first_trade_pnl                   | 4.95         |
|    first_trade_win_rate              | 0.857        |
|    ny_open_trade_rate                | 0            |
|    pnl_continuation_days             | 2.04         |
|    pnl_sweep_high_days               | 1.19         |
|    pnl_sweep_low_days                | -0.604       |
|    trades_per_episode                | 0.28         |
|    win_rate                          | 0.714        |
|    win_rate_continuation             | 0.111        |
|    win_rate_sweep_days               | 0.0714       |
| train/                               |              |
|    approx_kl                         | 0.0067464197 |
|    clip_fraction                     | 0.0389       |
|    clip_range                        | 0.2          |
|    entropy_loss                      | -0.065       |
|    explained_variance                | 0.655        |
|    learning_rate                     | 0.0003       |
|    loss                              | 0.000413     |
|    n_updates                         | 2080         |
|    policy_gradient_loss              | -0.0141      |
|    value_loss                        | 0.142        |
| validation/                          |              |
|    acceptance_passed                 | 0            |
|    avg_first_trade_duration_min      | 176          |
|    avg_first_trade_entry_delay_an... | 215          |
|    first_trade_is_ny_open_rate       | 0.176        |
|    first_trade_matches_intent_rate   | 0.353        |
|    first_trade_win_rate              | 64.7         |
|    ny_open_first_trade_win_rate      | 0            |
|    ny_open_trade_rate                | 0.0261       |
|    pnl_continuation_days             | 0.633        |
|    pnl_sweep_low_days                | 0.643        |
|    profit_factor                     | 1.72         |
|    trades_per_episode                | 0.235        |
|    win_rate                          | 33.3         |
|    win_rate_continuation             | 4.82         |
|    win_rate_sweep_days               | 28.1         |
-------------------------------------------------------
----------------------------------
| session/            |          |
|    london_range_pts | 21.8     |
| time/               |          |
|    fps              | 3        |
|    iterations       | 44       |
|    time_elapsed     | 22929    |
|    total_timesteps  | 430112   |
----------------------------------
-----------------------------------------
| session/                |             |
|    london_range_pts     | 26          |
| time/                   |             |
|    fps                  | 3           |
|    iterations           | 45          |
|    time_elapsed         | 23406       |
|    total_timesteps      | 432160      |
| train/                  |             |
|    approx_kl            | 0.010910729 |
|    clip_fraction        | 0.043       |
|    clip_range           | 0.2         |
|    entropy_loss         | -0.0621     |
|    explained_variance   | 0.725       |
|    learning_rate        | 0.0003      |
|    loss                 | 0.00802     |
|    n_updates            | 2090        |
|    policy_gradient_loss | -0.015      |
|    value_loss           | 0.158       |
-----------------------------------------
-----------------------------------------
| session/                |             |
|    london_range_pts     | 29.7        |
| time/                   |             |
|    fps                  | 3           |
|    iterations           | 46          |
|    time_elapsed         | 23834       |
|    total_timesteps      | 434208      |
| train/                  |             |
|    approx_kl            | 0.007935194 |
|    clip_fraction        | 0.0396      |
|    clip_range           | 0.2         |
|    entropy_loss         | -0.064      |
|    explained_variance   | 0.709       |
|    learning_rate        | 0.0003      |
|    loss                 | -0.000658   |
|    n_updates            | 2100        |
|    policy_gradient_loss | -0.00985    |
|    value_loss           | 0.113       |
-----------------------------------------
Eval num_timesteps=435000, episode_reward=-4.29 +/- 0.26
Episode length: 35.00 +/- 0.00
-------------------------------------------------------
| eval/                                |              |
|    mean_ep_length                    | 35           |
|    mean_reward                       | -4.29        |
| policy/                              |              |
|    ent_coef                          | 0.01         |
|    hold_rate_500                     | 0.941        |
| session/                             |              |
|    london_range_pts                  | 22.6         |
| time/                                |              |
|    total_timesteps                   | 435000       |
| trade/                               |              |
|    avg_first_trade_duration_min      | 186          |
|    avg_first_trade_entry_delay_an... | 209          |
|    episode_pnl                       | 1.49         |
|    first_trade_is_ny_open_rate       | 0.333        |
|    first_trade_matches_intent_rate   | 0.5          |
|    first_trade_pnl                   | 3.6          |
|    first_trade_win_rate              | 0.75         |
|    ny_open_trade_rate                | 0.08         |
|    pnl_continuation_days             | 0.974        |
|    pnl_sweep_high_days               | 2.92         |
|    pnl_sweep_low_days                | 1.48         |
|    trades_per_episode                | 0.46         |
|    win_rate                          | 0.917        |
|    win_rate_continuation             | 0.1          |
|    win_rate_sweep_days               | 0.4          |
| train/                               |              |
|    approx_kl                         | 0.0068023866 |
|    clip_fraction                     | 0.0472       |
|    clip_range                        | 0.2          |
|    entropy_loss                      | -0.0767      |
|    explained_variance                | 0.754        |
|    learning_rate                     | 0.0003       |
|    loss                              | 0.0201       |
|    n_updates                         | 2110         |
|    policy_gradient_loss              | -0.014       |
|    value_loss                        | 0.137        |
-------------------------------------------------------
----------------------------------
| session/            |          |
|    london_range_pts | 40.8     |
| time/               |          |
|    fps              | 3        |
|    iterations       | 47       |
|    time_elapsed     | 24304    |
|    total_timesteps  | 436256   |
----------------------------------
-----------------------------------------
| session/                |             |
|    london_range_pts     | 44.9        |
| time/                   |             |
|    fps                  | 3           |
|    iterations           | 48          |
|    time_elapsed         | 24789       |
|    total_timesteps      | 438304      |
| train/                  |             |
|    approx_kl            | 0.010878207 |
|    clip_fraction        | 0.0487      |
|    clip_range           | 0.2         |
|    entropy_loss         | -0.0741     |
|    explained_variance   | 0.631       |
|    learning_rate        | 0.0003      |
|    loss                 | 0.00708     |
|    n_updates            | 2120        |
|    policy_gradient_loss | -0.0162     |
|    value_loss           | 0.163       |
-----------------------------------------
Eval num_timesteps=440000, episode_reward=-3.99 +/- 3.51
Episode length: 35.00 +/- 0.00
------------------------------------------------------
| eval/                                |             |
|    mean_ep_length                    | 35          |
|    mean_reward                       | -3.99       |
| policy/                              |             |
|    ent_coef                          | 0.01        |
|    hold_rate_500                     | 0.953       |
| session/                             |             |
|    london_range_pts                  | 18.6        |
| time/                                |             |
|    total_timesteps                   | 440000      |
| trade/                               |             |
|    avg_first_trade_duration_min      | 150         |
|    avg_first_trade_entry_delay_an... | 288         |
|    episode_pnl                       | 1.74        |
|    first_trade_is_ny_open_rate       | 0           |
|    first_trade_matches_intent_rate   | 0.444       |
|    first_trade_pnl                   | 4.21        |
|    first_trade_win_rate              | 0.667       |
|    ny_open_trade_rate                | 0           |
|    pnl_continuation_days             | 1.48        |
|    pnl_sweep_high_days               | 3.02        |
|    pnl_sweep_low_days                | 1.7         |
|    trades_per_episode                | 0.3         |
|    win_rate                          | 0.889       |
|    win_rate_continuation             | 0.0909      |
|    win_rate_sweep_days               | 0.294       |
| train/                               |             |
|    approx_kl                         | 0.008741413 |
|    clip_fraction                     | 0.0355      |
|    clip_range                        | 0.2         |
|    entropy_loss                      | -0.0585     |
|    explained_variance                | 0.76        |
|    learning_rate                     | 0.0003      |
|    loss                              | 0.0142      |
|    n_updates                         | 2130        |
|    policy_gradient_loss              | -0.0105     |
|    value_loss                        | 0.0894      |
| validation/                          |             |
|    acceptance_passed                 | 0           |
|    avg_first_trade_duration_min      | 176         |
|    avg_first_trade_entry_delay_an... | 215         |
|    first_trade_is_ny_open_rate       | 0.176       |
|    first_trade_matches_intent_rate   | 0.353       |
|    first_trade_win_rate              | 64.7        |
|    ny_open_first_trade_win_rate      | 0           |
|    ny_open_trade_rate                | 0.0261      |
|    pnl_continuation_days             | 0.633       |
|    pnl_sweep_low_days                | 0.643       |
|    profit_factor                     | 1.72        |
|    trades_per_episode                | 0.235       |
|    win_rate                          | 33.3        |
|    win_rate_continuation             | 4.82        |
|    win_rate_sweep_days               | 28.1        |
------------------------------------------------------
----------------------------------
| session/            |          |
|    london_range_pts | 30.2     |
| time/               |          |
|    fps              | 3        |
|    iterations       | 49       |
|    time_elapsed     | 25623    |
|    total_timesteps  | 440352   |
----------------------------------
------------------------------------------
| session/                |              |
|    london_range_pts     | 25.8         |
| time/                   |              |
|    fps                  | 3            |
|    iterations           | 50           |
|    time_elapsed         | 26121        |
|    total_timesteps      | 442400       |
| train/                  |              |
|    approx_kl            | 0.0064048423 |
|    clip_fraction        | 0.0431       |
|    clip_range           | 0.2          |
|    entropy_loss         | -0.0693      |
|    explained_variance   | 0.705        |
|    learning_rate        | 0.0003       |
|    loss                 | 0.0179       |
|    n_updates            | 2140         |
|    policy_gradient_loss | -0.0152      |
|    value_loss           | 0.128        |
------------------------------------------
-----------------------------------------
| session/                |             |
|    london_range_pts     | 44.8        |
| time/                   |             |
|    fps                  | 3           |
|    iterations           | 51          |
|    time_elapsed         | 26631       |
|    total_timesteps      | 444448      |
| train/                  |             |
|    approx_kl            | 0.009461952 |
|    clip_fraction        | 0.0464      |
|    clip_range           | 0.2         |
|    entropy_loss         | -0.0729     |
|    explained_variance   | 0.729       |
|    learning_rate        | 0.0003      |
|    loss                 | 0.0311      |
|    n_updates            | 2150        |
|    policy_gradient_loss | -0.0153     |
|    value_loss           | 0.139       |
-----------------------------------------
Eval num_timesteps=445000, episode_reward=-4.56 +/- 1.56
Episode length: 35.00 +/- 0.00
------------------------------------------------------
| eval/                                |             |
|    mean_ep_length                    | 35          |
|    mean_reward                       | -4.56       |
| policy/                              |             |
|    ent_coef                          | 0.01        |
|    hold_rate_500                     | 0.934       |
| session/                             |             |
|    london_range_pts                  | 22.6        |
| time/                                |             |
|    total_timesteps                   | 445000      |
| trade/                               |             |
|    avg_first_trade_duration_min      | 162         |
|    avg_first_trade_entry_delay_an... | 254         |
|    episode_pnl                       | 1.15        |
|    first_trade_is_ny_open_rate       | 0.1         |
|    first_trade_matches_intent_rate   | 0.3         |
|    first_trade_pnl                   | 3.95        |
|    first_trade_win_rate              | 0.7         |
|    ny_open_trade_rate                | 0.02        |
|    pnl_continuation_days             | 0.621       |
|    pnl_sweep_high_days               | 3.31        |
|    pnl_sweep_low_days                | 0           |
|    trades_per_episode                | 0.26        |
|    win_rate                          | 0.8         |
|    win_rate_continuation             | 0.128       |
|    win_rate_sweep_days               | 0.273       |
| train/                               |             |
|    approx_kl                         | 0.011344683 |
|    clip_fraction                     | 0.0542      |
|    clip_range                        | 0.2         |
|    entropy_loss                      | -0.089      |
|    explained_variance                | 0.689       |
|    learning_rate                     | 0.0003      |
|    loss                              | -0.0214     |
|    n_updates                         | 2160        |
|    policy_gradient_loss              | -0.0168     |
|    value_loss                        | 0.142       |
------------------------------------------------------
----------------------------------
| session/            |          |
|    london_range_pts | 27.3     |
| time/               |          |
|    fps              | 3        |
|    iterations       | 52       |
|    time_elapsed     | 27180    |
|    total_timesteps  | 446496   |
----------------------------------
------------------------------------------
| session/                |              |
|    london_range_pts     | 19.7         |
| time/                   |              |
|    fps                  | 3            |
|    iterations           | 53           |
|    time_elapsed         | 27731        |
|    total_timesteps      | 448544       |
| train/                  |              |
|    approx_kl            | 0.0064039696 |
|    clip_fraction        | 0.0375       |
|    clip_range           | 0.2          |
|    entropy_loss         | -0.0585      |
|    explained_variance   | 0.742        |
|    learning_rate        | 0.0003       |
|    loss                 | -0.00251     |
|    n_updates            | 2170         |
|    policy_gradient_loss | -0.0137      |
|    value_loss           | 0.107        |
------------------------------------------
Eval num_timesteps=450000, episode_reward=-4.63 +/- 0.20
Episode length: 35.00 +/- 0.00
------------------------------------------------------
| eval/                                |             |
|    mean_ep_length                    | 35          |
|    mean_reward                       | -4.63       |
| policy/                              |             |
|    ent_coef                          | 0.01        |
|    hold_rate_500                     | 0.949       |
| session/                             |             |
|    london_range_pts                  | 28          |
| time/                                |             |
|    total_timesteps                   | 450000      |
| trade/                               |             |
|    avg_first_trade_duration_min      | 101         |
|    avg_first_trade_entry_delay_an... | 254         |
|    episode_pnl                       | 1.54        |
|    first_trade_is_ny_open_rate       | 0.0909      |
|    first_trade_matches_intent_rate   | 0.545       |
|    first_trade_pnl                   | 1.74        |
|    first_trade_win_rate              | 0.545       |
|    ny_open_trade_rate                | 0.02        |
|    pnl_continuation_days             | 1.04        |
|    pnl_sweep_high_days               | 1.23        |
|    pnl_sweep_low_days                | 3.29        |
|    trades_per_episode                | 0.4         |
|    win_rate                          | 0.727       |
|    win_rate_continuation             | 0.111       |
|    win_rate_sweep_days               | 0.217       |
| train/                               |             |
|    approx_kl                         | 0.007897242 |
|    clip_fraction                     | 0.0421      |
|    clip_range                        | 0.2         |
|    entropy_loss                      | -0.065      |
|    explained_variance                | 0.669       |
|    learning_rate                     | 0.0003      |
|    loss                              | 0.0066      |
|    n_updates                         | 2180        |
|    policy_gradient_loss              | -0.0133     |
|    value_loss                        | 0.122       |
| validation/                          |             |
|    acceptance_passed                 | 0           |
|    avg_first_trade_duration_min      | 180         |
|    avg_first_trade_entry_delay_an... | 226         |
|    first_trade_is_ny_open_rate       | 0.176       |
|    first_trade_matches_intent_rate   | 0.353       |
|    first_trade_win_rate              | 64.7        |
|    ny_open_first_trade_win_rate      | 0           |
|    ny_open_trade_rate                | 0.0261      |
|    pnl_continuation_days             | 0.578       |
|    pnl_sweep_low_days                | 0.643       |
|    profit_factor                     | 1.72        |
|    trades_per_episode                | 0.226       |
|    win_rate                          | 34.6        |
|    win_rate_continuation             | 4.82        |
|    win_rate_sweep_days               | 28.1        |
------------------------------------------------------
----------------------------------
| session/            |          |
|    london_range_pts | 20.3     |
| time/               |          |
|    fps              | 3        |
|    iterations       | 54       |
|    time_elapsed     | 28485    |
|    total_timesteps  | 450592   |
----------------------------------
-----------------------------------------
| session/                |             |
|    london_range_pts     | 18.2        |
| time/                   |             |
|    fps                  | 3           |
|    iterations           | 55          |
|    time_elapsed         | 28822       |
|    total_timesteps      | 452640      |
| train/                  |             |
|    approx_kl            | 0.014361808 |
|    clip_fraction        | 0.0425      |
|    clip_range           | 0.2         |
|    entropy_loss         | -0.0709     |
|    explained_variance   | 0.678       |
|    learning_rate        | 0.0003      |
|    loss                 | 0.00883     |
|    n_updates            | 2190        |
|    policy_gradient_loss | -0.014      |
|    value_loss           | 0.143       |
-----------------------------------------
------------------------------------------
| session/                |              |
|    london_range_pts     | 44.8         |
| time/                   |              |
|    fps                  | 3            |
|    iterations           | 56           |
|    time_elapsed         | 29199        |
|    total_timesteps      | 454688       |
| train/                  |              |
|    approx_kl            | 0.0054216017 |
|    clip_fraction        | 0.0347       |
|    clip_range           | 0.2          |
|    entropy_loss         | -0.0633      |
|    explained_variance   | 0.77         |
|    learning_rate        | 0.0003       |
|    loss                 | 0.00246      |
|    n_updates            | 2200         |
|    policy_gradient_loss | -0.00914     |
|    value_loss           | 0.148        |
------------------------------------------
Eval num_timesteps=455000, episode_reward=-4.07 +/- 1.44
Episode length: 35.00 +/- 0.00
-------------------------------------------------------
| eval/                                |              |
|    mean_ep_length                    | 35           |
|    mean_reward                       | -4.07        |
| policy/                              |              |
|    ent_coef                          | 0.01         |
|    hold_rate_500                     | 0.953        |
| session/                             |              |
|    london_range_pts                  | 22.2         |
| time/                                |              |
|    total_timesteps                   | 455000       |
| trade/                               |              |
|    avg_first_trade_duration_min      | 248          |
|    avg_first_trade_entry_delay_an... | 251          |
|    episode_pnl                       | 0.327        |
|    first_trade_is_ny_open_rate       | 0.25         |
|    first_trade_matches_intent_rate   | 0.25         |
|    first_trade_pnl                   | 4.09         |
|    first_trade_win_rate              | 0.75         |
|    ny_open_trade_rate                | 0.02         |
|    pnl_continuation_days             | -0.0286      |
|    pnl_sweep_high_days               | 0.399        |
|    pnl_sweep_low_days                | 2.21         |
|    trades_per_episode                | 0.08         |
|    win_rate                          | 0.75         |
|    win_rate_continuation             | 0.0263       |
|    win_rate_sweep_days               | 0.167        |
| train/                               |              |
|    approx_kl                         | 0.0074103735 |
|    clip_fraction                     | 0.0269       |
|    clip_range                        | 0.2          |
|    entropy_loss                      | -0.0384      |
|    explained_variance                | 0.779        |
|    learning_rate                     | 0.0003       |
|    loss                              | 0.00593      |
|    n_updates                         | 2210         |
|    policy_gradient_loss              | -0.0109      |
|    value_loss                        | 0.101        |
-------------------------------------------------------
----------------------------------
| session/            |          |
|    london_range_pts | 29.6     |
| time/               |          |
|    fps              | 3        |
|    iterations       | 57       |
|    time_elapsed     | 29637    |
|    total_timesteps  | 456736   |
----------------------------------
-----------------------------------------
| session/                |             |
|    london_range_pts     | 39.5        |
| time/                   |             |
|    fps                  | 3           |
|    iterations           | 58          |
|    time_elapsed         | 30111       |
|    total_timesteps      | 458784      |
| train/                  |             |
|    approx_kl            | 0.010705821 |
|    clip_fraction        | 0.0486      |
|    clip_range           | 0.2         |
|    entropy_loss         | -0.0754     |
|    explained_variance   | 0.762       |
|    learning_rate        | 0.0003      |
|    loss                 | -0.00963    |
|    n_updates            | 2220        |
|    policy_gradient_loss | -0.0188     |
|    value_loss           | 0.132       |
-----------------------------------------
Eval num_timesteps=460000, episode_reward=-4.15 +/- 0.77
Episode length: 35.00 +/- 0.00
------------------------------------------------------
| eval/                                |             |
|    mean_ep_length                    | 35          |
|    mean_reward                       | -4.15       |
| policy/                              |             |
|    ent_coef                          | 0.01        |
|    hold_rate_500                     | 0.926       |
| session/                             |             |
|    london_range_pts                  | 20.5        |
| time/                                |             |
|    total_timesteps                   | 460000      |
| trade/                               |             |
|    avg_first_trade_duration_min      | 128         |
|    avg_first_trade_entry_delay_an... | 285         |
|    episode_pnl                       | 2.5         |
|    first_trade_is_ny_open_rate       | 0.0909      |
|    first_trade_matches_intent_rate   | 0.364       |
|    first_trade_pnl                   | 4.81        |
|    first_trade_win_rate              | 0.727       |
|    ny_open_trade_rate                | 0.02        |
|    pnl_continuation_days             | 2.97        |
|    pnl_sweep_high_days               | 1.97        |
|    pnl_sweep_low_days                | 0.724       |
|    trades_per_episode                | 0.42        |
|    win_rate                          | 0.909       |
|    win_rate_continuation             | 0.176       |
|    win_rate_sweep_days               | 0.25        |
| train/                               |             |
|    approx_kl                         | 0.009702629 |
|    clip_fraction                     | 0.0558      |
|    clip_range                        | 0.2         |
|    entropy_loss                      | -0.0847     |
|    explained_variance                | 0.733       |
|    learning_rate                     | 0.0003      |
|    loss                              | 0.0362      |
|    n_updates                         | 2230        |
|    policy_gradient_loss              | -0.0166     |
|    value_loss                        | 0.15        |
| validation/                          |             |
|    acceptance_passed                 | 0           |
|    avg_first_trade_duration_min      | 187         |
|    avg_first_trade_entry_delay_an... | 230         |
|    first_trade_is_ny_open_rate       | 0.176       |
|    first_trade_matches_intent_rate   | 0.353       |
|    first_trade_win_rate              | 70.6        |
|    ny_open_first_trade_win_rate      | 0           |
|    ny_open_trade_rate                | 0.0261      |
|    pnl_continuation_days             | 0.578       |
|    pnl_sweep_low_days                | 0.643       |
|    profit_factor                     | 2.25        |
|    trades_per_episode                | 0.217       |
|    win_rate                          | 40          |
|    win_rate_continuation             | 4.82        |
|    win_rate_sweep_days               | 28.1        |
------------------------------------------------------
----------------------------------
| session/            |          |
|    london_range_pts | 13.4     |
| time/               |          |
|    fps              | 3        |
|    iterations       | 59       |
|    time_elapsed     | 30918    |
|    total_timesteps  | 460832   |
----------------------------------
-----------------------------------------
| session/                |             |
|    london_range_pts     | 22.6        |
| time/                   |             |
|    fps                  | 3           |
|    iterations           | 60          |
|    time_elapsed         | 31400       |
|    total_timesteps      | 462880      |
| train/                  |             |
|    approx_kl            | 0.009184679 |
|    clip_fraction        | 0.0477      |
|    clip_range           | 0.2         |
|    entropy_loss         | -0.0839     |
|    explained_variance   | 0.624       |
|    learning_rate        | 0.0003      |
|    loss                 | 0.0317      |
|    n_updates            | 2240        |
|    policy_gradient_loss | -0.0127     |
|    value_loss           | 0.135       |
-----------------------------------------
-----------------------------------------
| session/                |             |
|    london_range_pts     | 16.3        |
| time/                   |             |
|    fps                  | 3           |
|    iterations           | 61          |
|    time_elapsed         | 31899       |
|    total_timesteps      | 464928      |
| train/                  |             |
|    approx_kl            | 0.008783287 |
|    clip_fraction        | 0.0386      |
|    clip_range           | 0.2         |
|    entropy_loss         | -0.0602     |
|    explained_variance   | 0.584       |
|    learning_rate        | 0.0003      |
|    loss                 | -0.000511   |
|    n_updates            | 2250        |
|    policy_gradient_loss | -0.0119     |
|    value_loss           | 0.118       |
-----------------------------------------
Eval num_timesteps=465000, episode_reward=-4.09 +/- 0.56
Episode length: 35.00 +/- 0.00
-------------------------------------------------------
| eval/                                |              |
|    mean_ep_length                    | 35           |
|    mean_reward                       | -4.09        |
| policy/                              |              |
|    ent_coef                          | 0.01         |
|    hold_rate_500                     | 0.957        |
| session/                             |              |
|    london_range_pts                  | 17.1         |
| time/                                |              |
|    total_timesteps                   | 465000       |
| trade/                               |              |
|    avg_first_trade_duration_min      | 191          |
|    avg_first_trade_entry_delay_an... | 199          |
|    episode_pnl                       | 0.816        |
|    first_trade_is_ny_open_rate       | 0.286        |
|    first_trade_matches_intent_rate   | 0.571        |
|    first_trade_pnl                   | 4.3          |
|    first_trade_win_rate              | 0.857        |
|    ny_open_trade_rate                | 0.04         |
|    pnl_continuation_days             | 0.214        |
|    pnl_sweep_high_days               | 2.6          |
|    pnl_sweep_low_days                | 1            |
|    trades_per_episode                | 0.26         |
|    win_rate                          | 1            |
|    win_rate_continuation             | 0.0667       |
|    win_rate_sweep_days               | 0.25         |
| train/                               |              |
|    approx_kl                         | 0.0046790633 |
|    clip_fraction                     | 0.0304       |
|    clip_range                        | 0.2          |
|    entropy_loss                      | -0.0513      |
|    explained_variance                | 0.69         |
|    learning_rate                     | 0.0003       |
|    loss                              | 0.0274       |
|    n_updates                         | 2260         |
|    policy_gradient_loss              | -0.0105      |
|    value_loss                        | 0.0976       |
-------------------------------------------------------
----------------------------------
| session/            |          |
|    london_range_pts | 18.3     |
| time/               |          |
|    fps              | 3        |
|    iterations       | 62       |
|    time_elapsed     | 32441    |
|    total_timesteps  | 466976   |
----------------------------------
------------------------------------------
| session/                |              |
|    london_range_pts     | 23.6         |
| time/                   |              |
|    fps                  | 3            |
|    iterations           | 63           |
|    time_elapsed         | 32824        |
|    total_timesteps      | 469024       |
| train/                  |              |
|    approx_kl            | 0.0064627137 |
|    clip_fraction        | 0.0286       |
|    clip_range           | 0.2          |
|    entropy_loss         | -0.0408      |
|    explained_variance   | 0.724        |
|    learning_rate        | 0.0003       |
|    loss                 | 0.0195       |
|    n_updates            | 2270         |
|    policy_gradient_loss | -0.0131      |
|    value_loss           | 0.107        |
------------------------------------------
Eval num_timesteps=470000, episode_reward=-2.58 +/- 1.40
Episode length: 35.00 +/- 0.00
------------------------------------------------------
| eval/                                |             |
|    mean_ep_length                    | 35          |
|    mean_reward                       | -2.58       |
| policy/                              |             |
|    ent_coef                          | 0.01        |
|    hold_rate_500                     | 0.962       |
| session/                             |             |
|    london_range_pts                  | 28.8        |
| time/                                |             |
|    total_timesteps                   | 470000      |
| trade/                               |             |
|    avg_first_trade_duration_min      | 197         |
|    avg_first_trade_entry_delay_an... | 253         |
|    episode_pnl                       | 1.02        |
|    first_trade_is_ny_open_rate       | 0.143       |
|    first_trade_matches_intent_rate   | 0.143       |
|    first_trade_pnl                   | 5.06        |
|    first_trade_win_rate              | 0.714       |
|    ny_open_trade_rate                | 0.02        |
|    pnl_continuation_days             | 0.519       |
|    pnl_sweep_high_days               | 2.53        |
|    pnl_sweep_low_days                | 1.5         |
|    trades_per_episode                | 0.2         |
|    win_rate                          | 0.857       |
|    win_rate_continuation             | 0.0606      |
|    win_rate_sweep_days               | 0.235       |
| train/                               |             |
|    approx_kl                         | 0.005033695 |
|    clip_fraction                     | 0.0323      |
|    clip_range                        | 0.2         |
|    entropy_loss                      | -0.0589     |
|    explained_variance                | 0.723       |
|    learning_rate                     | 0.0003      |
|    loss                              | 0.0328      |
|    n_updates                         | 2280        |
|    policy_gradient_loss              | -0.00966    |
|    value_loss                        | 0.136       |
| validation/                          |             |
|    acceptance_passed                 | 0           |
|    avg_first_trade_duration_min      | 175         |
|    avg_first_trade_entry_delay_an... | 218         |
|    first_trade_is_ny_open_rate       | 0.176       |
|    first_trade_matches_intent_rate   | 0.353       |
|    first_trade_win_rate              | 64.7        |
|    ny_open_first_trade_win_rate      | 0           |
|    ny_open_trade_rate                | 0.0261      |
|    pnl_continuation_days             | 0.638       |
|    pnl_sweep_low_days                | 0.643       |
|    profit_factor                     | 1.69        |
|    trades_per_episode                | 0.226       |
|    win_rate                          | 30.8        |
|    win_rate_continuation             | 4.82        |
|    win_rate_sweep_days               | 25          |
------------------------------------------------------
New best mean reward!
----------------------------------
| session/            |          |
|    london_range_pts | 14.3     |
| time/               |          |
|    fps              | 3        |
|    iterations       | 64       |
|    time_elapsed     | 33551    |
|    total_timesteps  | 471072   |
----------------------------------
-----------------------------------------
| session/                |             |
|    london_range_pts     | 26.3        |
| time/                   |             |
|    fps                  | 3           |
|    iterations           | 65          |
|    time_elapsed         | 34058       |
|    total_timesteps      | 473120      |
| train/                  |             |
|    approx_kl            | 0.009842545 |
|    clip_fraction        | 0.0507      |
|    clip_range           | 0.2         |
|    entropy_loss         | -0.0968     |
|    explained_variance   | 0.669       |
|    learning_rate        | 0.0003      |
|    loss                 | 0.00516     |
|    n_updates            | 2290        |
|    policy_gradient_loss | -0.0131     |
|    value_loss           | 0.183       |
-----------------------------------------
Eval num_timesteps=475000, episode_reward=-3.72 +/- 1.91
Episode length: 35.00 +/- 0.00
------------------------------------------------------
| eval/                                |             |
|    mean_ep_length                    | 35          |
|    mean_reward                       | -3.72       |
| policy/                              |             |
|    ent_coef                          | 0.01        |
|    hold_rate_500                     | 0.94        |
| session/                             |             |
|    london_range_pts                  | 54.1        |
| time/                                |             |
|    total_timesteps                   | 475000      |
| trade/                               |             |
|    avg_first_trade_duration_min      | 169         |
|    avg_first_trade_entry_delay_an... | 236         |
|    episode_pnl                       | 0.793       |
|    first_trade_is_ny_open_rate       | 0           |
|    first_trade_matches_intent_rate   | 0.286       |
|    first_trade_pnl                   | 4.82        |
|    first_trade_win_rate              | 0.714       |
|    ny_open_trade_rate                | 0           |
|    pnl_continuation_days             | 0.831       |
|    pnl_sweep_high_days               | 2.01        |
|    pnl_sweep_low_days                | -0.183      |
|    trades_per_episode                | 0.22        |
|    win_rate                          | 0.714       |
|    win_rate_continuation             | 0.0606      |
|    win_rate_sweep_days               | 0.176       |
| train/                               |             |
|    approx_kl                         | 0.009441007 |
|    clip_fraction                     | 0.0518      |
|    clip_range                        | 0.2         |
|    entropy_loss                      | -0.0856     |
|    explained_variance                | 0.731       |
|    learning_rate                     | 0.0003      |
|    loss                              | -0.00728    |
|    n_updates                         | 2300        |
|    policy_gradient_loss              | -0.0205     |
|    value_loss                        | 0.1         |
------------------------------------------------------
----------------------------------
| session/            |          |
|    london_range_pts | 28.2     |
| time/               |          |
|    fps              | 3        |
|    iterations       | 66       |
|    time_elapsed     | 34574    |
|    total_timesteps  | 475168   |
----------------------------------
-----------------------------------------
| session/                |             |
|    london_range_pts     | 24.2        |
| time/                   |             |
|    fps                  | 3           |
|    iterations           | 67          |
|    time_elapsed         | 35027       |
|    total_timesteps      | 477216      |
| train/                  |             |
|    approx_kl            | 0.007926086 |
|    clip_fraction        | 0.0436      |
|    clip_range           | 0.2         |
|    entropy_loss         | -0.0665     |
|    explained_variance   | 0.809       |
|    learning_rate        | 0.0003      |
|    loss                 | -0.00302    |
|    n_updates            | 2310        |
|    policy_gradient_loss | -0.014      |
|    value_loss           | 0.0752      |
-----------------------------------------
-----------------------------------------
| session/                |             |
|    london_range_pts     | 31.2        |
| time/                   |             |
|    fps                  | 3           |
|    iterations           | 68          |
|    time_elapsed         | 35501       |
|    total_timesteps      | 479264      |
| train/                  |             |
|    approx_kl            | 0.005718041 |
|    clip_fraction        | 0.0326      |
|    clip_range           | 0.2         |
|    entropy_loss         | -0.0559     |
|    explained_variance   | 0.707       |
|    learning_rate        | 0.0003      |
|    loss                 | 0.0145      |
|    n_updates            | 2320        |
|    policy_gradient_loss | -0.00991    |
|    value_loss           | 0.129       |
-----------------------------------------
Eval num_timesteps=480000, episode_reward=-3.89 +/- 1.36
Episode length: 35.00 +/- 0.00
------------------------------------------------------
| eval/                                |             |
|    mean_ep_length                    | 35          |
|    mean_reward                       | -3.89       |
| policy/                              |             |
|    ent_coef                          | 0.01        |
|    hold_rate_500                     | 0.948       |
| session/                             |             |
|    london_range_pts                  | 26.4        |
| time/                                |             |
|    total_timesteps                   | 480000      |
| trade/                               |             |
|    avg_first_trade_duration_min      | 116         |
|    avg_first_trade_entry_delay_an... | 310         |
|    episode_pnl                       | 1.78        |
|    first_trade_is_ny_open_rate       | 0.0833      |
|    first_trade_matches_intent_rate   | 0.167       |
|    first_trade_pnl                   | 2.79        |
|    first_trade_win_rate              | 0.667       |
|    ny_open_trade_rate                | 0.02        |
|    pnl_continuation_days             | 2           |
|    pnl_sweep_high_days               | 1.07        |
|    pnl_sweep_low_days                | 1.55        |
|    trades_per_episode                | 0.36        |
|    win_rate                          | 0.75        |
|    win_rate_continuation             | 0.121       |
|    win_rate_sweep_days               | 0.294       |
| train/                               |             |
|    approx_kl                         | 0.006490574 |
|    clip_fraction                     | 0.048       |
|    clip_range                        | 0.2         |
|    entropy_loss                      | -0.0877     |
|    explained_variance                | 0.681       |
|    learning_rate                     | 0.0003      |
|    loss                              | 0.0203      |
|    n_updates                         | 2330        |
|    policy_gradient_loss              | -0.0126     |
|    value_loss                        | 0.158       |
| validation/                          |             |
|    acceptance_passed                 | 0           |
|    avg_first_trade_duration_min      | 176         |
|    avg_first_trade_entry_delay_an... | 216         |
|    first_trade_is_ny_open_rate       | 0.176       |
|    first_trade_matches_intent_rate   | 0.353       |
|    first_trade_win_rate              | 64.7        |
|    ny_open_first_trade_win_rate      | 0           |
|    ny_open_trade_rate                | 0.0261      |
|    pnl_continuation_days             | 0.633       |
|    pnl_sweep_low_days                | 0.643       |
|    profit_factor                     | 1.69        |
|    trades_per_episode                | 0.226       |
|    win_rate                          | 30.8        |
|    win_rate_continuation             | 4.82        |
|    win_rate_sweep_days               | 25          |
------------------------------------------------------
----------------------------------
| session/            |          |
|    london_range_pts | 27.6     |
| time/               |          |
|    fps              | 3        |
|    iterations       | 69       |
|    time_elapsed     | 36367    |
|    total_timesteps  | 481312   |
----------------------------------
-----------------------------------------
| session/                |             |
|    london_range_pts     | 30.7        |
| time/                   |             |
|    fps                  | 3           |
|    iterations           | 70          |
|    time_elapsed         | 36857       |
|    total_timesteps      | 483360      |
| train/                  |             |
|    approx_kl            | 0.008535914 |
|    clip_fraction        | 0.0464      |
|    clip_range           | 0.2         |
|    entropy_loss         | -0.0754     |
|    explained_variance   | 0.724       |
|    learning_rate        | 0.0003      |
|    loss                 | 0.0114      |
|    n_updates            | 2340        |
|    policy_gradient_loss | -0.0157     |
|    value_loss           | 0.15        |
-----------------------------------------
Eval num_timesteps=485000, episode_reward=-3.82 +/- 0.57
Episode length: 35.00 +/- 0.00
-------------------------------------------------------
| eval/                                |              |
|    mean_ep_length                    | 35           |
|    mean_reward                       | -3.82        |
| policy/                              |              |
|    ent_coef                          | 0.01         |
|    hold_rate_500                     | 0.957        |
| session/                             |              |
|    london_range_pts                  | 27.4         |
| time/                                |              |
|    total_timesteps                   | 485000       |
| trade/                               |              |
|    avg_first_trade_duration_min      | 128          |
|    avg_first_trade_entry_delay_an... | 268          |
|    episode_pnl                       | 1.25         |
|    first_trade_is_ny_open_rate       | 0.125        |
|    first_trade_matches_intent_rate   | 0.75         |
|    first_trade_pnl                   | 2.26         |
|    first_trade_win_rate              | 0.625        |
|    ny_open_trade_rate                | 0.02         |
|    pnl_continuation_days             | 0.883        |
|    pnl_sweep_high_days               | 3.26         |
|    pnl_sweep_low_days                | 0.352        |
|    trades_per_episode                | 0.3          |
|    win_rate                          | 1            |
|    win_rate_continuation             | 0.0857       |
|    win_rate_sweep_days               | 0.333        |
| train/                               |              |
|    approx_kl                         | 0.0056458907 |
|    clip_fraction                     | 0.0267       |
|    clip_range                        | 0.2          |
|    entropy_loss                      | -0.0397      |
|    explained_variance                | 0.768        |
|    learning_rate                     | 0.0003       |
|    loss                              | 0.0135       |
|    n_updates                         | 2350         |
|    policy_gradient_loss              | -0.0104      |
|    value_loss                        | 0.0944       |
-------------------------------------------------------
----------------------------------
| session/            |          |
|    london_range_pts | 21.1     |
| time/               |          |
|    fps              | 3        |
|    iterations       | 71       |
|    time_elapsed     | 37372    |
|    total_timesteps  | 485408   |
----------------------------------
-----------------------------------------
| session/                |             |
|    london_range_pts     | 21.6        |
| time/                   |             |
|    fps                  | 3           |
|    iterations           | 72          |
|    time_elapsed         | 37743       |
|    total_timesteps      | 487456      |
| train/                  |             |
|    approx_kl            | 0.012333601 |
|    clip_fraction        | 0.0456      |
|    clip_range           | 0.2         |
|    entropy_loss         | -0.0704     |
|    explained_variance   | 0.725       |
|    learning_rate        | 0.0003      |
|    loss                 | -0.013      |
|    n_updates            | 2360        |
|    policy_gradient_loss | -0.0124     |
|    value_loss           | 0.121       |
-----------------------------------------
-----------------------------------------
| session/                |             |
|    london_range_pts     | 37.5        |
| time/                   |             |
|    fps                  | 3           |
|    iterations           | 73          |
|    time_elapsed         | 38143       |
|    total_timesteps      | 489504      |
| train/                  |             |
|    approx_kl            | 0.007831132 |
|    clip_fraction        | 0.0328      |
|    clip_range           | 0.2         |
|    entropy_loss         | -0.0473     |
|    explained_variance   | 0.715       |
|    learning_rate        | 0.0003      |
|    loss                 | -0.000886   |
|    n_updates            | 2370        |
|    policy_gradient_loss | -0.0104     |
|    value_loss           | 0.101       |
-----------------------------------------
Eval num_timesteps=490000, episode_reward=-3.79 +/- 1.21
Episode length: 35.00 +/- 0.00
-----------------------------------------------------
| eval/                                |            |
|    mean_ep_length                    | 35         |
|    mean_reward                       | -3.79      |
| policy/                              |            |
|    ent_coef                          | 0.01       |
|    hold_rate_500                     | 0.957      |
| session/                             |            |
|    london_range_pts                  | 18         |
| time/                                |            |
|    total_timesteps                   | 490000     |
| trade/                               |            |
|    avg_first_trade_duration_min      | 146        |
|    avg_first_trade_entry_delay_an... | 244        |
|    episode_pnl                       | 0.529      |
|    first_trade_is_ny_open_rate       | 0.143      |
|    first_trade_matches_intent_rate   | 0.429      |
|    first_trade_pnl                   | 1.58       |
|    first_trade_win_rate              | 0.571      |
|    ny_open_trade_rate                | 0.02       |
|    pnl_continuation_days             | 0.781      |
|    pnl_sweep_high_days               | -0.327     |
|    pnl_sweep_low_days                | 0.245      |
|    trades_per_episode                | 0.22       |
|    win_rate                          | 0.714      |
|    win_rate_continuation             | 0.114      |
|    win_rate_sweep_days               | 0.0667     |
| train/                               |            |
|    approx_kl                         | 0.01272393 |
|    clip_fraction                     | 0.0559     |
|    clip_range                        | 0.2        |
|    entropy_loss                      | -0.092     |
|    explained_variance                | 0.676      |
|    learning_rate                     | 0.0003     |
|    loss                              | -0.0176    |
|    n_updates                         | 2380       |
|    policy_gradient_loss              | -0.0227    |
|    value_loss                        | 0.122      |
| validation/                          |            |
|    acceptance_passed                 | 0          |
|    avg_first_trade_duration_min      | 180        |
|    avg_first_trade_entry_delay_an... | 219        |
|    first_trade_is_ny_open_rate       | 0.176      |
|    first_trade_matches_intent_rate   | 0.353      |
|    first_trade_win_rate              | 64.7       |
|    ny_open_first_trade_win_rate      | 0          |
|    ny_open_trade_rate                | 0.0261     |
|    pnl_continuation_days             | 0.633      |
|    pnl_sweep_low_days                | 0.643      |
|    profit_factor                     | 1.86       |
|    trades_per_episode                | 0.226      |
|    win_rate                          | 34.6       |
|    win_rate_continuation             | 4.82       |
|    win_rate_sweep_days               | 25         |
-----------------------------------------------------
----------------------------------
| session/            |          |
|    london_range_pts | 28.8     |
| time/               |          |
|    fps              | 3        |
|    iterations       | 74       |
|    time_elapsed     | 38888    |
|    total_timesteps  | 491552   |
----------------------------------
-----------------------------------------
| session/                |             |
|    london_range_pts     | 31.9        |
| time/                   |             |
|    fps                  | 3           |
|    iterations           | 75          |
|    time_elapsed         | 39305       |
|    total_timesteps      | 493600      |
| train/                  |             |
|    approx_kl            | 0.015365776 |
|    clip_fraction        | 0.0343      |
|    clip_range           | 0.2         |
|    entropy_loss         | -0.0494     |
|    explained_variance   | 0.661       |
|    learning_rate        | 0.0003      |
|    loss                 | -0.00757    |
|    n_updates            | 2390        |
|    policy_gradient_loss | -0.0146     |
|    value_loss           | 0.106       |
-----------------------------------------
Eval num_timesteps=495000, episode_reward=-4.09 +/- 0.62
Episode length: 35.00 +/- 0.00
-------------------------------------------------------
| eval/                                |              |
|    mean_ep_length                    | 35           |
|    mean_reward                       | -4.09        |
| policy/                              |              |
|    ent_coef                          | 0.01         |
|    hold_rate_500                     | 0.956        |
| session/                             |              |
|    london_range_pts                  | 39.4         |
| time/                                |              |
|    total_timesteps                   | 495000       |
| trade/                               |              |
|    avg_first_trade_duration_min      | 186          |
|    avg_first_trade_entry_delay_an... | 178          |
|    episode_pnl                       | 1.49         |
|    first_trade_is_ny_open_rate       | 0.25         |
|    first_trade_matches_intent_rate   | 0.375        |
|    first_trade_pnl                   | 5.81         |
|    first_trade_win_rate              | 0.75         |
|    ny_open_trade_rate                | 0.04         |
|    pnl_continuation_days             | 1.14         |
|    pnl_sweep_high_days               | 2.96         |
|    pnl_sweep_low_days                | 1.72         |
|    trades_per_episode                | 0.32         |
|    win_rate                          | 0.875        |
|    win_rate_continuation             | 0.0857       |
|    win_rate_sweep_days               | 0.267        |
| train/                               |              |
|    approx_kl                         | 0.0078061684 |
|    clip_fraction                     | 0.0417       |
|    clip_range                        | 0.2          |
|    entropy_loss                      | -0.0622      |
|    explained_variance                | 0.638        |
|    learning_rate                     | 0.0003       |
|    loss                              | -0.0209      |
|    n_updates                         | 2400         |
|    policy_gradient_loss              | -0.0155      |
|    value_loss                        | 0.115        |
-------------------------------------------------------
----------------------------------
| session/            |          |
|    london_range_pts | 24.4     |
| time/               |          |
|    fps              | 3        |
|    iterations       | 76       |
|    time_elapsed     | 39790    |
|    total_timesteps  | 495648   |
----------------------------------
------------------------------------------
| session/                |              |
|    london_range_pts     | 22.1         |
| time/                   |              |
|    fps                  | 3            |
|    iterations           | 77           |
|    time_elapsed         | 40260        |
|    total_timesteps      | 497696       |
| train/                  |              |
|    approx_kl            | 0.0065716063 |
|    clip_fraction        | 0.0338       |
|    clip_range           | 0.2          |
|    entropy_loss         | -0.0539      |
|    explained_variance   | 0.649        |
|    learning_rate        | 0.0003       |
|    loss                 | 0.00813      |
|    n_updates            | 2410         |
|    policy_gradient_loss | -0.0118      |
|    value_loss           | 0.117        |
------------------------------------------
-----------------------------------------
| session/                |             |
|    london_range_pts     | 27.3        |
| time/                   |             |
|    fps                  | 3           |
|    iterations           | 78          |
|    time_elapsed         | 40773       |
|    total_timesteps      | 499744      |
| train/                  |             |
|    approx_kl            | 0.007176646 |
|    clip_fraction        | 0.0323      |
|    clip_range           | 0.2         |
|    entropy_loss         | -0.0469     |
|    explained_variance   | 0.674       |
|    learning_rate        | 0.0003      |
|    loss                 | 0.0227      |
|    n_updates            | 2420        |
|    policy_gradient_loss | -0.0101     |
|    value_loss           | 0.137       |
-----------------------------------------
Eval num_timesteps=500000, episode_reward=-4.84 +/- 0.55
Episode length: 35.00 +/- 0.00
------------------------------------------------------
| eval/                                |             |
|    mean_ep_length                    | 35          |
|    mean_reward                       | -4.84       |
| policy/                              |             |
|    ent_coef                          | 0.01        |
|    hold_rate_500                     | 0.964       |
| session/                             |             |
|    london_range_pts                  | 26.3        |
| time/                                |             |
|    total_timesteps                   | 500000      |
| trade/                               |             |
|    avg_first_trade_duration_min      | 147         |
|    avg_first_trade_entry_delay_an... | 282         |
|    episode_pnl                       | 0.985       |
|    first_trade_is_ny_open_rate       | 0.111       |
|    first_trade_matches_intent_rate   | 0.444       |
|    first_trade_pnl                   | 2.8         |
|    first_trade_win_rate              | 0.667       |
|    ny_open_trade_rate                | 0.02        |
|    pnl_continuation_days             | 0.695       |
|    pnl_sweep_high_days               | 3.25        |
|    pnl_sweep_low_days                | -0.251      |
|    trades_per_episode                | 0.28        |
|    win_rate                          | 0.778       |
|    win_rate_continuation             | 0.0938      |
|    win_rate_sweep_days               | 0.222       |
| train/                               |             |
|    approx_kl                         | 0.008967367 |
|    clip_fraction                     | 0.0463      |
|    clip_range                        | 0.2         |
|    entropy_loss                      | -0.0737     |
|    explained_variance                | 0.677       |
|    learning_rate                     | 0.0003      |
|    loss                              | 0.0229      |
|    n_updates                         | 2430        |
|    policy_gradient_loss              | -0.0184     |
|    value_loss                        | 0.124       |
| validation/                          |             |
|    acceptance_passed                 | 0           |
|    avg_first_trade_duration_min      | 170         |
|    avg_first_trade_entry_delay_an... | 238         |
|    first_trade_is_ny_open_rate       | 0.2         |
|    first_trade_matches_intent_rate   | 0.4         |
|    first_trade_win_rate              | 66.7        |
|    ny_open_first_trade_win_rate      | 0           |
|    ny_open_trade_rate                | 0.0261      |
|    pnl_continuation_days             | 0.516       |
|    pnl_sweep_low_days                | 0.643       |
|    profit_factor                     | 1.87        |
|    trades_per_episode                | 0.191       |
|    win_rate                          | 36.4        |
|    win_rate_continuation             | 3.61        |
|    win_rate_sweep_days               | 21.9        |
------------------------------------------------------
----------------------------------
| session/            |          |
|    london_range_pts | 17.1     |
| time/               |          |
|    fps              | 3        |
|    iterations       | 79       |
|    time_elapsed     | 41629    |
|    total_timesteps  | 501792   |
----------------------------------
-----------------------------------------
| session/                |             |
|    london_range_pts     | 24.3        |
| time/                   |             |
|    fps                  | 3           |
|    iterations           | 80          |
|    time_elapsed         | 42172       |
|    total_timesteps      | 503840      |
| train/                  |             |
|    approx_kl            | 0.010662964 |
|    clip_fraction        | 0.0499      |
|    clip_range           | 0.2         |
|    entropy_loss         | -0.0806     |
|    explained_variance   | 0.741       |
|    learning_rate        | 0.0003      |
|    loss                 | 0.026       |
|    n_updates            | 2440        |
|    policy_gradient_loss | -0.0158     |
|    value_loss           | 0.122       |
-----------------------------------------
Eval num_timesteps=505000, episode_reward=-3.69 +/- 0.61
Episode length: 35.00 +/- 0.00
-------------------------------------------------------
| eval/                                |              |
|    mean_ep_length                    | 35           |
|    mean_reward                       | -3.69        |
| policy/                              |              |
|    ent_coef                          | 0.01         |
|    hold_rate_500                     | 0.95         |
| session/                             |              |
|    london_range_pts                  | 18.9         |
| time/                                |              |
|    total_timesteps                   | 505000       |
| trade/                               |              |
|    avg_first_trade_duration_min      | 108          |
|    avg_first_trade_entry_delay_an... | 320          |
|    episode_pnl                       | 1.6          |
|    first_trade_is_ny_open_rate       | 0            |
|    first_trade_matches_intent_rate   | 0.111        |
|    first_trade_pnl                   | 2.57         |
|    first_trade_win_rate              | 0.667        |
|    ny_open_trade_rate                | 0            |
|    pnl_continuation_days             | 2.11         |
|    pnl_sweep_high_days               | 0.252        |
|    pnl_sweep_low_days                | 0            |
|    trades_per_episode                | 0.28         |
|    win_rate                          | 0.667        |
|    win_rate_continuation             | 0.0811       |
|    win_rate_sweep_days               | 0.231        |
| train/                               |              |
|    approx_kl                         | 0.0067946734 |
|    clip_fraction                     | 0.0349       |
|    clip_range                        | 0.2          |
|    entropy_loss                      | -0.0531      |
|    explained_variance                | 0.737        |
|    learning_rate                     | 0.0003       |
|    loss                              | 0.0354       |
|    n_updates                         | 2450         |
|    policy_gradient_loss              | -0.0102      |
|    value_loss                        | 0.119        |
-------------------------------------------------------
----------------------------------
| session/            |          |
|    london_range_pts | 28.8     |
| time/               |          |
|    fps              | 3        |
|    iterations       | 81       |
|    time_elapsed     | 42616    |
|    total_timesteps  | 505888   |
----------------------------------
----------------------------------------
| session/                |            |
|    london_range_pts     | 18.1       |
| time/                   |            |
|    fps                  | 3          |
|    iterations           | 82         |
|    time_elapsed         | 43062      |
|    total_timesteps      | 507936     |
| train/                  |            |
|    approx_kl            | 0.00770082 |
|    clip_fraction        | 0.038      |
|    clip_range           | 0.2        |
|    entropy_loss         | -0.0632    |
|    explained_variance   | 0.755      |
|    learning_rate        | 0.0003     |
|    loss                 | 0.0275     |
|    n_updates            | 2460       |
|    policy_gradient_loss | -0.0109    |
|    value_loss           | 0.124      |
----------------------------------------
------------------------------------------
| session/                |              |
|    london_range_pts     | 13.4         |
| time/                   |              |
|    fps                  | 3            |
|    iterations           | 83           |
|    time_elapsed         | 43488        |
|    total_timesteps      | 509984       |
| train/                  |              |
|    approx_kl            | 0.0044010286 |
|    clip_fraction        | 0.0202       |
|    clip_range           | 0.2          |
|    entropy_loss         | -0.0325      |
|    explained_variance   | 0.69         |
|    learning_rate        | 0.0003       |
|    loss                 | 0.0396       |
|    n_updates            | 2470         |
|    policy_gradient_loss | -0.00649     |
|    value_loss           | 0.142        |
------------------------------------------
Eval num_timesteps=510000, episode_reward=-3.06 +/- 2.75
Episode length: 35.00 +/- 0.00
------------------------------------------------------
| eval/                                |             |
|    mean_ep_length                    | 35          |
|    mean_reward                       | -3.06       |
| policy/                              |             |
|    ent_coef                          | 0.01        |
|    hold_rate_500                     | 0.969       |
| session/                             |             |
|    london_range_pts                  | 13.4        |
| time/                                |             |
|    total_timesteps                   | 510000      |
| trade/                               |             |
|    avg_first_trade_duration_min      | 120         |
|    avg_first_trade_entry_delay_an... | 264         |
|    episode_pnl                       | 1.24        |
|    first_trade_is_ny_open_rate       | 0           |
|    first_trade_matches_intent_rate   | 0.25        |
|    first_trade_pnl                   | 2.76        |
|    first_trade_win_rate              | 0.75        |
|    ny_open_trade_rate                | 0           |
|    pnl_continuation_days             | 1.5         |
|    pnl_sweep_high_days               | 0.748       |
|    pnl_sweep_low_days                | 0.545       |
|    trades_per_episode                | 0.34        |
|    win_rate                          | 0.875       |
|    win_rate_continuation             | 0.118       |
|    win_rate_sweep_days               | 0.188       |
| train/                               |             |
|    approx_kl                         | 0.010299557 |
|    clip_fraction                     | 0.0355      |
|    clip_range                        | 0.2         |
|    entropy_loss                      | -0.0453     |
|    explained_variance                | 0.747       |
|    learning_rate                     | 0.0003      |
|    loss                              | 0.0162      |
|    n_updates                         | 2480        |
|    policy_gradient_loss              | -0.0115     |
|    value_loss                        | 0.0969      |
| validation/                          |             |
|    acceptance_passed                 | 0           |
|    avg_first_trade_duration_min      | 173         |
|    avg_first_trade_entry_delay_an... | 220         |
|    first_trade_is_ny_open_rate       | 0.176       |
|    first_trade_matches_intent_rate   | 0.353       |
|    first_trade_win_rate              | 64.7        |
|    ny_open_first_trade_win_rate      | 0           |
|    ny_open_trade_rate                | 0.0261      |
|    pnl_continuation_days             | 0.633       |
|    pnl_sweep_low_days                | 0.643       |
|    profit_factor                     | 1.69        |
|    trades_per_episode                | 0.226       |
|    win_rate                          | 30.8        |
|    win_rate_continuation             | 4.82        |
|    win_rate_sweep_days               | 25          |
------------------------------------------------------
----------------------------------
| session/            |          |
|    london_range_pts | 18.8     |
| time/               |          |
|    fps              | 3        |
|    iterations       | 84       |
|    time_elapsed     | 44255    |
|    total_timesteps  | 512032   |
----------------------------------
-----------------------------------------
| session/                |             |
|    london_range_pts     | 24.3        |
| time/                   |             |
|    fps                  | 3           |
|    iterations           | 85          |
|    time_elapsed         | 44693       |
|    total_timesteps      | 514080      |
| train/                  |             |
|    approx_kl            | 0.010607429 |
|    clip_fraction        | 0.0298      |
|    clip_range           | 0.2         |
|    entropy_loss         | -0.0374     |
|    explained_variance   | 0.738       |
|    learning_rate        | 0.0003      |
|    loss                 | 0.0137      |
|    n_updates            | 2490        |
|    policy_gradient_loss | -0.0113     |
|    value_loss           | 0.0891      |
-----------------------------------------
Eval num_timesteps=515000, episode_reward=-4.48 +/- 0.28
Episode length: 35.00 +/- 0.00
------------------------------------------------------
| eval/                                |             |
|    mean_ep_length                    | 35          |
|    mean_reward                       | -4.48       |
| policy/                              |             |
|    ent_coef                          | 0.01        |
|    hold_rate_500                     | 0.955       |
| session/                             |             |
|    london_range_pts                  | 28.3        |
| time/                                |             |
|    total_timesteps                   | 515000      |
| trade/                               |             |
|    avg_first_trade_duration_min      | 136         |
|    avg_first_trade_entry_delay_an... | 284         |
|    episode_pnl                       | 1.29        |
|    first_trade_is_ny_open_rate       | 0.154       |
|    first_trade_matches_intent_rate   | 0.308       |
|    first_trade_pnl                   | 2.68        |
|    first_trade_win_rate              | 0.615       |
|    ny_open_trade_rate                | 0.04        |
|    pnl_continuation_days             | 1.06        |
|    pnl_sweep_high_days               | 2.13        |
|    pnl_sweep_low_days                | 0.894       |
|    trades_per_episode                | 0.42        |
|    win_rate                          | 0.769       |
|    win_rate_continuation             | 0.133       |
|    win_rate_sweep_days               | 0.3         |
| train/                               |             |
|    approx_kl                         | 0.010823289 |
|    clip_fraction                     | 0.0418      |
|    clip_range                        | 0.2         |
|    entropy_loss                      | -0.0571     |
|    explained_variance                | 0.702       |
|    learning_rate                     | 0.0003      |
|    loss                              | -0.0101     |
|    n_updates                         | 2500        |
|    policy_gradient_loss              | -0.0149     |
|    value_loss                        | 0.119       |
------------------------------------------------------
----------------------------------
| session/            |          |
|    london_range_pts | 34.3     |
| time/               |          |
|    fps              | 3        |
|    iterations       | 86       |
|    time_elapsed     | 45156    |
|    total_timesteps  | 516128   |
----------------------------------
-----------------------------------------
| session/                |             |
|    london_range_pts     | 26.2        |
| time/                   |             |
|    fps                  | 3           |
|    iterations           | 87          |
|    time_elapsed         | 45644       |
|    total_timesteps      | 518176      |
| train/                  |             |
|    approx_kl            | 0.014435377 |
|    clip_fraction        | 0.0529      |
|    clip_range           | 0.2         |
|    entropy_loss         | -0.0847     |
|    explained_variance   | 0.512       |
|    learning_rate        | 0.0003      |
|    loss                 | 0.00486     |
|    n_updates            | 2510        |
|    policy_gradient_loss | -0.0171     |
|    value_loss           | 0.139       |
-----------------------------------------
Eval num_timesteps=520000, episode_reward=-2.81 +/- 2.10
Episode length: 35.00 +/- 0.00
------------------------------------------------------
| eval/                                |             |
|    mean_ep_length                    | 35          |
|    mean_reward                       | -2.81       |
| policy/                              |             |
|    ent_coef                          | 0.01        |
|    hold_rate_500                     | 0.95        |
| session/                             |             |
|    london_range_pts                  | 20.7        |
| time/                                |             |
|    total_timesteps                   | 520000      |
| trade/                               |             |
|    avg_first_trade_duration_min      | 216         |
|    avg_first_trade_entry_delay_an... | 225         |
|    episode_pnl                       | 1.21        |
|    first_trade_is_ny_open_rate       | 0.3         |
|    first_trade_matches_intent_rate   | 0.4         |
|    first_trade_pnl                   | 6.38        |
|    first_trade_win_rate              | 0.7         |
|    ny_open_trade_rate                | 0.06        |
|    pnl_continuation_days             | 0.937       |
|    pnl_sweep_high_days               | 3.11        |
|    pnl_sweep_low_days                | -0.513      |
|    trades_per_episode                | 0.24        |
|    win_rate                          | 0.6         |
|    win_rate_continuation             | 0.0938      |
|    win_rate_sweep_days               | 0.167       |
| train/                               |             |
|    approx_kl                         | 0.009504409 |
|    clip_fraction                     | 0.0496      |
|    clip_range                        | 0.2         |
|    entropy_loss                      | -0.0822     |
|    explained_variance                | 0.712       |
|    learning_rate                     | 0.0003      |
|    loss                              | 0.00879     |
|    n_updates                         | 2520        |
|    policy_gradient_loss              | -0.0184     |
|    value_loss                        | 0.127       |
| validation/                          |             |
|    acceptance_passed                 | 0           |
|    avg_first_trade_duration_min      | 178         |
|    avg_first_trade_entry_delay_an... | 229         |
|    first_trade_is_ny_open_rate       | 0.176       |
|    first_trade_matches_intent_rate   | 0.353       |
|    first_trade_win_rate              | 64.7        |
|    ny_open_first_trade_win_rate      | 0           |
|    ny_open_trade_rate                | 0.0261      |
|    pnl_continuation_days             | 0.579       |
|    pnl_sweep_low_days                | 0.643       |
|    profit_factor                     | 1.69        |
|    trades_per_episode                | 0.217       |
|    win_rate                          | 32          |
|    win_rate_continuation             | 4.82        |
|    win_rate_sweep_days               | 25          |
------------------------------------------------------
----------------------------------
| session/            |          |
|    london_range_pts | 19.6     |
| time/               |          |
|    fps              | 3        |
|    iterations       | 88       |
|    time_elapsed     | 46422    |
|    total_timesteps  | 520224   |
----------------------------------
-----------------------------------------
| session/                |             |
|    london_range_pts     | 31.2        |
| time/                   |             |
|    fps                  | 3           |
|    iterations           | 89          |
|    time_elapsed         | 46853       |
|    total_timesteps      | 522272      |
| train/                  |             |
|    approx_kl            | 0.010887923 |
|    clip_fraction        | 0.0546      |
|    clip_range           | 0.2         |
|    entropy_loss         | -0.0833     |
|    explained_variance   | 0.652       |
|    learning_rate        | 0.0003      |
|    loss                 | 0.0202      |
|    n_updates            | 2530        |
|    policy_gradient_loss | -0.0168     |
|    value_loss           | 0.15        |
-----------------------------------------
-----------------------------------------
| session/                |             |
|    london_range_pts     | 29.5        |
| time/                   |             |
|    fps                  | 3           |
|    iterations           | 90          |
|    time_elapsed         | 47157       |
|    total_timesteps      | 524320      |
| train/                  |             |
|    approx_kl            | 0.011594558 |
|    clip_fraction        | 0.0348      |
|    clip_range           | 0.2         |
|    entropy_loss         | -0.0616     |
|    explained_variance   | 0.702       |
|    learning_rate        | 0.0003      |
|    loss                 | 0.0111      |
|    n_updates            | 2540        |
|    policy_gradient_loss | -0.0119     |
|    value_loss           | 0.131       |
-----------------------------------------
Eval num_timesteps=525000, episode_reward=-5.03 +/- 0.52
Episode length: 35.00 +/- 0.00
------------------------------------------------------
| eval/                                |             |
|    mean_ep_length                    | 35          |
|    mean_reward                       | -5.03       |
| policy/                              |             |
|    ent_coef                          | 0.01        |
|    hold_rate_500                     | 0.946       |
| session/                             |             |
|    london_range_pts                  | 50.9        |
| time/                                |             |
|    total_timesteps                   | 525000      |
| trade/                               |             |
|    avg_first_trade_duration_min      | 110         |
|    avg_first_trade_entry_delay_an... | 320         |
|    episode_pnl                       | 1.13        |
|    first_trade_is_ny_open_rate       | 0           |
|    first_trade_matches_intent_rate   | 0.5         |
|    first_trade_pnl                   | 5.84        |
|    first_trade_win_rate              | 0.833       |
|    ny_open_trade_rate                | 0           |
|    pnl_continuation_days             | 1.78        |
|    pnl_sweep_high_days               | 0.244       |
|    pnl_sweep_low_days                | -0.459      |
|    trades_per_episode                | 0.2         |
|    win_rate                          | 0.833       |
|    win_rate_continuation             | 0.118       |
|    win_rate_sweep_days               | 0.0625      |
| train/                               |             |
|    approx_kl                         | 0.010794446 |
|    clip_fraction                     | 0.0339      |
|    clip_range                        | 0.2         |
|    entropy_loss                      | -0.0541     |
|    explained_variance                | 0.604       |
|    learning_rate                     | 0.0003      |
|    loss                              | 0.034       |
|    n_updates                         | 2550        |
|    policy_gradient_loss              | -0.0134     |
|    value_loss                        | 0.17        |
------------------------------------------------------
----------------------------------
| session/            |          |
|    london_range_pts | 19.6     |
| time/               |          |
|    fps              | 3        |
|    iterations       | 91       |
|    time_elapsed     | 47511    |
|    total_timesteps  | 526368   |
----------------------------------
-----------------------------------------
| session/                |             |
|    london_range_pts     | 15.8        |
| time/                   |             |
|    fps                  | 3           |
|    iterations           | 92          |
|    time_elapsed         | 47863       |
|    total_timesteps      | 528416      |
| train/                  |             |
|    approx_kl            | 0.012229087 |
|    clip_fraction        | 0.0562      |
|    clip_range           | 0.2         |
|    entropy_loss         | -0.0827     |
|    explained_variance   | 0.76        |
|    learning_rate        | 0.0003      |
|    loss                 | 0.0258      |
|    n_updates            | 2560        |
|    policy_gradient_loss | -0.018      |
|    value_loss           | 0.13        |
-----------------------------------------
Eval num_timesteps=530000, episode_reward=-3.43 +/- 0.97
Episode length: 35.00 +/- 0.00
------------------------------------------------------
| eval/                                |             |
|    mean_ep_length                    | 35          |
|    mean_reward                       | -3.43       |
| policy/                              |             |
|    ent_coef                          | 0.01        |
|    hold_rate_500                     | 0.937       |
| session/                             |             |
|    london_range_pts                  | 16.4        |
| time/                                |             |
|    total_timesteps                   | 530000      |
| trade/                               |             |
|    avg_first_trade_duration_min      | 118         |
|    avg_first_trade_entry_delay_an... | 252         |
|    episode_pnl                       | 1.19        |
|    first_trade_is_ny_open_rate       | 0.167       |
|    first_trade_matches_intent_rate   | 0.417       |
|    first_trade_pnl                   | 1.78        |
|    first_trade_win_rate              | 0.5         |
|    ny_open_trade_rate                | 0.04        |
|    pnl_continuation_days             | 1.15        |
|    pnl_sweep_high_days               | -0.398      |
|    pnl_sweep_low_days                | 2.41        |
|    trades_per_episode                | 0.44        |
|    win_rate                          | 0.667       |
|    win_rate_continuation             | 0.114       |
|    win_rate_sweep_days               | 0.267       |
| train/                               |             |
|    approx_kl                         | 0.013893945 |
|    clip_fraction                     | 0.0566      |
|    clip_range                        | 0.2         |
|    entropy_loss                      | -0.0834     |
|    explained_variance                | 0.629       |
|    learning_rate                     | 0.0003      |
|    loss                              | 0.012       |
|    n_updates                         | 2570        |
|    policy_gradient_loss              | -0.0204     |
|    value_loss                        | 0.178       |
| validation/                          |             |
|    acceptance_passed                 | 0           |
|    avg_first_trade_duration_min      | 176         |
|    avg_first_trade_entry_delay_an... | 231         |
|    first_trade_is_ny_open_rate       | 0.125       |
|    first_trade_matches_intent_rate   | 0.312       |
|    first_trade_win_rate              | 68.8        |
|    ny_open_first_trade_win_rate      | 0           |
|    ny_open_trade_rate                | 0.0174      |
|    pnl_continuation_days             | 0.444       |
|    pnl_sweep_low_days                | 0.643       |
|    profit_factor                     | 2.25        |
|    trades_per_episode                | 0.217       |
|    win_rate                          | 40          |
|    win_rate_continuation             | 3.61        |
|    win_rate_sweep_days               | 28.1        |
------------------------------------------------------
----------------------------------
| session/            |          |
|    london_range_pts | 41.2     |
| time/               |          |
|    fps              | 3        |
|    iterations       | 93       |
|    time_elapsed     | 48467    |
|    total_timesteps  | 530464   |
----------------------------------
-----------------------------------------
| session/                |             |
|    london_range_pts     | 20.8        |
| time/                   |             |
|    fps                  | 3           |
|    iterations           | 94          |
|    time_elapsed         | 48824       |
|    total_timesteps      | 532512      |
| train/                  |             |
|    approx_kl            | 0.008488774 |
|    clip_fraction        | 0.0474      |
|    clip_range           | 0.2         |
|    entropy_loss         | -0.0816     |
|    explained_variance   | 0.71        |
|    learning_rate        | 0.0003      |
|    loss                 | 0.0236      |
|    n_updates            | 2580        |
|    policy_gradient_loss | -0.0164     |
|    value_loss           | 0.135       |
-----------------------------------------
----------------------------------------
| session/                |            |
|    london_range_pts     | 18.9       |
| time/                   |            |
|    fps                  | 3          |
|    iterations           | 95         |
|    time_elapsed         | 49194      |
|    total_timesteps      | 534560     |
| train/                  |            |
|    approx_kl            | 0.00846159 |
|    clip_fraction        | 0.0348     |
|    clip_range           | 0.2        |
|    entropy_loss         | -0.0549    |
|    explained_variance   | 0.727      |
|    learning_rate        | 0.0003     |
|    loss                 | 0.0095     |
|    n_updates            | 2590       |
|    policy_gradient_loss | -0.0121    |
|    value_loss           | 0.123      |
----------------------------------------
Eval num_timesteps=535000, episode_reward=-4.06 +/- 0.63
Episode length: 35.00 +/- 0.00
------------------------------------------------------
| eval/                                |             |
|    mean_ep_length                    | 35          |
|    mean_reward                       | -4.06       |
| policy/                              |             |
|    ent_coef                          | 0.01        |
|    hold_rate_500                     | 0.951       |
| session/                             |             |
|    london_range_pts                  | 28.7        |
| time/                                |             |
|    total_timesteps                   | 535000      |
| trade/                               |             |
|    avg_first_trade_duration_min      | 195         |
|    avg_first_trade_entry_delay_an... | 225         |
|    episode_pnl                       | 2.65        |
|    first_trade_is_ny_open_rate       | 0.143       |
|    first_trade_matches_intent_rate   | 0.571       |
|    first_trade_pnl                   | 4.59        |
|    first_trade_win_rate              | 0.786       |
|    ny_open_trade_rate                | 0.04        |
|    pnl_continuation_days             | 2.68        |
|    pnl_sweep_high_days               | 2.55        |
|    pnl_sweep_low_days                | 2.6         |
|    trades_per_episode                | 0.44        |
|    win_rate                          | 0.929       |
|    win_rate_continuation             | 0.216       |
|    win_rate_sweep_days               | 0.385       |
| train/                               |             |
|    approx_kl                         | 0.010671939 |
|    clip_fraction                     | 0.0368      |
|    clip_range                        | 0.2         |
|    entropy_loss                      | -0.0632     |
|    explained_variance                | 0.683       |
|    learning_rate                     | 0.0003      |
|    loss                              | 0.02        |
|    n_updates                         | 2600        |
|    policy_gradient_loss              | -0.0134     |
|    value_loss                        | 0.171       |
------------------------------------------------------
----------------------------------
| session/            |          |
|    london_range_pts | 22.4     |
| time/               |          |
|    fps              | 3        |
|    iterations       | 96       |
|    time_elapsed     | 49607    |
|    total_timesteps  | 536608   |
----------------------------------
-----------------------------------------
| session/                |             |
|    london_range_pts     | 25.9        |
| time/                   |             |
|    fps                  | 3           |
|    iterations           | 97          |
|    time_elapsed         | 50014       |
|    total_timesteps      | 538656      |
| train/                  |             |
|    approx_kl            | 0.008452622 |
|    clip_fraction        | 0.0287      |
|    clip_range           | 0.2         |
|    entropy_loss         | -0.0457     |
|    explained_variance   | 0.681       |
|    learning_rate        | 0.0003      |
|    loss                 | 0.0333      |
|    n_updates            | 2610        |
|    policy_gradient_loss | -0.0107     |
|    value_loss           | 0.135       |
-----------------------------------------
Eval num_timesteps=540000, episode_reward=-4.33 +/- 0.65
Episode length: 35.00 +/- 0.00
------------------------------------------------------
| eval/                                |             |
|    mean_ep_length                    | 35          |
|    mean_reward                       | -4.33       |
| policy/                              |             |
|    ent_coef                          | 0.01        |
|    hold_rate_500                     | 0.942       |
| session/                             |             |
|    london_range_pts                  | 37.7        |
| time/                                |             |
|    total_timesteps                   | 540000      |
| trade/                               |             |
|    avg_first_trade_duration_min      | 115         |
|    avg_first_trade_entry_delay_an... | 222         |
|    episode_pnl                       | 0.238       |
|    first_trade_is_ny_open_rate       | 0.333       |
|    first_trade_matches_intent_rate   | 0.5         |
|    first_trade_pnl                   | 0.939       |
|    first_trade_win_rate              | 0.5         |
|    ny_open_trade_rate                | 0.04        |
|    pnl_continuation_days             | -0.11       |
|    pnl_sweep_high_days               | 0.806       |
|    pnl_sweep_low_days                | 0.96        |
|    trades_per_episode                | 0.2         |
|    win_rate                          | 0.5         |
|    win_rate_continuation             | 0           |
|    win_rate_sweep_days               | 0.167       |
| train/                               |             |
|    approx_kl                         | 0.010120202 |
|    clip_fraction                     | 0.0322      |
|    clip_range                        | 0.2         |
|    entropy_loss                      | -0.0481     |
|    explained_variance                | 0.716       |
|    learning_rate                     | 0.0003      |
|    loss                              | 0.007       |
|    n_updates                         | 2620        |
|    policy_gradient_loss              | -0.0136     |
|    value_loss                        | 0.159       |
| validation/                          |             |
|    acceptance_passed                 | 0           |
|    avg_first_trade_duration_min      | 182         |
|    avg_first_trade_entry_delay_an... | 216         |
|    first_trade_is_ny_open_rate       | 0.133       |
|    first_trade_matches_intent_rate   | 0.333       |
|    first_trade_win_rate              | 66.7        |
|    ny_open_first_trade_win_rate      | 0           |
|    ny_open_trade_rate                | 0.0174      |
|    pnl_continuation_days             | 0.444       |
|    pnl_sweep_low_days                | 0.643       |
|    profit_factor                     | 2.04        |
|    trades_per_episode                | 0.209       |
|    win_rate                          | 37.5        |
|    win_rate_continuation             | 3.61        |
|    win_rate_sweep_days               | 25          |
------------------------------------------------------
----------------------------------
| session/            |          |
|    london_range_pts | 24.3     |
| time/               |          |
|    fps              | 3        |
|    iterations       | 98       |
|    time_elapsed     | 50650    |
|    total_timesteps  | 540704   |
----------------------------------
-----------------------------------------
| session/                |             |
|    london_range_pts     | 21.8        |
| time/                   |             |
|    fps                  | 3           |
|    iterations           | 99          |
|    time_elapsed         | 50942       |
|    total_timesteps      | 542752      |
| train/                  |             |
|    approx_kl            | 0.009991539 |
|    clip_fraction        | 0.0508      |
|    clip_range           | 0.2         |
|    entropy_loss         | -0.0806     |
|    explained_variance   | 0.632       |
|    learning_rate        | 0.0003      |
|    loss                 | -0.0112     |
|    n_updates            | 2630        |
|    policy_gradient_loss | -0.0196     |
|    value_loss           | 0.141       |
-----------------------------------------
-----------------------------------------
| session/                |             |
|    london_range_pts     | 28.9        |
| time/                   |             |
|    fps                  | 3           |
|    iterations           | 100         |
|    time_elapsed         | 51248       |
|    total_timesteps      | 544800      |
| train/                  |             |
|    approx_kl            | 0.011054501 |
|    clip_fraction        | 0.0525      |
|    clip_range           | 0.2         |
|    entropy_loss         | -0.0862     |
|    explained_variance   | 0.694       |
|    learning_rate        | 0.0003      |
|    loss                 | -0.00976    |
|    n_updates            | 2640        |
|    policy_gradient_loss | -0.0171     |
|    value_loss           | 0.155       |
-----------------------------------------
Eval num_timesteps=545000, episode_reward=-3.62 +/- 1.14
Episode length: 35.00 +/- 0.00
-----------------------------------------------------
| eval/                                |            |
|    mean_ep_length                    | 35         |
|    mean_reward                       | -3.62      |
| policy/                              |            |
|    ent_coef                          | 0.01       |
|    hold_rate_500                     | 0.939      |
| session/                             |            |
|    london_range_pts                  | 23.9       |
| time/                                |            |
|    total_timesteps                   | 545000     |
| trade/                               |            |
|    avg_first_trade_duration_min      | 187        |
|    avg_first_trade_entry_delay_an... | 202        |
|    episode_pnl                       | 1.62       |
|    first_trade_is_ny_open_rate       | 0.222      |
|    first_trade_matches_intent_rate   | 0.556      |
|    first_trade_pnl                   | 4.65       |
|    first_trade_win_rate              | 0.889      |
|    ny_open_trade_rate                | 0.04       |
|    pnl_continuation_days             | 1.25       |
|    pnl_sweep_high_days               | 1.23       |
|    pnl_sweep_low_days                | 3.95       |
|    trades_per_episode                | 0.36       |
|    win_rate                          | 0.889      |
|    win_rate_continuation             | 0.0938     |
|    win_rate_sweep_days               | 0.278      |
| train/                               |            |
|    approx_kl                         | 0.01081631 |
|    clip_fraction                     | 0.0477     |
|    clip_range                        | 0.2        |
|    entropy_loss                      | -0.0707    |
|    explained_variance                | 0.648      |
|    learning_rate                     | 0.0003     |
|    loss                              | 0.016      |
|    n_updates                         | 2650       |
|    policy_gradient_loss              | -0.0151    |
|    value_loss                        | 0.127      |
-----------------------------------------------------
----------------------------------
| session/            |          |
|    london_range_pts | 31.5     |
| time/               |          |
|    fps              | 4        |
|    iterations       | 101      |
|    time_elapsed     | 51579    |
|    total_timesteps  | 546848   |
----------------------------------
----------------------------------------
| session/                |            |
|    london_range_pts     | 42.1       |
| time/                   |            |
|    fps                  | 4          |
|    iterations           | 102        |
|    time_elapsed         | 51930      |
|    total_timesteps      | 548896     |
| train/                  |            |
|    approx_kl            | 0.01096697 |
|    clip_fraction        | 0.0355     |
|    clip_range           | 0.2        |
|    entropy_loss         | -0.0432    |
|    explained_variance   | 0.628      |
|    learning_rate        | 0.0003     |
|    loss                 | 0.0172     |
|    n_updates            | 2660       |
|    policy_gradient_loss | -0.0145    |
|    value_loss           | 0.12       |
----------------------------------------
Eval num_timesteps=550000, episode_reward=-4.36 +/- 0.75
Episode length: 35.00 +/- 0.00
------------------------------------------------------
| eval/                                |             |
|    mean_ep_length                    | 35          |
|    mean_reward                       | -4.36       |
| policy/                              |             |
|    ent_coef                          | 0.01        |
|    hold_rate_500                     | 0.964       |
| session/                             |             |
|    london_range_pts                  | 16.3        |
| time/                                |             |
|    total_timesteps                   | 550000      |
| trade/                               |             |
|    avg_first_trade_duration_min      | 158         |
|    avg_first_trade_entry_delay_an... | 293         |
|    episode_pnl                       | 1.49        |
|    first_trade_is_ny_open_rate       | 0           |
|    first_trade_matches_intent_rate   | 0.222       |
|    first_trade_pnl                   | 5.32        |
|    first_trade_win_rate              | 0.667       |
|    ny_open_trade_rate                | 0           |
|    pnl_continuation_days             | 2.46        |
|    pnl_sweep_high_days               | 0.638       |
|    pnl_sweep_low_days                | 0           |
|    trades_per_episode                | 0.3         |
|    win_rate                          | 0.667       |
|    win_rate_continuation             | 0.185       |
|    win_rate_sweep_days               | 0.0435      |
| train/                               |             |
|    approx_kl                         | 0.005251539 |
|    clip_fraction                     | 0.0307      |
|    clip_range                        | 0.2         |
|    entropy_loss                      | -0.0445     |
|    explained_variance                | 0.713       |
|    learning_rate                     | 0.0003      |
|    loss                              | -0.00129    |
|    n_updates                         | 2670        |
|    policy_gradient_loss              | -0.0115     |
|    value_loss                        | 0.142       |
| validation/                          |             |
|    acceptance_passed                 | 0           |
|    avg_first_trade_duration_min      | 169         |
|    avg_first_trade_entry_delay_an... | 227         |
|    first_trade_is_ny_open_rate       | 0.125       |
|    first_trade_matches_intent_rate   | 0.312       |
|    first_trade_win_rate              | 62.5        |
|    ny_open_first_trade_win_rate      | 0           |
|    ny_open_trade_rate                | 0.0174      |
|    pnl_continuation_days             | 0.444       |
|    pnl_sweep_low_days                | 0.643       |
|    profit_factor                     | 1.91        |
|    trades_per_episode                | 0.209       |
|    win_rate                          | 33.3        |
|    win_rate_continuation             | 3.61        |
|    win_rate_sweep_days               | 25          |
------------------------------------------------------
----------------------------------
| session/            |          |
|    london_range_pts | 55.2     |
| time/               |          |
|    fps              | 4        |
|    iterations       | 103      |
|    time_elapsed     | 52613    |
|    total_timesteps  | 550944   |
----------------------------------
-----------------------------------------
| session/                |             |
|    london_range_pts     | 19.4        |
| time/                   |             |
|    fps                  | 4           |
|    iterations           | 104         |
|    time_elapsed         | 53050       |
|    total_timesteps      | 552992      |
| train/                  |             |
|    approx_kl            | 0.004746242 |
|    clip_fraction        | 0.0282      |
|    clip_range           | 0.2         |
|    entropy_loss         | -0.0457     |
|    explained_variance   | 0.755       |
|    learning_rate        | 0.0003      |
|    loss                 | 0.00569     |
|    n_updates            | 2680        |
|    policy_gradient_loss | -0.0127     |
|    value_loss           | 0.132       |
-----------------------------------------
Eval num_timesteps=555000, episode_reward=-3.71 +/- 0.86
Episode length: 35.00 +/- 0.00
------------------------------------------------------
| eval/                                |             |
|    mean_ep_length                    | 35          |
|    mean_reward                       | -3.71       |
| policy/                              |             |
|    ent_coef                          | 0.01        |
|    hold_rate_500                     | 0.927       |
| session/                             |             |
|    london_range_pts                  | 24.6        |
| time/                                |             |
|    total_timesteps                   | 555000      |
| trade/                               |             |
|    avg_first_trade_duration_min      | 188         |
|    avg_first_trade_entry_delay_an... | 212         |
|    episode_pnl                       | 2.08        |
|    first_trade_is_ny_open_rate       | 0.0833      |
|    first_trade_matches_intent_rate   | 0.333       |
|    first_trade_pnl                   | 4.49        |
|    first_trade_win_rate              | 0.833       |
|    ny_open_trade_rate                | 0.02        |
|    pnl_continuation_days             | 2.48        |
|    pnl_sweep_high_days               | 0.75        |
|    pnl_sweep_low_days                | 2.05        |
|    trades_per_episode                | 0.46        |
|    win_rate                          | 0.833       |
|    win_rate_continuation             | 0.161       |
|    win_rate_sweep_days               | 0.263       |
| train/                               |             |
|    approx_kl                         | 0.009233068 |
|    clip_fraction                     | 0.0473      |
|    clip_range                        | 0.2         |
|    entropy_loss                      | -0.0752     |
|    explained_variance                | 0.633       |
|    learning_rate                     | 0.0003      |
|    loss                              | -0.00739    |
|    n_updates                         | 2690        |
|    policy_gradient_loss              | -0.0189     |
|    value_loss                        | 0.178       |
------------------------------------------------------
----------------------------------
| session/            |          |
|    london_range_pts | 14.8     |
| time/               |          |
|    fps              | 4        |
|    iterations       | 105      |
|    time_elapsed     | 53531    |
|    total_timesteps  | 555040   |
----------------------------------
-----------------------------------------
| session/                |             |
|    london_range_pts     | 25.6        |
| time/                   |             |
|    fps                  | 4           |
|    iterations           | 106         |
|    time_elapsed         | 54004       |
|    total_timesteps      | 557088      |
| train/                  |             |
|    approx_kl            | 0.010295579 |
|    clip_fraction        | 0.0613      |
|    clip_range           | 0.2         |
|    entropy_loss         | -0.1        |
|    explained_variance   | 0.469       |
|    learning_rate        | 0.0003      |
|    loss                 | -0.00519    |
|    n_updates            | 2700        |
|    policy_gradient_loss | -0.0146     |
|    value_loss           | 0.224       |
-----------------------------------------
-----------------------------------------
| session/                |             |
|    london_range_pts     | 36.6        |
| time/                   |             |
|    fps                  | 4           |
|    iterations           | 107         |
|    time_elapsed         | 54442       |
|    total_timesteps      | 559136      |
| train/                  |             |
|    approx_kl            | 0.009267645 |
|    clip_fraction        | 0.045       |
|    clip_range           | 0.2         |
|    entropy_loss         | -0.0606     |
|    explained_variance   | 0.687       |
|    learning_rate        | 0.0003      |
|    loss                 | 0.00281     |
|    n_updates            | 2710        |
|    policy_gradient_loss | -0.0176     |
|    value_loss           | 0.126       |
-----------------------------------------
Eval num_timesteps=560000, episode_reward=-3.34 +/- 1.53
Episode length: 35.00 +/- 0.00
-------------------------------------------------------
| eval/                                |              |
|    mean_ep_length                    | 35           |
|    mean_reward                       | -3.34        |
| policy/                              |              |
|    ent_coef                          | 0.01         |
|    hold_rate_500                     | 0.949        |
| session/                             |              |
|    london_range_pts                  | 22.6         |
| time/                                |              |
|    total_timesteps                   | 560000       |
| trade/                               |              |
|    avg_first_trade_duration_min      | 212          |
|    avg_first_trade_entry_delay_an... | 238          |
|    episode_pnl                       | 3.08         |
|    first_trade_is_ny_open_rate       | 0.143        |
|    first_trade_matches_intent_rate   | 0.286        |
|    first_trade_pnl                   | 8.92         |
|    first_trade_win_rate              | 1            |
|    ny_open_trade_rate                | 0.02         |
|    pnl_continuation_days             | 2.96         |
|    pnl_sweep_high_days               | 5.24         |
|    pnl_sweep_low_days                | 0            |
|    trades_per_episode                | 0.28         |
|    win_rate                          | 1            |
|    win_rate_continuation             | 0.139        |
|    win_rate_sweep_days               | 0.143        |
| train/                               |              |
|    approx_kl                         | 0.0065199453 |
|    clip_fraction                     | 0.0415       |
|    clip_range                        | 0.2          |
|    entropy_loss                      | -0.0717      |
|    explained_variance                | 0.614        |
|    learning_rate                     | 0.0003       |
|    loss                              | 0.00815      |
|    n_updates                         | 2720         |
|    policy_gradient_loss              | -0.0145      |
|    value_loss                        | 0.151        |
| validation/                          |              |
|    acceptance_passed                 | 0            |
|    avg_first_trade_duration_min      | 180          |
|    avg_first_trade_entry_delay_an... | 227          |
|    first_trade_is_ny_open_rate       | 0.176        |
|    first_trade_matches_intent_rate   | 0.353        |
|    first_trade_win_rate              | 64.7         |
|    ny_open_first_trade_win_rate      | 0            |
|    ny_open_trade_rate                | 0.0261       |
|    pnl_continuation_days             | 0.578        |
|    pnl_sweep_low_days                | 0.643        |
|    profit_factor                     | 1.69         |
|    trades_per_episode                | 0.217        |
|    win_rate                          | 32           |
|    win_rate_continuation             | 4.82         |
|    win_rate_sweep_days               | 25           |
-------------------------------------------------------
----------------------------------
| session/            |          |
|    london_range_pts | 17.9     |
| time/               |          |
|    fps              | 4        |
|    iterations       | 108      |
|    time_elapsed     | 55070    |
|    total_timesteps  | 561184   |
----------------------------------
------------------------------------------
| session/                |              |
|    london_range_pts     | 28.8         |
| time/                   |              |
|    fps                  | 4            |
|    iterations           | 109          |
|    time_elapsed         | 55432        |
|    total_timesteps      | 563232       |
| train/                  |              |
|    approx_kl            | 0.0044672703 |
|    clip_fraction        | 0.0231       |
|    clip_range           | 0.2          |
|    entropy_loss         | -0.0332      |
|    explained_variance   | 0.665        |
|    learning_rate        | 0.0003       |
|    loss                 | 0.0267       |
|    n_updates            | 2730         |
|    policy_gradient_loss | -0.00828     |
|    value_loss           | 0.135        |
------------------------------------------
Eval num_timesteps=565000, episode_reward=-3.85 +/- 0.92
Episode length: 35.00 +/- 0.00
-----------------------------------------------------
| eval/                                |            |
|    mean_ep_length                    | 35         |
|    mean_reward                       | -3.85      |
| policy/                              |            |
|    ent_coef                          | 0.01       |
|    hold_rate_500                     | 0.956      |
| session/                             |            |
|    london_range_pts                  | 21.4       |
| time/                                |            |
|    total_timesteps                   | 565000     |
| trade/                               |            |
|    avg_first_trade_duration_min      | 197        |
|    avg_first_trade_entry_delay_an... | 214        |
|    episode_pnl                       | 0.991      |
|    first_trade_is_ny_open_rate       | 0.143      |
|    first_trade_matches_intent_rate   | 0.571      |
|    first_trade_pnl                   | 7.35       |
|    first_trade_win_rate              | 1          |
|    ny_open_trade_rate                | 0.02       |
|    pnl_continuation_days             | 1.23       |
|    pnl_sweep_high_days               | 1.59       |
|    pnl_sweep_low_days                | 0.749      |
|    trades_per_episode                | 0.22       |
|    win_rate                          | 0.857      |
|    win_rate_continuation             | 0.129      |
|    win_rate_sweep_days               | 0.105      |
| train/                               |            |
|    approx_kl                         | 0.01235252 |
|    clip_fraction                     | 0.0413     |
|    clip_range                        | 0.2        |
|    entropy_loss                      | -0.056     |
|    explained_variance                | 0.688      |
|    learning_rate                     | 0.0003     |
|    loss                              | 0.0209     |
|    n_updates                         | 2740       |
|    policy_gradient_loss              | -0.0159    |
|    value_loss                        | 0.136      |
-----------------------------------------------------
----------------------------------
| session/            |          |
|    london_range_pts | 27.8     |
| time/               |          |
|    fps              | 4        |
|    iterations       | 110      |
|    time_elapsed     | 55833    |
|    total_timesteps  | 565280   |
----------------------------------
-----------------------------------------
| session/                |             |
|    london_range_pts     | 40.7        |
| time/                   |             |
|    fps                  | 4           |
|    iterations           | 111         |
|    time_elapsed         | 56218       |
|    total_timesteps      | 567328      |
| train/                  |             |
|    approx_kl            | 0.007953422 |
|    clip_fraction        | 0.0348      |
|    clip_range           | 0.2         |
|    entropy_loss         | -0.0518     |
|    explained_variance   | 0.665       |
|    learning_rate        | 0.0003      |
|    loss                 | 0.00573     |
|    n_updates            | 2750        |
|    policy_gradient_loss | -0.0124     |
|    value_loss           | 0.146       |
-----------------------------------------
------------------------------------------
| session/                |              |
|    london_range_pts     | 27.3         |
| time/                   |              |
|    fps                  | 4            |
|    iterations           | 112          |
|    time_elapsed         | 56644        |
|    total_timesteps      | 569376       |
| train/                  |              |
|    approx_kl            | 0.0068835844 |
|    clip_fraction        | 0.0399       |
|    clip_range           | 0.2          |
|    entropy_loss         | -0.0654      |
|    explained_variance   | 0.709        |
|    learning_rate        | 0.0003       |
|    loss                 | 0.0178       |
|    n_updates            | 2760         |
|    policy_gradient_loss | -0.0158      |
|    value_loss           | 0.137        |
------------------------------------------
Eval num_timesteps=570000, episode_reward=-3.37 +/- 0.80
Episode length: 35.00 +/- 0.00
-----------------------------------------------------
| eval/                                |            |
|    mean_ep_length                    | 35         |
|    mean_reward                       | -3.37      |
| policy/                              |            |
|    ent_coef                          | 0.01       |
|    hold_rate_500                     | 0.953      |
| session/                             |            |
|    london_range_pts                  | 61         |
| time/                                |            |
|    total_timesteps                   | 570000     |
| trade/                               |            |
|    avg_first_trade_duration_min      | 138        |
|    avg_first_trade_entry_delay_an... | 258        |
|    episode_pnl                       | 1.16       |
|    first_trade_is_ny_open_rate       | 0.0833     |
|    first_trade_matches_intent_rate   | 0.167      |
|    first_trade_pnl                   | 2.85       |
|    first_trade_win_rate              | 0.667      |
|    ny_open_trade_rate                | 0.02       |
|    pnl_continuation_days             | 1.24       |
|    pnl_sweep_high_days               | 1.08       |
|    pnl_sweep_low_days                | 1.01       |
|    trades_per_episode                | 0.42       |
|    win_rate                          | 0.75       |
|    win_rate_continuation             | 0.143      |
|    win_rate_sweep_days               | 0.227      |
| train/                               |            |
|    approx_kl                         | 0.00965141 |
|    clip_fraction                     | 0.0338     |
|    clip_range                        | 0.2        |
|    entropy_loss                      | -0.049     |
|    explained_variance                | 0.698      |
|    learning_rate                     | 0.0003     |
|    loss                              | 0.0416     |
|    n_updates                         | 2770       |
|    policy_gradient_loss              | -0.0115    |
|    value_loss                        | 0.161      |
| validation/                          |            |
|    acceptance_passed                 | 0          |
|    avg_first_trade_duration_min      | 169        |
|    avg_first_trade_entry_delay_an... | 227        |
|    first_trade_is_ny_open_rate       | 0.125      |
|    first_trade_matches_intent_rate   | 0.312      |
|    first_trade_win_rate              | 62.5       |
|    ny_open_first_trade_win_rate      | 0          |
|    ny_open_trade_rate                | 0.0174     |
|    pnl_continuation_days             | 0.444      |
|    pnl_sweep_low_days                | 0.643      |
|    profit_factor                     | 1.91       |
|    trades_per_episode                | 0.209      |
|    win_rate                          | 33.3       |
|    win_rate_continuation             | 3.61       |
|    win_rate_sweep_days               | 25         |
-----------------------------------------------------
----------------------------------
| session/            |          |
|    london_range_pts | 70.3     |
| time/               |          |
|    fps              | 4        |
|    iterations       | 113      |
|    time_elapsed     | 57401    |
|    total_timesteps  | 571424   |
----------------------------------
-----------------------------------------
| session/                |             |
|    london_range_pts     | 25.4        |
| time/                   |             |
|    fps                  | 4           |
|    iterations           | 114         |
|    time_elapsed         | 57868       |
|    total_timesteps      | 573472      |
| train/                  |             |
|    approx_kl            | 0.008859251 |
|    clip_fraction        | 0.0434      |
|    clip_range           | 0.2         |
|    entropy_loss         | -0.0656     |
|    explained_variance   | 0.76        |
|    learning_rate        | 0.0003      |
|    loss                 | 0.00433     |
|    n_updates            | 2780        |
|    policy_gradient_loss | -0.0127     |
|    value_loss           | 0.122       |
-----------------------------------------
Eval num_timesteps=575000, episode_reward=-5.80 +/- 2.16
Episode length: 35.00 +/- 0.00
------------------------------------------------------
| eval/                                |             |
|    mean_ep_length                    | 35          |
|    mean_reward                       | -5.8        |
| policy/                              |             |
|    ent_coef                          | 0.01        |
|    hold_rate_500                     | 0.947       |
| session/                             |             |
|    london_range_pts                  | 44.9        |
| time/                                |             |
|    total_timesteps                   | 575000      |
| trade/                               |             |
|    avg_first_trade_duration_min      | 170         |
|    avg_first_trade_entry_delay_an... | 238         |
|    episode_pnl                       | 0.605       |
|    first_trade_is_ny_open_rate       | 0           |
|    first_trade_matches_intent_rate   | 0.333       |
|    first_trade_pnl                   | 2.12        |
|    first_trade_win_rate              | 0.444       |
|    ny_open_trade_rate                | 0           |
|    pnl_continuation_days             | -0.0585     |
|    pnl_sweep_high_days               | 2.54        |
|    pnl_sweep_low_days                | 0.137       |
|    trades_per_episode                | 0.24        |
|    win_rate                          | 0.556       |
|    win_rate_continuation             | 0.0357      |
|    win_rate_sweep_days               | 0.182       |
| train/                               |             |
|    approx_kl                         | 0.010596627 |
|    clip_fraction                     | 0.0546      |
|    clip_range                        | 0.2         |
|    entropy_loss                      | -0.085      |
|    explained_variance                | 0.583       |
|    learning_rate                     | 0.0003      |
|    loss                              | 0.0319      |
|    n_updates                         | 2790        |
|    policy_gradient_loss              | -0.018      |
|    value_loss                        | 0.194       |
------------------------------------------------------
----------------------------------
| session/            |          |
|    london_range_pts | 19.2     |
| time/               |          |
|    fps              | 4        |
|    iterations       | 115      |
|    time_elapsed     | 58359    |
|    total_timesteps  | 575520   |
----------------------------------
-----------------------------------------
| session/                |             |
|    london_range_pts     | 28          |
| time/                   |             |
|    fps                  | 4           |
|    iterations           | 116         |
|    time_elapsed         | 58769       |
|    total_timesteps      | 577568      |
| train/                  |             |
|    approx_kl            | 0.008672021 |
|    clip_fraction        | 0.029       |
|    clip_range           | 0.2         |
|    entropy_loss         | -0.0335     |
|    explained_variance   | 0.66        |
|    learning_rate        | 0.0003      |
|    loss                 | 0.0308      |
|    n_updates            | 2800        |
|    policy_gradient_loss | -0.0105     |
|    value_loss           | 0.119       |
-----------------------------------------
-----------------------------------------
| session/                |             |
|    london_range_pts     | 28.7        |
| time/                   |             |
|    fps                  | 4           |
|    iterations           | 117         |
|    time_elapsed         | 59140       |
|    total_timesteps      | 579616      |
| train/                  |             |
|    approx_kl            | 0.011617788 |
|    clip_fraction        | 0.0408      |
|    clip_range           | 0.2         |
|    entropy_loss         | -0.0654     |
|    explained_variance   | 0.659       |
|    learning_rate        | 0.0003      |
|    loss                 | 0.0272      |
|    n_updates            | 2810        |
|    policy_gradient_loss | -0.0137     |
|    value_loss           | 0.139       |
-----------------------------------------
Eval num_timesteps=580000, episode_reward=-4.63 +/- 0.31
Episode length: 35.00 +/- 0.00
------------------------------------------------------
| eval/                                |             |
|    mean_ep_length                    | 35          |
|    mean_reward                       | -4.63       |
| policy/                              |             |
|    ent_coef                          | 0.01        |
|    hold_rate_500                     | 0.962       |
| session/                             |             |
|    london_range_pts                  | 23          |
| time/                                |             |
|    total_timesteps                   | 580000      |
| trade/                               |             |
|    avg_first_trade_duration_min      | 199         |
|    avg_first_trade_entry_delay_an... | 223         |
|    episode_pnl                       | 0.975       |
|    first_trade_is_ny_open_rate       | 0.143       |
|    first_trade_matches_intent_rate   | 0.286       |
|    first_trade_pnl                   | 6.52        |
|    first_trade_win_rate              | 1           |
|    ny_open_trade_rate                | 0.02        |
|    pnl_continuation_days             | 0.959       |
|    pnl_sweep_high_days               | 1.24        |
|    pnl_sweep_low_days                | 0           |
|    trades_per_episode                | 0.18        |
|    win_rate                          | 1           |
|    win_rate_continuation             | 0.118       |
|    win_rate_sweep_days               | 0.188       |
| train/                               |             |
|    approx_kl                         | 0.008971579 |
|    clip_fraction                     | 0.0267      |
|    clip_range                        | 0.2         |
|    entropy_loss                      | -0.0372     |
|    explained_variance                | 0.757       |
|    learning_rate                     | 0.0003      |
|    loss                              | 0.0227      |
|    n_updates                         | 2820        |
|    policy_gradient_loss              | -0.00887    |
|    value_loss                        | 0.147       |
| validation/                          |             |
|    acceptance_passed                 | 0           |
|    avg_first_trade_duration_min      | 169         |
|    avg_first_trade_entry_delay_an... | 227         |
|    first_trade_is_ny_open_rate       | 0.125       |
|    first_trade_matches_intent_rate   | 0.312       |
|    first_trade_win_rate              | 62.5        |
|    ny_open_first_trade_win_rate      | 0           |
|    ny_open_trade_rate                | 0.0174      |
|    pnl_continuation_days             | 0.444       |
|    pnl_sweep_low_days                | 0.643       |
|    profit_factor                     | 1.69        |
|    trades_per_episode                | 0.217       |
|    win_rate                          | 32          |
|    win_rate_continuation             | 3.61        |
|    win_rate_sweep_days               | 25          |
------------------------------------------------------
----------------------------------
| session/            |          |
|    london_range_pts | 16.4     |
| time/               |          |
|    fps              | 4        |
|    iterations       | 118      |
|    time_elapsed     | 59836    |
|    total_timesteps  | 581664   |
----------------------------------
-----------------------------------------
| session/                |             |
|    london_range_pts     | 27.9        |
| time/                   |             |
|    fps                  | 4           |
|    iterations           | 119         |
|    time_elapsed         | 60235       |
|    total_timesteps      | 583712      |
| train/                  |             |
|    approx_kl            | 0.017173713 |
|    clip_fraction        | 0.055       |
|    clip_range           | 0.2         |
|    entropy_loss         | -0.0839     |
|    explained_variance   | 0.682       |
|    learning_rate        | 0.0003      |
|    loss                 | 0.0169      |
|    n_updates            | 2830        |
|    policy_gradient_loss | -0.0167     |
|    value_loss           | 0.148       |
-----------------------------------------
Eval num_timesteps=585000, episode_reward=-4.39 +/- 0.40
Episode length: 35.00 +/- 0.00
-------------------------------------------------------
| eval/                                |              |
|    mean_ep_length                    | 35           |
|    mean_reward                       | -4.39        |
| policy/                              |              |
|    ent_coef                          | 0.01         |
|    hold_rate_500                     | 0.948        |
| session/                             |              |
|    london_range_pts                  | 15.2         |
| time/                                |              |
|    total_timesteps                   | 585000       |
| trade/                               |              |
|    avg_first_trade_duration_min      | 157          |
|    avg_first_trade_entry_delay_an... | 192          |
|    episode_pnl                       | 1.53         |
|    first_trade_is_ny_open_rate       | 0.222        |
|    first_trade_matches_intent_rate   | 0.222        |
|    first_trade_pnl                   | 4.64         |
|    first_trade_win_rate              | 0.778        |
|    ny_open_trade_rate                | 0.04         |
|    pnl_continuation_days             | 0.895        |
|    pnl_sweep_high_days               | 2.56         |
|    pnl_sweep_low_days                | 2.82         |
|    trades_per_episode                | 0.32         |
|    win_rate                          | 0.889        |
|    win_rate_continuation             | 0.0938       |
|    win_rate_sweep_days               | 0.278        |
| train/                               |              |
|    approx_kl                         | 0.0056042126 |
|    clip_fraction                     | 0.03         |
|    clip_range                        | 0.2          |
|    entropy_loss                      | -0.0447      |
|    explained_variance                | 0.804        |
|    learning_rate                     | 0.0003       |
|    loss                              | 0.0275       |
|    n_updates                         | 2840         |
|    policy_gradient_loss              | -0.00718     |
|    value_loss                        | 0.14         |
-------------------------------------------------------
----------------------------------
| session/            |          |
|    london_range_pts | 29.5     |
| time/               |          |
|    fps              | 4        |
|    iterations       | 120      |
|    time_elapsed     | 60652    |
|    total_timesteps  | 585760   |
----------------------------------
-----------------------------------------
| session/                |             |
|    london_range_pts     | 19.9        |
| time/                   |             |
|    fps                  | 4           |
|    iterations           | 121         |
|    time_elapsed         | 61068       |
|    total_timesteps      | 587808      |
| train/                  |             |
|    approx_kl            | 0.009390828 |
|    clip_fraction        | 0.0287      |
|    clip_range           | 0.2         |
|    entropy_loss         | -0.0346     |
|    explained_variance   | 0.687       |
|    learning_rate        | 0.0003      |
|    loss                 | 0.0245      |
|    n_updates            | 2850        |
|    policy_gradient_loss | -0.0101     |
|    value_loss           | 0.118       |
-----------------------------------------
-----------------------------------------
| session/                |             |
|    london_range_pts     | 44.2        |
| time/                   |             |
|    fps                  | 4           |
|    iterations           | 122         |
|    time_elapsed         | 61506       |
|    total_timesteps      | 589856      |
| train/                  |             |
|    approx_kl            | 0.010614132 |
|    clip_fraction        | 0.0453      |
|    clip_range           | 0.2         |
|    entropy_loss         | -0.0603     |
|    explained_variance   | 0.625       |
|    learning_rate        | 0.0003      |
|    loss                 | -0.00764    |
|    n_updates            | 2860        |
|    policy_gradient_loss | -0.0152     |
|    value_loss           | 0.142       |
-----------------------------------------
Eval num_timesteps=590000, episode_reward=-3.95 +/- 0.94
Episode length: 35.00 +/- 0.00
------------------------------------------------------
| eval/                                |             |
|    mean_ep_length                    | 35          |
|    mean_reward                       | -3.95       |
| policy/                              |             |
|    ent_coef                          | 0.01        |
|    hold_rate_500                     | 0.964       |
| session/                             |             |
|    london_range_pts                  | 32.9        |
| time/                                |             |
|    total_timesteps                   | 590000      |
| trade/                               |             |
|    avg_first_trade_duration_min      | 90          |
|    avg_first_trade_entry_delay_an... | 275         |
|    episode_pnl                       | 0.822       |
|    first_trade_is_ny_open_rate       | 0           |
|    first_trade_matches_intent_rate   | 0           |
|    first_trade_pnl                   | 0.971       |
|    first_trade_win_rate              | 0.667       |
|    ny_open_trade_rate                | 0           |
|    pnl_continuation_days             | 1.28        |
|    pnl_sweep_high_days               | -0.524      |
|    pnl_sweep_low_days                | 0.52        |
|    trades_per_episode                | 0.18        |
|    win_rate                          | 0.667       |
|    win_rate_continuation             | 0.0968      |
|    win_rate_sweep_days               | 0.0526      |
| train/                               |             |
|    approx_kl                         | 0.010574184 |
|    clip_fraction                     | 0.0405      |
|    clip_range                        | 0.2         |
|    entropy_loss                      | -0.0573     |
|    explained_variance                | 0.779       |
|    learning_rate                     | 0.0003      |
|    loss                              | 0.00776     |
|    n_updates                         | 2870        |
|    policy_gradient_loss              | -0.0129     |
|    value_loss                        | 0.0969      |
| validation/                          |             |
|    acceptance_passed                 | 0           |
|    avg_first_trade_duration_min      | 168         |
|    avg_first_trade_entry_delay_an... | 228         |
|    first_trade_is_ny_open_rate       | 0.125       |
|    first_trade_matches_intent_rate   | 0.312       |
|    first_trade_win_rate              | 62.5        |
|    ny_open_first_trade_win_rate      | 0           |
|    ny_open_trade_rate                | 0.0174      |
|    pnl_continuation_days             | 0.444       |
|    pnl_sweep_low_days                | 0.643       |
|    profit_factor                     | 1.69        |
|    trades_per_episode                | 0.217       |
|    win_rate                          | 32          |
|    win_rate_continuation             | 3.61        |
|    win_rate_sweep_days               | 25          |
------------------------------------------------------
----------------------------------
| session/            |          |
|    london_range_pts | 20.3     |
| time/               |          |
|    fps              | 4        |
|    iterations       | 123      |
|    time_elapsed     | 62259    |
|    total_timesteps  | 591904   |
----------------------------------
-----------------------------------------
| session/                |             |
|    london_range_pts     | 28.2        |
| time/                   |             |
|    fps                  | 4           |
|    iterations           | 124         |
|    time_elapsed         | 62732       |
|    total_timesteps      | 593952      |
| train/                  |             |
|    approx_kl            | 0.009457124 |
|    clip_fraction        | 0.0422      |
|    clip_range           | 0.2         |
|    entropy_loss         | -0.0713     |
|    explained_variance   | 0.684       |
|    learning_rate        | 0.0003      |
|    loss                 | 0.0102      |
|    n_updates            | 2880        |
|    policy_gradient_loss | -0.0114     |
|    value_loss           | 0.154       |
-----------------------------------------
Eval num_timesteps=595000, episode_reward=-3.62 +/- 2.17
Episode length: 35.00 +/- 0.00
------------------------------------------------------
| eval/                                |             |
|    mean_ep_length                    | 35          |
|    mean_reward                       | -3.62       |
| policy/                              |             |
|    ent_coef                          | 0.01        |
|    hold_rate_500                     | 0.938       |
| session/                             |             |
|    london_range_pts                  | 24.3        |
| time/                                |             |
|    total_timesteps                   | 595000      |
| trade/                               |             |
|    avg_first_trade_duration_min      | 131         |
|    avg_first_trade_entry_delay_an... | 262         |
|    episode_pnl                       | 0.895       |
|    first_trade_is_ny_open_rate       | 0.182       |
|    first_trade_matches_intent_rate   | 0.0909      |
|    first_trade_pnl                   | 0.911       |
|    first_trade_win_rate              | 0.455       |
|    ny_open_trade_rate                | 0.04        |
|    pnl_continuation_days             | 1.29        |
|    pnl_sweep_high_days               | 0.255       |
|    pnl_sweep_low_days                | 0.00222     |
|    trades_per_episode                | 0.48        |
|    win_rate                          | 0.455       |
|    win_rate_continuation             | 0.0606      |
|    win_rate_sweep_days               | 0.176       |
| train/                               |             |
|    approx_kl                         | 0.009660898 |
|    clip_fraction                     | 0.0409      |
|    clip_range                        | 0.2         |
|    entropy_loss                      | -0.0677     |
|    explained_variance                | 0.719       |
|    learning_rate                     | 0.0003      |
|    loss                              | 0.0161      |
|    n_updates                         | 2890        |
|    policy_gradient_loss              | -0.0137     |
|    value_loss                        | 0.163       |
------------------------------------------------------
----------------------------------
| session/            |          |
|    london_range_pts | 40       |
| time/               |          |
|    fps              | 4        |
|    iterations       | 125      |
|    time_elapsed     | 63151    |
|    total_timesteps  | 596000   |
----------------------------------
-----------------------------------------
| session/                |             |
|    london_range_pts     | 33.8        |
| time/                   |             |
|    fps                  | 4           |
|    iterations           | 126         |
|    time_elapsed         | 63518       |
|    total_timesteps      | 598048      |
| train/                  |             |
|    approx_kl            | 0.008061973 |
|    clip_fraction        | 0.0328      |
|    clip_range           | 0.2         |
|    entropy_loss         | -0.0452     |
|    explained_variance   | 0.703       |
|    learning_rate        | 0.0003      |
|    loss                 | 0.00251     |
|    n_updates            | 2900        |
|    policy_gradient_loss | -0.0107     |
|    value_loss           | 0.119       |
-----------------------------------------
Eval num_timesteps=600000, episode_reward=-3.40 +/- 0.80
Episode length: 35.00 +/- 0.00
-------------------------------------------------------
| eval/                                |              |
|    mean_ep_length                    | 35           |
|    mean_reward                       | -3.4         |
| policy/                              |              |
|    ent_coef                          | 0.01         |
|    hold_rate_500                     | 0.969        |
| session/                             |              |
|    london_range_pts                  | 28.8         |
| time/                                |              |
|    total_timesteps                   | 600000       |
| trade/                               |              |
|    avg_first_trade_duration_min      | 232          |
|    avg_first_trade_entry_delay_an... | 207          |
|    episode_pnl                       | 1.12         |
|    first_trade_is_ny_open_rate       | 0.111        |
|    first_trade_matches_intent_rate   | 0.111        |
|    first_trade_pnl                   | 4.51         |
|    first_trade_win_rate              | 0.667        |
|    ny_open_trade_rate                | 0.02         |
|    pnl_continuation_days             | 0.979        |
|    pnl_sweep_high_days               | 1.39         |
|    pnl_sweep_low_days                | 1.68         |
|    trades_per_episode                | 0.28         |
|    win_rate                          | 0.889        |
|    win_rate_continuation             | 0.114        |
|    win_rate_sweep_days               | 0.267        |
| train/                               |              |
|    approx_kl                         | 0.0075296285 |
|    clip_fraction                     | 0.0344       |
|    clip_range                        | 0.2          |
|    entropy_loss                      | -0.0504      |
|    explained_variance                | 0.694        |
|    learning_rate                     | 0.0003       |
|    loss                              | 0.00113      |
|    n_updates                         | 2910         |
|    policy_gradient_loss              | -0.0118      |
|    value_loss                        | 0.124        |
| validation/                          |              |
|    acceptance_passed                 | 0            |
|    avg_first_trade_duration_min      | 176          |
|    avg_first_trade_entry_delay_an... | 217          |
|    first_trade_is_ny_open_rate       | 0.176        |
|    first_trade_matches_intent_rate   | 0.353        |
|    first_trade_win_rate              | 64.7         |
|    ny_open_first_trade_win_rate      | 0            |
|    ny_open_trade_rate                | 0.0261       |
|    pnl_continuation_days             | 0.633        |
|    pnl_sweep_low_days                | 0.643        |
|    profit_factor                     | 1.69         |
|    trades_per_episode                | 0.226        |
|    win_rate                          | 30.8         |
|    win_rate_continuation             | 4.82         |
|    win_rate_sweep_days               | 25           |
-------------------------------------------------------
----------------------------------
| session/            |          |
|    london_range_pts | 18.6     |
| time/               |          |
|    fps              | 4        |
|    iterations       | 127      |
|    time_elapsed     | 64323    |
|    total_timesteps  | 600096   |
----------------------------------
-----------------------------------------
| session/                |             |
|    london_range_pts     | 32.9        |
| time/                   |             |
|    fps                  | 4           |
|    iterations           | 128         |
|    time_elapsed         | 64722       |
|    total_timesteps      | 602144      |
| train/                  |             |
|    approx_kl            | 0.006030552 |
|    clip_fraction        | 0.021       |
|    clip_range           | 0.2         |
|    entropy_loss         | -0.0295     |
|    explained_variance   | 0.777       |
|    learning_rate        | 0.0003      |
|    loss                 | 0.0267      |
|    n_updates            | 2920        |
|    policy_gradient_loss | -0.00799    |
|    value_loss           | 0.11        |
-----------------------------------------
-----------------------------------------
| session/                |             |
|    london_range_pts     | 21          |
| time/                   |             |
|    fps                  | 4           |
|    iterations           | 129         |
|    time_elapsed         | 65136       |
|    total_timesteps      | 604192      |
| train/                  |             |
|    approx_kl            | 0.012918967 |
|    clip_fraction        | 0.042       |
|    clip_range           | 0.2         |
|    entropy_loss         | -0.0691     |
|    explained_variance   | 0.62        |
|    learning_rate        | 0.0003      |
|    loss                 | 0.0296      |
|    n_updates            | 2930        |
|    policy_gradient_loss | -0.0133     |
|    value_loss           | 0.184       |
-----------------------------------------
Eval num_timesteps=605000, episode_reward=-3.97 +/- 0.98
Episode length: 35.00 +/- 0.00
------------------------------------------------------
| eval/                                |             |
|    mean_ep_length                    | 35          |
|    mean_reward                       | -3.97       |
| policy/                              |             |
|    ent_coef                          | 0.01        |
|    hold_rate_500                     | 0.952       |
| session/                             |             |
|    london_range_pts                  | 40.9        |
| time/                                |             |
|    total_timesteps                   | 605000      |
| trade/                               |             |
|    avg_first_trade_duration_min      | 118         |
|    avg_first_trade_entry_delay_an... | 186         |
|    episode_pnl                       | 1.32        |
|    first_trade_is_ny_open_rate       | 0.125       |
|    first_trade_matches_intent_rate   | 0.125       |
|    first_trade_pnl                   | 4.07        |
|    first_trade_win_rate              | 0.875       |
|    ny_open_trade_rate                | 0.02        |
|    pnl_continuation_days             | 1.29        |
|    pnl_sweep_high_days               | 0           |
|    pnl_sweep_low_days                | 1.64        |
|    trades_per_episode                | 0.3         |
|    win_rate                          | 1           |
|    win_rate_continuation             | 0.129       |
|    win_rate_sweep_days               | 0.211       |
| train/                               |             |
|    approx_kl                         | 0.005754535 |
|    clip_fraction                     | 0.0217      |
|    clip_range                        | 0.2         |
|    entropy_loss                      | -0.0335     |
|    explained_variance                | 0.618       |
|    learning_rate                     | 0.0003      |
|    loss                              | 0.0335      |
|    n_updates                         | 2940        |
|    policy_gradient_loss              | -0.00755    |
|    value_loss                        | 0.151       |
------------------------------------------------------
----------------------------------
| session/            |          |
|    london_range_pts | 22.2     |
| time/               |          |
|    fps              | 4        |
|    iterations       | 130      |
|    time_elapsed     | 65586    |
|    total_timesteps  | 606240   |
----------------------------------
-----------------------------------------
| session/                |             |
|    london_range_pts     | 16.4        |
| time/                   |             |
|    fps                  | 4           |
|    iterations           | 131         |
|    time_elapsed         | 66035       |
|    total_timesteps      | 608288      |
| train/                  |             |
|    approx_kl            | 0.010712847 |
|    clip_fraction        | 0.041       |
|    clip_range           | 0.2         |
|    entropy_loss         | -0.0652     |
|    explained_variance   | 0.663       |
|    learning_rate        | 0.0003      |
|    loss                 | 0.00189     |
|    n_updates            | 2950        |
|    policy_gradient_loss | -0.0163     |
|    value_loss           | 0.119       |
-----------------------------------------
Eval num_timesteps=610000, episode_reward=-2.60 +/- 1.49
Episode length: 35.00 +/- 0.00
-----------------------------------------------------
| eval/                                |            |
|    mean_ep_length                    | 35         |
|    mean_reward                       | -2.6       |
| policy/                              |            |
|    ent_coef                          | 0.01       |
|    hold_rate_500                     | 0.936      |
| session/                             |            |
|    london_range_pts                  | 24.4       |
| time/                                |            |
|    total_timesteps                   | 610000     |
| trade/                               |            |
|    avg_first_trade_duration_min      | 99         |
|    avg_first_trade_entry_delay_an... | 318        |
|    episode_pnl                       | 0.65       |
|    first_trade_is_ny_open_rate       | 0          |
|    first_trade_matches_intent_rate   | 0.5        |
|    first_trade_pnl                   | 0.939      |
|    first_trade_win_rate              | 0.5        |
|    ny_open_trade_rate                | 0          |
|    pnl_continuation_days             | 1.15       |
|    pnl_sweep_high_days               | -1.61      |
|    pnl_sweep_low_days                | -0.0532    |
|    trades_per_episode                | 0.34       |
|    win_rate                          | 0.4        |
|    win_rate_continuation             | 0.0857     |
|    win_rate_sweep_days               | 0.0667     |
| train/                               |            |
|    approx_kl                         | 0.01239435 |
|    clip_fraction                     | 0.0591     |
|    clip_range                        | 0.2        |
|    entropy_loss                      | -0.0919    |
|    explained_variance                | 0.644      |
|    learning_rate                     | 0.0003     |
|    loss                              | 0.0108     |
|    n_updates                         | 2960       |
|    policy_gradient_loss              | -0.0211    |
|    value_loss                        | 0.187      |
| validation/                          |            |
|    acceptance_passed                 | 0          |
|    avg_first_trade_duration_min      | 179        |
|    avg_first_trade_entry_delay_an... | 217        |
|    first_trade_is_ny_open_rate       | 0.188      |
|    first_trade_matches_intent_rate   | 0.312      |
|    first_trade_win_rate              | 68.8       |
|    ny_open_first_trade_win_rate      | 0          |
|    ny_open_trade_rate                | 0.0261     |
|    pnl_continuation_days             | 0.638      |
|    pnl_sweep_low_days                | 1.07       |
|    profit_factor                     | 2.07       |
|    trades_per_episode                | 0.217      |
|    win_rate                          | 32         |
|    win_rate_continuation             | 4.82       |
|    win_rate_sweep_days               | 25         |
-----------------------------------------------------
----------------------------------
| session/            |          |
|    london_range_pts | 38.6     |
| time/               |          |
|    fps              | 4        |
|    iterations       | 132      |
|    time_elapsed     | 66776    |
|    total_timesteps  | 610336   |
----------------------------------
-----------------------------------------
| session/                |             |
|    london_range_pts     | 18.7        |
| time/                   |             |
|    fps                  | 4           |
|    iterations           | 133         |
|    time_elapsed         | 67264       |
|    total_timesteps      | 612384      |
| train/                  |             |
|    approx_kl            | 0.008475326 |
|    clip_fraction        | 0.0416      |
|    clip_range           | 0.2         |
|    entropy_loss         | -0.0646     |
|    explained_variance   | 0.738       |
|    learning_rate        | 0.0003      |
|    loss                 | 0.00131     |
|    n_updates            | 2970        |
|    policy_gradient_loss | -0.0126     |
|    value_loss           | 0.131       |
-----------------------------------------
-----------------------------------------
| session/                |             |
|    london_range_pts     | 27          |
| time/                   |             |
|    fps                  | 4           |
|    iterations           | 134         |
|    time_elapsed         | 67655       |
|    total_timesteps      | 614432      |
| train/                  |             |
|    approx_kl            | 0.013282206 |
|    clip_fraction        | 0.0673      |
|    clip_range           | 0.2         |
|    entropy_loss         | -0.114      |
|    explained_variance   | 0.673       |
|    learning_rate        | 0.0003      |
|    loss                 | 0.00366     |
|    n_updates            | 2980        |
|    policy_gradient_loss | -0.021      |
|    value_loss           | 0.164       |
-----------------------------------------
Eval num_timesteps=615000, episode_reward=-2.93 +/- 1.99
Episode length: 35.00 +/- 0.00
-------------------------------------------------------
| eval/                                |              |
|    mean_ep_length                    | 35           |
|    mean_reward                       | -2.93        |
| policy/                              |              |
|    ent_coef                          | 0.01         |
|    hold_rate_500                     | 0.928        |
| session/                             |              |
|    london_range_pts                  | 27.6         |
| time/                                |              |
|    total_timesteps                   | 615000       |
| trade/                               |              |
|    avg_first_trade_duration_min      | 238          |
|    avg_first_trade_entry_delay_an... | 117          |
|    episode_pnl                       | 1.75         |
|    first_trade_is_ny_open_rate       | 0.3          |
|    first_trade_matches_intent_rate   | 0.4          |
|    first_trade_pnl                   | 5.56         |
|    first_trade_win_rate              | 0.8          |
|    ny_open_trade_rate                | 0.06         |
|    pnl_continuation_days             | 0.923        |
|    pnl_sweep_high_days               | 2.23         |
|    pnl_sweep_low_days                | 4.14         |
|    trades_per_episode                | 0.38         |
|    win_rate                          | 1            |
|    win_rate_continuation             | 0.0909       |
|    win_rate_sweep_days               | 0.412        |
| train/                               |              |
|    approx_kl                         | 0.0075040865 |
|    clip_fraction                     | 0.0451       |
|    clip_range                        | 0.2          |
|    entropy_loss                      | -0.0831      |
|    explained_variance                | 0.727        |
|    learning_rate                     | 0.0003       |
|    loss                              | 0.0324       |
|    n_updates                         | 2990         |
|    policy_gradient_loss              | -0.0128      |
|    value_loss                        | 0.155        |
-------------------------------------------------------
----------------------------------
| session/            |          |
|    london_range_pts | 19.1     |
| time/               |          |
|    fps              | 4        |
|    iterations       | 135      |
|    time_elapsed     | 68043    |
|    total_timesteps  | 616480   |
----------------------------------
------------------------------------------
| session/                |              |
|    london_range_pts     | 35.2         |
| time/                   |              |
|    fps                  | 4            |
|    iterations           | 136          |
|    time_elapsed         | 68424        |
|    total_timesteps      | 618528       |
| train/                  |              |
|    approx_kl            | 0.0044981055 |
|    clip_fraction        | 0.0242       |
|    clip_range           | 0.2          |
|    entropy_loss         | -0.0335      |
|    explained_variance   | 0.705        |
|    learning_rate        | 0.0003       |
|    loss                 | 0.0166       |
|    n_updates            | 3000         |
|    policy_gradient_loss | -0.00834     |
|    value_loss           | 0.0965       |
------------------------------------------
Eval num_timesteps=620000, episode_reward=-4.12 +/- 1.06
Episode length: 35.00 +/- 0.00
-------------------------------------------------------
| eval/                                |              |
|    mean_ep_length                    | 35           |
|    mean_reward                       | -4.12        |
| policy/                              |              |
|    ent_coef                          | 0.01         |
|    hold_rate_500                     | 0.963        |
| session/                             |              |
|    london_range_pts                  | 38.2         |
| time/                                |              |
|    total_timesteps                   | 620000       |
| trade/                               |              |
|    avg_first_trade_duration_min      | 140          |
|    avg_first_trade_entry_delay_an... | 280          |
|    episode_pnl                       | 1.13         |
|    first_trade_is_ny_open_rate       | 0            |
|    first_trade_matches_intent_rate   | 0.556        |
|    first_trade_pnl                   | 3.58         |
|    first_trade_win_rate              | 0.556        |
|    ny_open_trade_rate                | 0            |
|    pnl_continuation_days             | 1.17         |
|    pnl_sweep_high_days               | 0.812        |
|    pnl_sweep_low_days                | 3.11         |
|    trades_per_episode                | 0.26         |
|    win_rate                          | 0.667        |
|    win_rate_continuation             | 0.108        |
|    win_rate_sweep_days               | 0.154        |
| train/                               |              |
|    approx_kl                         | 0.0118368855 |
|    clip_fraction                     | 0.0535       |
|    clip_range                        | 0.2          |
|    entropy_loss                      | -0.0964      |
|    explained_variance                | 0.646        |
|    learning_rate                     | 0.0003       |
|    loss                              | 0.00731      |
|    n_updates                         | 3010         |
|    policy_gradient_loss              | -0.0147      |
|    value_loss                        | 0.124        |
| validation/                          |              |
|    acceptance_passed                 | 0            |
|    avg_first_trade_duration_min      | 181          |
|    avg_first_trade_entry_delay_an... | 215          |
|    first_trade_is_ny_open_rate       | 0.188        |
|    first_trade_matches_intent_rate   | 0.312        |
|    first_trade_win_rate              | 68.8         |
|    ny_open_first_trade_win_rate      | 0            |
|    ny_open_trade_rate                | 0.0261       |
|    pnl_continuation_days             | 0.633        |
|    pnl_sweep_low_days                | 1.07         |
|    profit_factor                     | 2.07         |
|    trades_per_episode                | 0.217        |
|    win_rate                          | 32           |
|    win_rate_continuation             | 4.82         |
|    win_rate_sweep_days               | 25           |
-------------------------------------------------------
----------------------------------
| session/            |          |
|    london_range_pts | 22.6     |
| time/               |          |
|    fps              | 4        |
|    iterations       | 137      |
|    time_elapsed     | 69112    |
|    total_timesteps  | 620576   |
----------------------------------
-----------------------------------------
| session/                |             |
|    london_range_pts     | 18.1        |
| time/                   |             |
|    fps                  | 4           |
|    iterations           | 138         |
|    time_elapsed         | 69510       |
|    total_timesteps      | 622624      |
| train/                  |             |
|    approx_kl            | 0.010471594 |
|    clip_fraction        | 0.0358      |
|    clip_range           | 0.2         |
|    entropy_loss         | -0.0537     |
|    explained_variance   | 0.781       |
|    learning_rate        | 0.0003      |
|    loss                 | 0.00388     |
|    n_updates            | 3020        |
|    policy_gradient_loss | -0.0126     |
|    value_loss           | 0.0883      |
-----------------------------------------
----------------------------------------
| session/                |            |
|    london_range_pts     | 40.3       |
| time/                   |            |
|    fps                  | 4          |
|    iterations           | 139        |
|    time_elapsed         | 69933      |
|    total_timesteps      | 624672     |
| train/                  |            |
|    approx_kl            | 0.00705224 |
|    clip_fraction        | 0.0345     |
|    clip_range           | 0.2        |
|    entropy_loss         | -0.057     |
|    explained_variance   | 0.639      |
|    learning_rate        | 0.0003     |
|    loss                 | -0.00887   |
|    n_updates            | 3030       |
|    policy_gradient_loss | -0.0125    |
|    value_loss           | 0.125      |
----------------------------------------
Eval num_timesteps=625000, episode_reward=-3.57 +/- 0.58
Episode length: 35.00 +/- 0.00
------------------------------------------------------
| eval/                                |             |
|    mean_ep_length                    | 35          |
|    mean_reward                       | -3.57       |
| policy/                              |             |
|    ent_coef                          | 0.01        |
|    hold_rate_500                     | 0.945       |
| session/                             |             |
|    london_range_pts                  | 30.2        |
| time/                                |             |
|    total_timesteps                   | 625000      |
| trade/                               |             |
|    avg_first_trade_duration_min      | 71.7        |
|    avg_first_trade_entry_delay_an... | 297         |
|    episode_pnl                       | 2.27        |
|    first_trade_is_ny_open_rate       | 0           |
|    first_trade_matches_intent_rate   | 0.222       |
|    first_trade_pnl                   | 2.79        |
|    first_trade_win_rate              | 0.667       |
|    ny_open_trade_rate                | 0           |
|    pnl_continuation_days             | 2.52        |
|    pnl_sweep_high_days               | 1.37        |
|    pnl_sweep_low_days                | 2.24        |
|    trades_per_episode                | 0.48        |
|    win_rate                          | 0.889       |
|    win_rate_continuation             | 0.162       |
|    win_rate_sweep_days               | 0.154       |
| train/                               |             |
|    approx_kl                         | 0.008910519 |
|    clip_fraction                     | 0.043       |
|    clip_range                        | 0.2         |
|    entropy_loss                      | -0.0675     |
|    explained_variance                | 0.698       |
|    learning_rate                     | 0.0003      |
|    loss                              | 0.00664     |
|    n_updates                         | 3040        |
|    policy_gradient_loss              | -0.0146     |
|    value_loss                        | 0.123       |
------------------------------------------------------
----------------------------------
| session/            |          |
|    london_range_pts | 23.6     |
| time/               |          |
|    fps              | 4        |
|    iterations       | 140      |
|    time_elapsed     | 70380    |
|    total_timesteps  | 626720   |
----------------------------------
------------------------------------------
| session/                |              |
|    london_range_pts     | 44.9         |
| time/                   |              |
|    fps                  | 4            |
|    iterations           | 141          |
|    time_elapsed         | 70852        |
|    total_timesteps      | 628768       |
| train/                  |              |
|    approx_kl            | 0.0050189495 |
|    clip_fraction        | 0.0299       |
|    clip_range           | 0.2          |
|    entropy_loss         | -0.0399      |
|    explained_variance   | 0.692        |
|    learning_rate        | 0.0003       |
|    loss                 | 0.0269       |
|    n_updates            | 3050         |
|    policy_gradient_loss | -0.00995     |
|    value_loss           | 0.111        |
------------------------------------------
Eval num_timesteps=630000, episode_reward=-3.27 +/- 2.41
Episode length: 35.00 +/- 0.00
------------------------------------------------------
| eval/                                |             |
|    mean_ep_length                    | 35          |
|    mean_reward                       | -3.27       |
| policy/                              |             |
|    ent_coef                          | 0.01        |
|    hold_rate_500                     | 0.955       |
| session/                             |             |
|    london_range_pts                  | 31.9        |
| time/                                |             |
|    total_timesteps                   | 630000      |
| trade/                               |             |
|    avg_first_trade_duration_min      | 238         |
|    avg_first_trade_entry_delay_an... | 178         |
|    episode_pnl                       | 1.67        |
|    first_trade_is_ny_open_rate       | 0.375       |
|    first_trade_matches_intent_rate   | 0.375       |
|    first_trade_pnl                   | 6.32        |
|    first_trade_win_rate              | 0.875       |
|    ny_open_trade_rate                | 0.06        |
|    pnl_continuation_days             | 1.65        |
|    pnl_sweep_high_days               | 1.94        |
|    pnl_sweep_low_days                | 1.49        |
|    trades_per_episode                | 0.24        |
|    win_rate                          | 1           |
|    win_rate_continuation             | 0.138       |
|    win_rate_sweep_days               | 0.19        |
| train/                               |             |
|    approx_kl                         | 0.013083106 |
|    clip_fraction                     | 0.0477      |
|    clip_range                        | 0.2         |
|    entropy_loss                      | -0.0686     |
|    explained_variance                | 0.639       |
|    learning_rate                     | 0.0003      |
|    loss                              | 0.0084      |
|    n_updates                         | 3060        |
|    policy_gradient_loss              | -0.0163     |
|    value_loss                        | 0.169       |
| validation/                          |             |
|    acceptance_passed                 | 0           |
|    avg_first_trade_duration_min      | 162         |
|    avg_first_trade_entry_delay_an... | 232         |
|    first_trade_is_ny_open_rate       | 0.2         |
|    first_trade_matches_intent_rate   | 0.333       |
|    first_trade_win_rate              | 60          |
|    ny_open_first_trade_win_rate      | 0           |
|    ny_open_trade_rate                | 0.0261      |
|    pnl_continuation_days             | 0.633       |
|    pnl_sweep_low_days                | -0.595      |
|    profit_factor                     | 1.89        |
|    trades_per_episode                | 0.2         |
|    win_rate                          | 34.8        |
|    win_rate_continuation             | 4.82        |
|    win_rate_sweep_days               | 21.9        |
------------------------------------------------------
----------------------------------
| session/            |          |
|    london_range_pts | 17.9     |
| time/               |          |
|    fps              | 4        |
|    iterations       | 142      |
|    time_elapsed     | 71613    |
|    total_timesteps  | 630816   |
----------------------------------
-----------------------------------------
| session/                |             |
|    london_range_pts     | 16.3        |
| time/                   |             |
|    fps                  | 4           |
|    iterations           | 143         |
|    time_elapsed         | 71981       |
|    total_timesteps      | 632864      |
| train/                  |             |
|    approx_kl            | 0.013972016 |
|    clip_fraction        | 0.0583      |
|    clip_range           | 0.2         |
|    entropy_loss         | -0.0926     |
|    explained_variance   | 0.55        |
|    learning_rate        | 0.0003      |
|    loss                 | 0.00385     |
|    n_updates            | 3070        |
|    policy_gradient_loss | -0.0206     |
|    value_loss           | 0.156       |
-----------------------------------------
-----------------------------------------
| session/                |             |
|    london_range_pts     | 36.6        |
| time/                   |             |
|    fps                  | 4           |
|    iterations           | 144         |
|    time_elapsed         | 72351       |
|    total_timesteps      | 634912      |
| train/                  |             |
|    approx_kl            | 0.013313522 |
|    clip_fraction        | 0.0442      |
|    clip_range           | 0.2         |
|    entropy_loss         | -0.0664     |
|    explained_variance   | 0.692       |
|    learning_rate        | 0.0003      |
|    loss                 | 0.0151      |
|    n_updates            | 3080        |
|    policy_gradient_loss | -0.0153     |
|    value_loss           | 0.12        |
-----------------------------------------
Eval num_timesteps=635000, episode_reward=-3.88 +/- 0.62
Episode length: 35.00 +/- 0.00
------------------------------------------------------
| eval/                                |             |
|    mean_ep_length                    | 35          |
|    mean_reward                       | -3.88       |
| policy/                              |             |
|    ent_coef                          | 0.01        |
|    hold_rate_500                     | 0.953       |
| session/                             |             |
|    london_range_pts                  | 14.9        |
| time/                                |             |
|    total_timesteps                   | 635000      |
| trade/                               |             |
|    avg_first_trade_duration_min      | 192         |
|    avg_first_trade_entry_delay_an... | 168         |
|    episode_pnl                       | 1.31        |
|    first_trade_is_ny_open_rate       | 0.2         |
|    first_trade_matches_intent_rate   | 0           |
|    first_trade_pnl                   | 8.07        |
|    first_trade_win_rate              | 1           |
|    ny_open_trade_rate                | 0.02        |
|    pnl_continuation_days             | 0.475       |
|    pnl_sweep_high_days               | 6.5         |
|    pnl_sweep_low_days                | 0.433       |
|    trades_per_episode                | 0.18        |
|    win_rate                          | 0.8         |
|    win_rate_continuation             | 0.0294      |
|    win_rate_sweep_days               | 0.188       |
| train/                               |             |
|    approx_kl                         | 0.008904721 |
|    clip_fraction                     | 0.0384      |
|    clip_range                        | 0.2         |
|    entropy_loss                      | -0.0562     |
|    explained_variance                | 0.67        |
|    learning_rate                     | 0.0003      |
|    loss                              | 0.0205      |
|    n_updates                         | 3090        |
|    policy_gradient_loss              | -0.0138     |
|    value_loss                        | 0.13        |
------------------------------------------------------
----------------------------------
| session/            |          |
|    london_range_pts | 15.8     |
| time/               |          |
|    fps              | 4        |
|    iterations       | 145      |
|    time_elapsed     | 72736    |
|    total_timesteps  | 636960   |
----------------------------------
------------------------------------------
| session/                |              |
|    london_range_pts     | 20.3         |
| time/                   |              |
|    fps                  | 4            |
|    iterations           | 146          |
|    time_elapsed         | 73149        |
|    total_timesteps      | 639008       |
| train/                  |              |
|    approx_kl            | 0.0090075135 |
|    clip_fraction        | 0.0418       |
|    clip_range           | 0.2          |
|    entropy_loss         | -0.0704      |
|    explained_variance   | 0.573        |
|    learning_rate        | 0.0003       |
|    loss                 | 0.0207       |
|    n_updates            | 3100         |
|    policy_gradient_loss | -0.0153      |
|    value_loss           | 0.144        |
------------------------------------------
Eval num_timesteps=640000, episode_reward=-3.86 +/- 0.87
Episode length: 35.00 +/- 0.00
------------------------------------------------------
| eval/                                |             |
|    mean_ep_length                    | 35          |
|    mean_reward                       | -3.86       |
| policy/                              |             |
|    ent_coef                          | 0.01        |
|    hold_rate_500                     | 0.963       |
| session/                             |             |
|    london_range_pts                  | 31.8        |
| time/                                |             |
|    total_timesteps                   | 640000      |
| trade/                               |             |
|    avg_first_trade_duration_min      | 110         |
|    avg_first_trade_entry_delay_an... | 275         |
|    episode_pnl                       | 0.226       |
|    first_trade_is_ny_open_rate       | 0           |
|    first_trade_matches_intent_rate   | 0           |
|    first_trade_pnl                   | 0.229       |
|    first_trade_win_rate              | 0.5         |
|    ny_open_trade_rate                | 0           |
|    pnl_continuation_days             | 0.142       |
|    pnl_sweep_high_days               | 0           |
|    pnl_sweep_low_days                | 0.823       |
|    trades_per_episode                | 0.18        |
|    win_rate                          | 0.667       |
|    win_rate_continuation             | 0.0769      |
|    win_rate_sweep_days               | 0.0909      |
| train/                               |             |
|    approx_kl                         | 0.004437771 |
|    clip_fraction                     | 0.0254      |
|    clip_range                        | 0.2         |
|    entropy_loss                      | -0.0404     |
|    explained_variance                | 0.724       |
|    learning_rate                     | 0.0003      |
|    loss                              | 0.0163      |
|    n_updates                         | 3110        |
|    policy_gradient_loss              | -0.0101     |
|    value_loss                        | 0.126       |
| validation/                          |             |
|    acceptance_passed                 | 0           |
|    avg_first_trade_duration_min      | 167         |
|    avg_first_trade_entry_delay_an... | 223         |
|    first_trade_is_ny_open_rate       | 0.2         |
|    first_trade_matches_intent_rate   | 0.333       |
|    first_trade_win_rate              | 66.7        |
|    ny_open_first_trade_win_rate      | 0           |
|    ny_open_trade_rate                | 0.0261      |
|    pnl_continuation_days             | 0.633       |
|    pnl_sweep_low_days                | 0.452       |
|    profit_factor                     | 2.37        |
|    trades_per_episode                | 0.209       |
|    win_rate                          | 37.5        |
|    win_rate_continuation             | 4.82        |
|    win_rate_sweep_days               | 25          |
------------------------------------------------------
----------------------------------
| session/            |          |
|    london_range_pts | 31.5     |
| time/               |          |
|    fps              | 4        |
|    iterations       | 147      |
|    time_elapsed     | 73843    |
|    total_timesteps  | 641056   |
----------------------------------
-----------------------------------------
| session/                |             |
|    london_range_pts     | 31.5        |
| time/                   |             |
|    fps                  | 4           |
|    iterations           | 148         |
|    time_elapsed         | 74275       |
|    total_timesteps      | 643104      |
| train/                  |             |
|    approx_kl            | 0.009443222 |
|    clip_fraction        | 0.029       |
|    clip_range           | 0.2         |
|    entropy_loss         | -0.0485     |
|    explained_variance   | 0.694       |
|    learning_rate        | 0.0003      |
|    loss                 | 0.00448     |
|    n_updates            | 3120        |
|    policy_gradient_loss | -0.00953    |
|    value_loss           | 0.131       |
-----------------------------------------
Eval num_timesteps=645000, episode_reward=-4.67 +/- 0.26
Episode length: 35.00 +/- 0.00
------------------------------------------------------
| eval/                                |             |
|    mean_ep_length                    | 35          |
|    mean_reward                       | -4.67       |
| policy/                              |             |
|    ent_coef                          | 0.01        |
|    hold_rate_500                     | 0.949       |
| session/                             |             |
|    london_range_pts                  | 26.6        |
| time/                                |             |
|    total_timesteps                   | 645000      |
| trade/                               |             |
|    avg_first_trade_duration_min      | 180         |
|    avg_first_trade_entry_delay_an... | 238         |
|    episode_pnl                       | 0.413       |
|    first_trade_is_ny_open_rate       | 0.143       |
|    first_trade_matches_intent_rate   | 0.429       |
|    first_trade_pnl                   | 2.86        |
|    first_trade_win_rate              | 0.714       |
|    ny_open_trade_rate                | 0.02        |
|    pnl_continuation_days             | 0.271       |
|    pnl_sweep_high_days               | 0.15        |
|    pnl_sweep_low_days                | 0.893       |
|    trades_per_episode                | 0.2         |
|    win_rate                          | 0.857       |
|    win_rate_continuation             | 0.103       |
|    win_rate_sweep_days               | 0.143       |
| train/                               |             |
|    approx_kl                         | 0.021039486 |
|    clip_fraction                     | 0.0628      |
|    clip_range                        | 0.2         |
|    entropy_loss                      | -0.0965     |
|    explained_variance                | 0.719       |
|    learning_rate                     | 0.0003      |
|    loss                              | 0.00479     |
|    n_updates                         | 3130        |
|    policy_gradient_loss              | -0.0166     |
|    value_loss                        | 0.119       |
------------------------------------------------------
----------------------------------
| session/            |          |
|    london_range_pts | 25.6     |
| time/               |          |
|    fps              | 4        |
|    iterations       | 149      |
|    time_elapsed     | 74734    |
|    total_timesteps  | 645152   |
----------------------------------
-----------------------------------------
| session/                |             |
|    london_range_pts     | 22.9        |
| time/                   |             |
|    fps                  | 4           |
|    iterations           | 150         |
|    time_elapsed         | 75188       |
|    total_timesteps      | 647200      |
| train/                  |             |
|    approx_kl            | 0.009993013 |
|    clip_fraction        | 0.0447      |
|    clip_range           | 0.2         |
|    entropy_loss         | -0.0665     |
|    explained_variance   | 0.657       |
|    learning_rate        | 0.0003      |
|    loss                 | 0.0043      |
|    n_updates            | 3140        |
|    policy_gradient_loss | -0.0138     |
|    value_loss           | 0.162       |
-----------------------------------------
-----------------------------------------
| session/                |             |
|    london_range_pts     | 17.9        |
| time/                   |             |
|    fps                  | 4           |
|    iterations           | 151         |
|    time_elapsed         | 75678       |
|    total_timesteps      | 649248      |
| train/                  |             |
|    approx_kl            | 0.012499781 |
|    clip_fraction        | 0.0478      |
|    clip_range           | 0.2         |
|    entropy_loss         | -0.0688     |
|    explained_variance   | 0.752       |
|    learning_rate        | 0.0003      |
|    loss                 | 0.0412      |
|    n_updates            | 3150        |
|    policy_gradient_loss | -0.015      |
|    value_loss           | 0.124       |
-----------------------------------------
Eval num_timesteps=650000, episode_reward=-4.57 +/- 0.31
Episode length: 35.00 +/- 0.00
-----------------------------------------------------
| eval/                                |            |
|    mean_ep_length                    | 35         |
|    mean_reward                       | -4.57      |
| policy/                              |            |
|    ent_coef                          | 0.01       |
|    hold_rate_500                     | 0.955      |
| session/                             |            |
|    london_range_pts                  | 25.7       |
| time/                                |            |
|    total_timesteps                   | 650000     |
| trade/                               |            |
|    avg_first_trade_duration_min      | 242        |
|    avg_first_trade_entry_delay_an... | 192        |
|    episode_pnl                       | 2.46       |
|    first_trade_is_ny_open_rate       | 0.1        |
|    first_trade_matches_intent_rate   | 0.5        |
|    first_trade_pnl                   | 7.7        |
|    first_trade_win_rate              | 0.9        |
|    ny_open_trade_rate                | 0.02       |
|    pnl_continuation_days             | 3.23       |
|    pnl_sweep_high_days               | 1.41       |
|    pnl_sweep_low_days                | 0          |
|    trades_per_episode                | 0.3        |
|    win_rate                          | 0.9        |
|    win_rate_continuation             | 0.188      |
|    win_rate_sweep_days               | 0.167      |
| train/                               |            |
|    approx_kl                         | 0.00999308 |
|    clip_fraction                     | 0.035      |
|    clip_range                        | 0.2        |
|    entropy_loss                      | -0.0552    |
|    explained_variance                | 0.68       |
|    learning_rate                     | 0.0003     |
|    loss                              | 0.0179     |
|    n_updates                         | 3160       |
|    policy_gradient_loss              | -0.0111    |
|    value_loss                        | 0.144      |
| validation/                          |            |
|    acceptance_passed                 | 0          |
|    avg_first_trade_duration_min      | 177        |
|    avg_first_trade_entry_delay_an... | 218        |
|    first_trade_is_ny_open_rate       | 0.188      |
|    first_trade_matches_intent_rate   | 0.312      |
|    first_trade_win_rate              | 68.8       |
|    ny_open_first_trade_win_rate      | 0          |
|    ny_open_trade_rate                | 0.0261     |
|    pnl_continuation_days             | 0.633      |
|    pnl_sweep_low_days                | 1.07       |
|    profit_factor                     | 2.07       |
|    trades_per_episode                | 0.226      |
|    win_rate                          | 34.6       |
|    win_rate_continuation             | 4.82       |
|    win_rate_sweep_days               | 28.1       |
-----------------------------------------------------
----------------------------------
| session/            |          |
|    london_range_pts | 27.3     |
| time/               |          |
|    fps              | 4        |
|    iterations       | 152      |
|    time_elapsed     | 76327    |
|    total_timesteps  | 651296   |
----------------------------------
------------------------------------------
| session/                |              |
|    london_range_pts     | 44.1         |
| time/                   |              |
|    fps                  | 4            |
|    iterations           | 153          |
|    time_elapsed         | 76693        |
|    total_timesteps      | 653344       |
| train/                  |              |
|    approx_kl            | 0.0059717027 |
|    clip_fraction        | 0.0358       |
|    clip_range           | 0.2          |
|    entropy_loss         | -0.054       |
|    explained_variance   | 0.781        |
|    learning_rate        | 0.0003       |
|    loss                 | 0.0264       |
|    n_updates            | 3170         |
|    policy_gradient_loss | -0.00975     |
|    value_loss           | 0.13         |
------------------------------------------
Eval num_timesteps=655000, episode_reward=-4.50 +/- 0.72
Episode length: 35.00 +/- 0.00
-----------------------------------------------------
| eval/                                |            |
|    mean_ep_length                    | 35         |
|    mean_reward                       | -4.5       |
| policy/                              |            |
|    ent_coef                          | 0.01       |
|    hold_rate_500                     | 0.943      |
| session/                             |            |
|    london_range_pts                  | 27.5       |
| time/                                |            |
|    total_timesteps                   | 655000     |
| trade/                               |            |
|    avg_first_trade_duration_min      | 141        |
|    avg_first_trade_entry_delay_an... | 270        |
|    episode_pnl                       | 0.849      |
|    first_trade_is_ny_open_rate       | 0.25       |
|    first_trade_matches_intent_rate   | 0.375      |
|    first_trade_pnl                   | 0.869      |
|    first_trade_win_rate              | 0.375      |
|    ny_open_trade_rate                | 0.04       |
|    pnl_continuation_days             | 0.475      |
|    pnl_sweep_high_days               | 1.34       |
|    pnl_sweep_low_days                | 2.15       |
|    trades_per_episode                | 0.32       |
|    win_rate                          | 0.625      |
|    win_rate_continuation             | 0.0294     |
|    win_rate_sweep_days               | 0.25       |
| train/                               |            |
|    approx_kl                         | 0.01684833 |
|    clip_fraction                     | 0.0452     |
|    clip_range                        | 0.2        |
|    entropy_loss                      | -0.0669    |
|    explained_variance                | 0.729      |
|    learning_rate                     | 0.0003     |
|    loss                              | 0.0104     |
|    n_updates                         | 3180       |
|    policy_gradient_loss              | -0.0145    |
|    value_loss                        | 0.119      |
-----------------------------------------------------
----------------------------------
| session/            |          |
|    london_range_pts | 23.2     |
| time/               |          |
|    fps              | 4        |
|    iterations       | 154      |
|    time_elapsed     | 77093    |
|    total_timesteps  | 655392   |
----------------------------------
-----------------------------------------
| session/                |             |
|    london_range_pts     | 44.2        |
| time/                   |             |
|    fps                  | 4           |
|    iterations           | 155         |
|    time_elapsed         | 77499       |
|    total_timesteps      | 657440      |
| train/                  |             |
|    approx_kl            | 0.013178319 |
|    clip_fraction        | 0.0596      |
|    clip_range           | 0.2         |
|    entropy_loss         | -0.0896     |
|    explained_variance   | 0.665       |
|    learning_rate        | 0.0003      |
|    loss                 | 0.00242     |
|    n_updates            | 3190        |
|    policy_gradient_loss | -0.0221     |
|    value_loss           | 0.168       |
-----------------------------------------
-----------------------------------------
| session/                |             |
|    london_range_pts     | 31.4        |
| time/                   |             |
|    fps                  | 4           |
|    iterations           | 156         |
|    time_elapsed         | 77913       |
|    total_timesteps      | 659488      |
| train/                  |             |
|    approx_kl            | 0.009489023 |
|    clip_fraction        | 0.0472      |
|    clip_range           | 0.2         |
|    entropy_loss         | -0.0703     |
|    explained_variance   | 0.636       |
|    learning_rate        | 0.0003      |
|    loss                 | 0.00429     |
|    n_updates            | 3200        |
|    policy_gradient_loss | -0.0161     |
|    value_loss           | 0.173       |
-----------------------------------------
Eval num_timesteps=660000, episode_reward=-4.60 +/- 0.56
Episode length: 35.00 +/- 0.00
------------------------------------------------------
| eval/                                |             |
|    mean_ep_length                    | 35          |
|    mean_reward                       | -4.6        |
| policy/                              |             |
|    ent_coef                          | 0.01        |
|    hold_rate_500                     | 0.94        |
| session/                             |             |
|    london_range_pts                  | 32.9        |
| time/                                |             |
|    total_timesteps                   | 660000      |
| trade/                               |             |
|    avg_first_trade_duration_min      | 105         |
|    avg_first_trade_entry_delay_an... | 300         |
|    episode_pnl                       | 1           |
|    first_trade_is_ny_open_rate       | 0.125       |
|    first_trade_matches_intent_rate   | 0.25        |
|    first_trade_pnl                   | 2.89        |
|    first_trade_win_rate              | 0.625       |
|    ny_open_trade_rate                | 0.02        |
|    pnl_continuation_days             | 0.879       |
|    pnl_sweep_high_days               | 1.8         |
|    pnl_sweep_low_days                | 0.855       |
|    trades_per_episode                | 0.32        |
|    win_rate                          | 0.75        |
|    win_rate_continuation             | 0.0833      |
|    win_rate_sweep_days               | 0.214       |
| train/                               |             |
|    approx_kl                         | 0.014862002 |
|    clip_fraction                     | 0.0646      |
|    clip_range                        | 0.2         |
|    entropy_loss                      | -0.0961     |
|    explained_variance                | 0.658       |
|    learning_rate                     | 0.0003      |
|    loss                              | 0.00925     |
|    n_updates                         | 3210        |
|    policy_gradient_loss              | -0.0214     |
|    value_loss                        | 0.154       |
| validation/                          |             |
|    acceptance_passed                 | 0           |
|    avg_first_trade_duration_min      | 180         |
|    avg_first_trade_entry_delay_an... | 223         |
|    first_trade_is_ny_open_rate       | 0.176       |
|    first_trade_matches_intent_rate   | 0.353       |
|    first_trade_win_rate              | 70.6        |
|    ny_open_first_trade_win_rate      | 0           |
|    ny_open_trade_rate                | 0.0261      |
|    pnl_continuation_days             | 0.633       |
|    pnl_sweep_low_days                | 0.643       |
|    profit_factor                     | 2.25        |
|    trades_per_episode                | 0.226       |
|    win_rate                          | 38.5        |
|    win_rate_continuation             | 4.82        |
|    win_rate_sweep_days               | 28.1        |
------------------------------------------------------
----------------------------------
| session/            |          |
|    london_range_pts | 18.9     |
| time/               |          |
|    fps              | 4        |
|    iterations       | 157      |
|    time_elapsed     | 78638    |
|    total_timesteps  | 661536   |
----------------------------------
------------------------------------------
| session/                |              |
|    london_range_pts     | 18.2         |
| time/                   |              |
|    fps                  | 4            |
|    iterations           | 158          |
|    time_elapsed         | 79075        |
|    total_timesteps      | 663584       |
| train/                  |              |
|    approx_kl            | 0.0091566965 |
|    clip_fraction        | 0.0433       |
|    clip_range           | 0.2          |
|    entropy_loss         | -0.0659      |
|    explained_variance   | 0.664        |
|    learning_rate        | 0.0003       |
|    loss                 | 0.0311       |
|    n_updates            | 3220         |
|    policy_gradient_loss | -0.0146      |
|    value_loss           | 0.153        |
------------------------------------------
Eval num_timesteps=665000, episode_reward=-2.43 +/- 0.99
Episode length: 35.00 +/- 0.00
-------------------------------------------------------
| eval/                                |              |
|    mean_ep_length                    | 35           |
|    mean_reward                       | -2.43        |
| policy/                              |              |
|    ent_coef                          | 0.01         |
|    hold_rate_500                     | 0.953        |
| session/                             |              |
|    london_range_pts                  | 35.8         |
| time/                                |              |
|    total_timesteps                   | 665000       |
| trade/                               |              |
|    avg_first_trade_duration_min      | 160          |
|    avg_first_trade_entry_delay_an... | 230          |
|    episode_pnl                       | 0.0854       |
|    first_trade_is_ny_open_rate       | 0.333        |
|    first_trade_matches_intent_rate   | 0.333        |
|    first_trade_pnl                   | 1.42         |
|    first_trade_win_rate              | 0.667        |
|    ny_open_trade_rate                | 0.02         |
|    pnl_continuation_days             | 0.261        |
|    pnl_sweep_high_days               | -0.732       |
|    pnl_sweep_low_days                | 0            |
|    trades_per_episode                | 0.06         |
|    win_rate                          | 0.667        |
|    win_rate_continuation             | 0.0556       |
|    win_rate_sweep_days               | 0            |
| train/                               |              |
|    approx_kl                         | 0.0040170182 |
|    clip_fraction                     | 0.031        |
|    clip_range                        | 0.2          |
|    entropy_loss                      | -0.0449      |
|    explained_variance                | 0.689        |
|    learning_rate                     | 0.0003       |
|    loss                              | 0.0116       |
|    n_updates                         | 3230         |
|    policy_gradient_loss              | -0.00939     |
|    value_loss                        | 0.13         |
-------------------------------------------------------
New best mean reward!
----------------------------------
| session/            |          |
|    london_range_pts | 60.3     |
| time/               |          |
|    fps              | 4        |
|    iterations       | 159      |
|    time_elapsed     | 79569    |
|    total_timesteps  | 665632   |
----------------------------------
-----------------------------------------
| session/                |             |
|    london_range_pts     | 31.2        |
| time/                   |             |
|    fps                  | 4           |
|    iterations           | 160         |
|    time_elapsed         | 80044       |
|    total_timesteps      | 667680      |
| train/                  |             |
|    approx_kl            | 0.007982699 |
|    clip_fraction        | 0.0331      |
|    clip_range           | 0.2         |
|    entropy_loss         | -0.0469     |
|    explained_variance   | 0.701       |
|    learning_rate        | 0.0003      |
|    loss                 | 0.0232      |
|    n_updates            | 3240        |
|    policy_gradient_loss | -0.014      |
|    value_loss           | 0.125       |
-----------------------------------------
-----------------------------------------
| session/                |             |
|    london_range_pts     | 31.5        |
| time/                   |             |
|    fps                  | 4           |
|    iterations           | 161         |
|    time_elapsed         | 80381       |
|    total_timesteps      | 669728      |
| train/                  |             |
|    approx_kl            | 0.011210174 |
|    clip_fraction        | 0.0578      |
|    clip_range           | 0.2         |
|    entropy_loss         | -0.0797     |
|    explained_variance   | 0.684       |
|    learning_rate        | 0.0003      |
|    loss                 | 0.00225     |
|    n_updates            | 3250        |
|    policy_gradient_loss | -0.0165     |
|    value_loss           | 0.179       |
-----------------------------------------
Eval num_timesteps=670000, episode_reward=-3.64 +/- 0.86
Episode length: 35.00 +/- 0.00
------------------------------------------------------
| eval/                                |             |
|    mean_ep_length                    | 35          |
|    mean_reward                       | -3.64       |
| policy/                              |             |
|    ent_coef                          | 0.01        |
|    hold_rate_500                     | 0.947       |
| session/                             |             |
|    london_range_pts                  | 28          |
| time/                                |             |
|    total_timesteps                   | 670000      |
| trade/                               |             |
|    avg_first_trade_duration_min      | 214         |
|    avg_first_trade_entry_delay_an... | 216         |
|    episode_pnl                       | 0.739       |
|    first_trade_is_ny_open_rate       | 0.143       |
|    first_trade_matches_intent_rate   | 0           |
|    first_trade_pnl                   | 4.3         |
|    first_trade_win_rate              | 0.571       |
|    ny_open_trade_rate                | 0.02        |
|    pnl_continuation_days             | 0.591       |
|    pnl_sweep_high_days               | 1.45        |
|    pnl_sweep_low_days                | 0           |
|    trades_per_episode                | 0.26        |
|    win_rate                          | 0.857       |
|    win_rate_continuation             | 0.0909      |
|    win_rate_sweep_days               | 0.176       |
| train/                               |             |
|    approx_kl                         | 0.008219495 |
|    clip_fraction                     | 0.0306      |
|    clip_range                        | 0.2         |
|    entropy_loss                      | -0.0451     |
|    explained_variance                | 0.576       |
|    learning_rate                     | 0.0003      |
|    loss                              | 0.0468      |
|    n_updates                         | 3260        |
|    policy_gradient_loss              | -0.0114     |
|    value_loss                        | 0.167       |
| validation/                          |             |
|    acceptance_passed                 | 0           |
|    avg_first_trade_duration_min      | 178         |
|    avg_first_trade_entry_delay_an... | 221         |
|    first_trade_is_ny_open_rate       | 0.176       |
|    first_trade_matches_intent_rate   | 0.353       |
|    first_trade_win_rate              | 64.7        |
|    ny_open_first_trade_win_rate      | 0           |
|    ny_open_trade_rate                | 0.0261      |
|    pnl_continuation_days             | 0.633       |
|    pnl_sweep_low_days                | 0.643       |
|    profit_factor                     | 1.84        |
|    trades_per_episode                | 0.226       |
|    win_rate                          | 34.6        |
|    win_rate_continuation             | 4.82        |
|    win_rate_sweep_days               | 25          |
------------------------------------------------------
----------------------------------
| session/            |          |
|    london_range_pts | 29.2     |
| time/               |          |
|    fps              | 4        |
|    iterations       | 162      |
|    time_elapsed     | 81041    |
|    total_timesteps  | 671776   |
----------------------------------
-----------------------------------------
| session/                |             |
|    london_range_pts     | 13.9        |
| time/                   |             |
|    fps                  | 4           |
|    iterations           | 163         |
|    time_elapsed         | 81421       |
|    total_timesteps      | 673824      |
| train/                  |             |
|    approx_kl            | 0.010326693 |
|    clip_fraction        | 0.0484      |
|    clip_range           | 0.2         |
|    entropy_loss         | -0.0697     |
|    explained_variance   | 0.754       |
|    learning_rate        | 0.0003      |
|    loss                 | 0.0182      |
|    n_updates            | 3270        |
|    policy_gradient_loss | -0.0144     |
|    value_loss           | 0.148       |
-----------------------------------------
Eval num_timesteps=675000, episode_reward=-4.40 +/- 3.15
Episode length: 35.00 +/- 0.00
------------------------------------------------------
| eval/                                |             |
|    mean_ep_length                    | 35          |
|    mean_reward                       | -4.4        |
| policy/                              |             |
|    ent_coef                          | 0.01        |
|    hold_rate_500                     | 0.935       |
| session/                             |             |
|    london_range_pts                  | 27.4        |
| time/                                |             |
|    total_timesteps                   | 675000      |
| trade/                               |             |
|    avg_first_trade_duration_min      | 210         |
|    avg_first_trade_entry_delay_an... | 211         |
|    episode_pnl                       | 2.26        |
|    first_trade_is_ny_open_rate       | 0.357       |
|    first_trade_matches_intent_rate   | 0.714       |
|    first_trade_pnl                   | 6.45        |
|    first_trade_win_rate              | 0.786       |
|    ny_open_trade_rate                | 0.1         |
|    pnl_continuation_days             | 1.6         |
|    pnl_sweep_high_days               | 2.78        |
|    pnl_sweep_low_days                | 5.96        |
|    trades_per_episode                | 0.38        |
|    win_rate                          | 0.786       |
|    win_rate_continuation             | 0.152       |
|    win_rate_sweep_days               | 0.353       |
| train/                               |             |
|    approx_kl                         | 0.009361194 |
|    clip_fraction                     | 0.0422      |
|    clip_range                        | 0.2         |
|    entropy_loss                      | -0.0635     |
|    explained_variance                | 0.659       |
|    learning_rate                     | 0.0003      |
|    loss                              | 0.00025     |
|    n_updates                         | 3280        |
|    policy_gradient_loss              | -0.0142     |
|    value_loss                        | 0.142       |
------------------------------------------------------
----------------------------------
| session/            |          |
|    london_range_pts | 19       |
| time/               |          |
|    fps              | 4        |
|    iterations       | 164      |
|    time_elapsed     | 81831    |
|    total_timesteps  | 675872   |
----------------------------------
-----------------------------------------
| session/                |             |
|    london_range_pts     | 14.9        |
| time/                   |             |
|    fps                  | 4           |
|    iterations           | 165         |
|    time_elapsed         | 82251       |
|    total_timesteps      | 677920      |
| train/                  |             |
|    approx_kl            | 0.018507954 |
|    clip_fraction        | 0.0748      |
|    clip_range           | 0.2         |
|    entropy_loss         | -0.112      |
|    explained_variance   | 0.63        |
|    learning_rate        | 0.0003      |
|    loss                 | 0.0224      |
|    n_updates            | 3290        |
|    policy_gradient_loss | -0.0255     |
|    value_loss           | 0.241       |
-----------------------------------------
-----------------------------------------
| session/                |             |
|    london_range_pts     | 28.8        |
| time/                   |             |
|    fps                  | 4           |
|    iterations           | 166         |
|    time_elapsed         | 82692       |
|    total_timesteps      | 679968      |
| train/                  |             |
|    approx_kl            | 0.009256853 |
|    clip_fraction        | 0.0394      |
|    clip_range           | 0.2         |
|    entropy_loss         | -0.0593     |
|    explained_variance   | 0.625       |
|    learning_rate        | 0.0003      |
|    loss                 | 0.000839    |
|    n_updates            | 3300        |
|    policy_gradient_loss | -0.015      |
|    value_loss           | 0.141       |
-----------------------------------------
Eval num_timesteps=680000, episode_reward=-3.86 +/- 0.97
Episode length: 35.00 +/- 0.00
------------------------------------------------------
| eval/                                |             |
|    mean_ep_length                    | 35          |
|    mean_reward                       | -3.86       |
| policy/                              |             |
|    ent_coef                          | 0.01        |
|    hold_rate_500                     | 0.925       |
| session/                             |             |
|    london_range_pts                  | 34.7        |
| time/                                |             |
|    total_timesteps                   | 680000      |
| trade/                               |             |
|    avg_first_trade_duration_min      | 117         |
|    avg_first_trade_entry_delay_an... | 307         |
|    episode_pnl                       | 1.56        |
|    first_trade_is_ny_open_rate       | 0           |
|    first_trade_matches_intent_rate   | 0.222       |
|    first_trade_pnl                   | 4.87        |
|    first_trade_win_rate              | 0.667       |
|    ny_open_trade_rate                | 0           |
|    pnl_continuation_days             | 1.93        |
|    pnl_sweep_high_days               | 0.714       |
|    pnl_sweep_low_days                | -0.298      |
|    trades_per_episode                | 0.28        |
|    win_rate                          | 0.556       |
|    win_rate_continuation             | 0.0789      |
|    win_rate_sweep_days               | 0.167       |
| train/                               |             |
|    approx_kl                         | 0.014294887 |
|    clip_fraction                     | 0.0634      |
|    clip_range                        | 0.2         |
|    entropy_loss                      | -0.1        |
|    explained_variance                | 0.714       |
|    learning_rate                     | 0.0003      |
|    loss                              | 0.0286      |
|    n_updates                         | 3310        |
|    policy_gradient_loss              | -0.0207     |
|    value_loss                        | 0.183       |
| validation/                          |             |
|    acceptance_passed                 | 0           |
|    avg_first_trade_duration_min      | 179         |
|    avg_first_trade_entry_delay_an... | 219         |
|    first_trade_is_ny_open_rate       | 0.176       |
|    first_trade_matches_intent_rate   | 0.353       |
|    first_trade_win_rate              | 64.7        |
|    ny_open_first_trade_win_rate      | 0           |
|    ny_open_trade_rate                | 0.0261      |
|    pnl_continuation_days             | 0.633       |
|    pnl_sweep_low_days                | 0.643       |
|    profit_factor                     | 1.88        |
|    trades_per_episode                | 0.235       |
|    win_rate                          | 37          |
|    win_rate_continuation             | 4.82        |
|    win_rate_sweep_days               | 28.1        |
------------------------------------------------------
----------------------------------
| session/            |          |
|    london_range_pts | 15.4     |
| time/               |          |
|    fps              | 4        |
|    iterations       | 167      |
|    time_elapsed     | 83436    |
|    total_timesteps  | 682016   |
----------------------------------
------------------------------------------
| session/                |              |
|    london_range_pts     | 13.3         |
| time/                   |              |
|    fps                  | 4            |
|    iterations           | 168          |
|    time_elapsed         | 83915        |
|    total_timesteps      | 684064       |
| train/                  |              |
|    approx_kl            | 0.0070855506 |
|    clip_fraction        | 0.0394       |
|    clip_range           | 0.2          |
|    entropy_loss         | -0.0593      |
|    explained_variance   | 0.762        |
|    learning_rate        | 0.0003       |
|    loss                 | 0.0206       |
|    n_updates            | 3320         |
|    policy_gradient_loss | -0.0127      |
|    value_loss           | 0.145        |
------------------------------------------
Eval num_timesteps=685000, episode_reward=-2.60 +/- 0.77
Episode length: 35.00 +/- 0.00
------------------------------------------------------
| eval/                                |             |
|    mean_ep_length                    | 35          |
|    mean_reward                       | -2.6        |
| policy/                              |             |
|    ent_coef                          | 0.01        |
|    hold_rate_500                     | 0.939       |
| session/                             |             |
|    london_range_pts                  | 17.4        |
| time/                                |             |
|    total_timesteps                   | 685000      |
| trade/                               |             |
|    avg_first_trade_duration_min      | 148         |
|    avg_first_trade_entry_delay_an... | 304         |
|    episode_pnl                       | 1.25        |
|    first_trade_is_ny_open_rate       | 0           |
|    first_trade_matches_intent_rate   | 0.143       |
|    first_trade_pnl                   | 2.67        |
|    first_trade_win_rate              | 0.714       |
|    ny_open_trade_rate                | 0           |
|    pnl_continuation_days             | 1.07        |
|    pnl_sweep_high_days               | 0.917       |
|    pnl_sweep_low_days                | 2.94        |
|    trades_per_episode                | 0.22        |
|    win_rate                          | 0.857       |
|    win_rate_continuation             | 0.0645      |
|    win_rate_sweep_days               | 0.211       |
| train/                               |             |
|    approx_kl                         | 0.009464176 |
|    clip_fraction                     | 0.0466      |
|    clip_range                        | 0.2         |
|    entropy_loss                      | -0.0694     |
|    explained_variance                | 0.629       |
|    learning_rate                     | 0.0003      |
|    loss                              | 0.0155      |
|    n_updates                         | 3330        |
|    policy_gradient_loss              | -0.0192     |
|    value_loss                        | 0.176       |
------------------------------------------------------
----------------------------------
| session/            |          |
|    london_range_pts | 25.1     |
| time/               |          |
|    fps              | 4        |
|    iterations       | 169      |
|    time_elapsed     | 84382    |
|    total_timesteps  | 686112   |
----------------------------------
------------------------------------------
| session/                |              |
|    london_range_pts     | 44.8         |
| time/                   |              |
|    fps                  | 4            |
|    iterations           | 170          |
|    time_elapsed         | 84729        |
|    total_timesteps      | 688160       |
| train/                  |              |
|    approx_kl            | 0.0063178465 |
|    clip_fraction        | 0.0451       |
|    clip_range           | 0.2          |
|    entropy_loss         | -0.0707      |
|    explained_variance   | 0.722        |
|    learning_rate        | 0.0003       |
|    loss                 | 0.0501       |
|    n_updates            | 3340         |
|    policy_gradient_loss | -0.0164      |
|    value_loss           | 0.17         |
------------------------------------------
Eval num_timesteps=690000, episode_reward=-3.70 +/- 0.62
Episode length: 35.00 +/- 0.00
-------------------------------------------------------
| eval/                                |              |
|    mean_ep_length                    | 35           |
|    mean_reward                       | -3.7         |
| policy/                              |              |
|    ent_coef                          | 0.01         |
|    hold_rate_500                     | 0.932        |
| session/                             |              |
|    london_range_pts                  | 29           |
| time/                                |              |
|    total_timesteps                   | 690000       |
| trade/                               |              |
|    avg_first_trade_duration_min      | 86.2         |
|    avg_first_trade_entry_delay_an... | 328          |
|    episode_pnl                       | 0.802        |
|    first_trade_is_ny_open_rate       | 0            |
|    first_trade_matches_intent_rate   | 0.375        |
|    first_trade_pnl                   | 4.1          |
|    first_trade_win_rate              | 0.625        |
|    ny_open_trade_rate                | 0            |
|    pnl_continuation_days             | 1.4          |
|    pnl_sweep_high_days               | -0.594       |
|    pnl_sweep_low_days                | 0.0743       |
|    trades_per_episode                | 0.22         |
|    win_rate                          | 0.625        |
|    win_rate_continuation             | 0.125        |
|    win_rate_sweep_days               | 0.0556       |
| train/                               |              |
|    approx_kl                         | 0.0053124437 |
|    clip_fraction                     | 0.0367       |
|    clip_range                        | 0.2          |
|    entropy_loss                      | -0.0573      |
|    explained_variance                | 0.72         |
|    learning_rate                     | 0.0003       |
|    loss                              | 0.00203      |
|    n_updates                         | 3350         |
|    policy_gradient_loss              | -0.0099      |
|    value_loss                        | 0.145        |
| validation/                          |              |
|    acceptance_passed                 | 0            |
|    avg_first_trade_duration_min      | 173          |
|    avg_first_trade_entry_delay_an... | 220          |
|    first_trade_is_ny_open_rate       | 0.176        |
|    first_trade_matches_intent_rate   | 0.353        |
|    first_trade_win_rate              | 64.7         |
|    ny_open_first_trade_win_rate      | 0            |
|    ny_open_trade_rate                | 0.0261       |
|    pnl_continuation_days             | 0.633        |
|    pnl_sweep_low_days                | 0.643        |
|    profit_factor                     | 1.69         |
|    trades_per_episode                | 0.226        |
|    win_rate                          | 30.8         |
|    win_rate_continuation             | 4.82         |
|    win_rate_sweep_days               | 25           |
-------------------------------------------------------
----------------------------------
| session/            |          |
|    london_range_pts | 23.6     |
| time/               |          |
|    fps              | 4        |
|    iterations       | 171      |
|    time_elapsed     | 85394    |
|    total_timesteps  | 690208   |
----------------------------------
-----------------------------------------
| session/                |             |
|    london_range_pts     | 38.1        |
| time/                   |             |
|    fps                  | 4           |
|    iterations           | 172         |
|    time_elapsed         | 85768       |
|    total_timesteps      | 692256      |
| train/                  |             |
|    approx_kl            | 0.014894733 |
|    clip_fraction        | 0.0599      |
|    clip_range           | 0.2         |
|    entropy_loss         | -0.0809     |
|    explained_variance   | 0.744       |
|    learning_rate        | 0.0003      |
|    loss                 | 0.0195      |
|    n_updates            | 3360        |
|    policy_gradient_loss | -0.02       |
|    value_loss           | 0.161       |
-----------------------------------------
-----------------------------------------
| session/                |             |
|    london_range_pts     | 23.8        |
| time/                   |             |
|    fps                  | 4           |
|    iterations           | 173         |
|    time_elapsed         | 86175       |
|    total_timesteps      | 694304      |
| train/                  |             |
|    approx_kl            | 0.007269461 |
|    clip_fraction        | 0.0377      |
|    clip_range           | 0.2         |
|    entropy_loss         | -0.0539     |
|    explained_variance   | 0.698       |
|    learning_rate        | 0.0003      |
|    loss                 | 0.00821     |
|    n_updates            | 3370        |
|    policy_gradient_loss | -0.0138     |
|    value_loss           | 0.121       |
-----------------------------------------
Eval num_timesteps=695000, episode_reward=-5.29 +/- 1.31
Episode length: 35.00 +/- 0.00
------------------------------------------------------
| eval/                                |             |
|    mean_ep_length                    | 35          |
|    mean_reward                       | -5.29       |
| policy/                              |             |
|    ent_coef                          | 0.01        |
|    hold_rate_500                     | 0.946       |
| session/                             |             |
|    london_range_pts                  | 25.9        |
| time/                                |             |
|    total_timesteps                   | 695000      |
| trade/                               |             |
|    avg_first_trade_duration_min      | 108         |
|    avg_first_trade_entry_delay_an... | 328         |
|    episode_pnl                       | 1.29        |
|    first_trade_is_ny_open_rate       | 0.111       |
|    first_trade_matches_intent_rate   | 0.222       |
|    first_trade_pnl                   | 2.92        |
|    first_trade_win_rate              | 0.667       |
|    ny_open_trade_rate                | 0.02        |
|    pnl_continuation_days             | 0.628       |
|    pnl_sweep_high_days               | 2.75        |
|    pnl_sweep_low_days                | 1.72        |
|    trades_per_episode                | 0.28        |
|    win_rate                          | 0.667       |
|    win_rate_continuation             | 0.0625      |
|    win_rate_sweep_days               | 0.222       |
| train/                               |             |
|    approx_kl                         | 0.011345228 |
|    clip_fraction                     | 0.0657      |
|    clip_range                        | 0.2         |
|    entropy_loss                      | -0.0936     |
|    explained_variance                | 0.664       |
|    learning_rate                     | 0.0003      |
|    loss                              | 0.0152      |
|    n_updates                         | 3380        |
|    policy_gradient_loss              | -0.0231     |
|    value_loss                        | 0.182       |
------------------------------------------------------
----------------------------------
| session/            |          |
|    london_range_pts | 29.1     |
| time/               |          |
|    fps              | 4        |
|    iterations       | 174      |
|    time_elapsed     | 86605    |
|    total_timesteps  | 696352   |
----------------------------------
------------------------------------------
| session/                |              |
|    london_range_pts     | 20           |
| time/                   |              |
|    fps                  | 4            |
|    iterations           | 175          |
|    time_elapsed         | 87088        |
|    total_timesteps      | 698400       |
| train/                  |              |
|    approx_kl            | 0.0071276547 |
|    clip_fraction        | 0.0426       |
|    clip_range           | 0.2          |
|    entropy_loss         | -0.0568      |
|    explained_variance   | 0.535        |
|    learning_rate        | 0.0003       |
|    loss                 | 0.0173       |
|    n_updates            | 3390         |
|    policy_gradient_loss | -0.0176      |
|    value_loss           | 0.167        |
------------------------------------------
Eval num_timesteps=700000, episode_reward=-4.21 +/- 0.84
Episode length: 35.00 +/- 0.00
------------------------------------------------------
| eval/                                |             |
|    mean_ep_length                    | 35          |
|    mean_reward                       | -4.21       |
| policy/                              |             |
|    ent_coef                          | 0.01        |
|    hold_rate_500                     | 0.929       |
| session/                             |             |
|    london_range_pts                  | 61          |
| time/                                |             |
|    total_timesteps                   | 700000      |
| trade/                               |             |
|    avg_first_trade_duration_min      | 188         |
|    avg_first_trade_entry_delay_an... | 230         |
|    episode_pnl                       | 1.44        |
|    first_trade_is_ny_open_rate       | 0.0769      |
|    first_trade_matches_intent_rate   | 0.154       |
|    first_trade_pnl                   | 3.94        |
|    first_trade_win_rate              | 0.615       |
|    ny_open_trade_rate                | 0.02        |
|    pnl_continuation_days             | 1.21        |
|    pnl_sweep_high_days               | 2.09        |
|    pnl_sweep_low_days                | 2.27        |
|    trades_per_episode                | 0.46        |
|    win_rate                          | 0.846       |
|    win_rate_continuation             | 0.158       |
|    win_rate_sweep_days               | 0.417       |
| train/                               |             |
|    approx_kl                         | 0.008354789 |
|    clip_fraction                     | 0.0431      |
|    clip_range                        | 0.2         |
|    entropy_loss                      | -0.0677     |
|    explained_variance                | 0.652       |
|    learning_rate                     | 0.0003      |
|    loss                              | -0.0166     |
|    n_updates                         | 3400        |
|    policy_gradient_loss              | -0.0147     |
|    value_loss                        | 0.133       |
| validation/                          |             |
|    acceptance_passed                 | 0           |
|    avg_first_trade_duration_min      | 188         |
|    avg_first_trade_entry_delay_an... | 211         |
|    first_trade_is_ny_open_rate       | 0.188       |
|    first_trade_matches_intent_rate   | 0.375       |
|    first_trade_win_rate              | 68.8        |
|    ny_open_first_trade_win_rate      | 0           |
|    ny_open_trade_rate                | 0.0261      |
|    pnl_continuation_days             | 0.633       |
|    pnl_sweep_low_days                | 0.643       |
|    profit_factor                     | 2.06        |
|    trades_per_episode                | 0.217       |
|    win_rate                          | 36          |
|    win_rate_continuation             | 4.82        |
|    win_rate_sweep_days               | 25          |
------------------------------------------------------
----------------------------------
| session/            |          |
|    london_range_pts | 16.2     |
| time/               |          |
|    fps              | 4        |
|    iterations       | 176      |
|    time_elapsed     | 87871    |
|    total_timesteps  | 700448   |
----------------------------------
-----------------------------------------
| session/                |             |
|    london_range_pts     | 17.6        |
| time/                   |             |
|    fps                  | 4           |
|    iterations           | 177         |
|    time_elapsed         | 88397       |
|    total_timesteps      | 702496      |
| train/                  |             |
|    approx_kl            | 0.011903844 |
|    clip_fraction        | 0.0669      |
|    clip_range           | 0.2         |
|    entropy_loss         | -0.105      |
|    explained_variance   | 0.676       |
|    learning_rate        | 0.0003      |
|    loss                 | 0.00544     |
|    n_updates            | 3410        |
|    policy_gradient_loss | -0.0215     |
|    value_loss           | 0.182       |
-----------------------------------------
-----------------------------------------
| session/                |             |
|    london_range_pts     | 50.9        |
| time/                   |             |
|    fps                  | 4           |
|    iterations           | 178         |
|    time_elapsed         | 88894       |
|    total_timesteps      | 704544      |
| train/                  |             |
|    approx_kl            | 0.005821579 |
|    clip_fraction        | 0.0306      |
|    clip_range           | 0.2         |
|    entropy_loss         | -0.0474     |
|    explained_variance   | 0.52        |
|    learning_rate        | 0.0003      |
|    loss                 | 0.00969     |
|    n_updates            | 3420        |
|    policy_gradient_loss | -0.0115     |
|    value_loss           | 0.142       |
-----------------------------------------
Eval num_timesteps=705000, episode_reward=-4.66 +/- 0.22
Episode length: 35.00 +/- 0.00
-------------------------------------------------------
| eval/                                |              |
|    mean_ep_length                    | 35           |
|    mean_reward                       | -4.66        |
| policy/                              |              |
|    ent_coef                          | 0.01         |
|    hold_rate_500                     | 0.956        |
| session/                             |              |
|    london_range_pts                  | 25.3         |
| time/                                |              |
|    total_timesteps                   | 705000       |
| trade/                               |              |
|    avg_first_trade_duration_min      | 148          |
|    avg_first_trade_entry_delay_an... | 312          |
|    episode_pnl                       | 1.64         |
|    first_trade_is_ny_open_rate       | 0.111        |
|    first_trade_matches_intent_rate   | 0.333        |
|    first_trade_pnl                   | 3.73         |
|    first_trade_win_rate              | 0.667        |
|    ny_open_trade_rate                | 0.02         |
|    pnl_continuation_days             | 2.05         |
|    pnl_sweep_high_days               | 0.838        |
|    pnl_sweep_low_days                | 0            |
|    trades_per_episode                | 0.26         |
|    win_rate                          | 0.778        |
|    win_rate_continuation             | 0.139        |
|    win_rate_sweep_days               | 0.143        |
| train/                               |              |
|    approx_kl                         | 0.0068051843 |
|    clip_fraction                     | 0.0292       |
|    clip_range                        | 0.2          |
|    entropy_loss                      | -0.0384      |
|    explained_variance                | 0.672        |
|    learning_rate                     | 0.0003       |
|    loss                              | 0.0151       |
|    n_updates                         | 3430         |
|    policy_gradient_loss              | -0.0108      |
|    value_loss                        | 0.13         |
-------------------------------------------------------
----------------------------------
| session/            |          |
|    london_range_pts | 25.3     |
| time/               |          |
|    fps              | 4        |
|    iterations       | 179      |
|    time_elapsed     | 89304    |
|    total_timesteps  | 706592   |
----------------------------------
-----------------------------------------
| session/                |             |
|    london_range_pts     | 51.5        |
| time/                   |             |
|    fps                  | 4           |
|    iterations           | 180         |
|    time_elapsed         | 89704       |
|    total_timesteps      | 708640      |
| train/                  |             |
|    approx_kl            | 0.013560856 |
|    clip_fraction        | 0.0671      |
|    clip_range           | 0.2         |
|    entropy_loss         | -0.108      |
|    explained_variance   | 0.657       |
|    learning_rate        | 0.0003      |
|    loss                 | 0.0363      |
|    n_updates            | 3440        |
|    policy_gradient_loss | -0.0184     |
|    value_loss           | 0.182       |
-----------------------------------------
Eval num_timesteps=710000, episode_reward=-3.21 +/- 2.34
Episode length: 35.00 +/- 0.00
-------------------------------------------------------
| eval/                                |              |
|    mean_ep_length                    | 35           |
|    mean_reward                       | -3.21        |
| policy/                              |              |
|    ent_coef                          | 0.01         |
|    hold_rate_500                     | 0.95         |
| session/                             |              |
|    london_range_pts                  | 25.1         |
| time/                                |              |
|    total_timesteps                   | 710000       |
| trade/                               |              |
|    avg_first_trade_duration_min      | 210          |
|    avg_first_trade_entry_delay_an... | 188          |
|    episode_pnl                       | 0.878        |
|    first_trade_is_ny_open_rate       | 0.25         |
|    first_trade_matches_intent_rate   | 0.25         |
|    first_trade_pnl                   | 6.33         |
|    first_trade_win_rate              | 1            |
|    ny_open_trade_rate                | 0.02         |
|    pnl_continuation_days             | 0.608        |
|    pnl_sweep_high_days               | 2.06         |
|    pnl_sweep_low_days                | 0            |
|    trades_per_episode                | 0.16         |
|    win_rate                          | 1            |
|    win_rate_continuation             | 0.0286       |
|    win_rate_sweep_days               | 0.2          |
| train/                               |              |
|    approx_kl                         | 0.0075455997 |
|    clip_fraction                     | 0.0446       |
|    clip_range                        | 0.2          |
|    entropy_loss                      | -0.0703      |
|    explained_variance                | 0.608        |
|    learning_rate                     | 0.0003       |
|    loss                              | -0.012       |
|    n_updates                         | 3450         |
|    policy_gradient_loss              | -0.0165      |
|    value_loss                        | 0.155        |
| validation/                          |              |
|    acceptance_passed                 | 0            |
|    avg_first_trade_duration_min      | 172          |
|    avg_first_trade_entry_delay_an... | 223          |
|    first_trade_is_ny_open_rate       | 0.118        |
|    first_trade_matches_intent_rate   | 0.412        |
|    first_trade_win_rate              | 64.7         |
|    ny_open_first_trade_win_rate      | 0            |
|    ny_open_trade_rate                | 0.0174       |
|    pnl_continuation_days             | 0.633        |
|    pnl_sweep_low_days                | 0.643        |
|    profit_factor                     | 1.91         |
|    trades_per_episode                | 0.235        |
|    win_rate                          | 37           |
|    win_rate_continuation             | 4.82         |
|    win_rate_sweep_days               | 28.1         |
-------------------------------------------------------
----------------------------------
| session/            |          |
|    london_range_pts | 15.8     |
| time/               |          |
|    fps              | 4        |
|    iterations       | 181      |
|    time_elapsed     | 90428    |
|    total_timesteps  | 710688   |
----------------------------------
------------------------------------------
| session/                |              |
|    london_range_pts     | 21.3         |
| time/                   |              |
|    fps                  | 4            |
|    iterations           | 182          |
|    time_elapsed         | 90845        |
|    total_timesteps      | 712736       |
| train/                  |              |
|    approx_kl            | 0.0050387047 |
|    clip_fraction        | 0.0286       |
|    clip_range           | 0.2          |
|    entropy_loss         | -0.0435      |
|    explained_variance   | 0.767        |
|    learning_rate        | 0.0003       |
|    loss                 | 0.0182       |
|    n_updates            | 3460         |
|    policy_gradient_loss | -0.0106      |
|    value_loss           | 0.101        |
------------------------------------------
-----------------------------------------
| session/                |             |
|    london_range_pts     | 17.6        |
| time/                   |             |
|    fps                  | 4           |
|    iterations           | 183         |
|    time_elapsed         | 91278       |
|    total_timesteps      | 714784      |
| train/                  |             |
|    approx_kl            | 0.008458368 |
|    clip_fraction        | 0.0381      |
|    clip_range           | 0.2         |
|    entropy_loss         | -0.0549     |
|    explained_variance   | 0.719       |
|    learning_rate        | 0.0003      |
|    loss                 | 0.00472     |
|    n_updates            | 3470        |
|    policy_gradient_loss | -0.0128     |
|    value_loss           | 0.125       |
-----------------------------------------
Eval num_timesteps=715000, episode_reward=-4.49 +/- 0.17
Episode length: 35.00 +/- 0.00
-------------------------------------------------------
| eval/                                |              |
|    mean_ep_length                    | 35           |
|    mean_reward                       | -4.49        |
| policy/                              |              |
|    ent_coef                          | 0.01         |
|    hold_rate_500                     | 0.958        |
| session/                             |              |
|    london_range_pts                  | 54.1         |
| time/                                |              |
|    total_timesteps                   | 715000       |
| trade/                               |              |
|    avg_first_trade_duration_min      | 135          |
|    avg_first_trade_entry_delay_an... | 290          |
|    episode_pnl                       | 0.0767       |
|    first_trade_is_ny_open_rate       | 0            |
|    first_trade_matches_intent_rate   | 0            |
|    first_trade_pnl                   | -0.908       |
|    first_trade_win_rate              | 0.333        |
|    ny_open_trade_rate                | 0            |
|    pnl_continuation_days             | 0.455        |
|    pnl_sweep_high_days               | -1.07        |
|    pnl_sweep_low_days                | 0            |
|    trades_per_episode                | 0.12         |
|    win_rate                          | 0.333        |
|    win_rate_continuation             | 0.0312       |
|    win_rate_sweep_days               | 0            |
| train/                               |              |
|    approx_kl                         | 0.0027035114 |
|    clip_fraction                     | 0.0156       |
|    clip_range                        | 0.2          |
|    entropy_loss                      | -0.0216      |
|    explained_variance                | 0.784        |
|    learning_rate                     | 0.0003       |
|    loss                              | 0.0107       |
|    n_updates                         | 3480         |
|    policy_gradient_loss              | -0.00497     |
|    value_loss                        | 0.0857       |
-------------------------------------------------------
----------------------------------
| session/            |          |
|    london_range_pts | 28.9     |
| time/               |          |
|    fps              | 4        |
|    iterations       | 184      |
|    time_elapsed     | 91726    |
|    total_timesteps  | 716832   |
----------------------------------
-----------------------------------------
| session/                |             |
|    london_range_pts     | 30.5        |
| time/                   |             |
|    fps                  | 4           |
|    iterations           | 185         |
|    time_elapsed         | 92286       |
|    total_timesteps      | 718880      |
| train/                  |             |
|    approx_kl            | 0.009503283 |
|    clip_fraction        | 0.0419      |
|    clip_range           | 0.2         |
|    entropy_loss         | -0.0549     |
|    explained_variance   | 0.705       |
|    learning_rate        | 0.0003      |
|    loss                 | 0.0188      |
|    n_updates            | 3490        |
|    policy_gradient_loss | -0.0139     |
|    value_loss           | 0.132       |
-----------------------------------------
Eval num_timesteps=720000, episode_reward=-4.62 +/- 0.60
Episode length: 35.00 +/- 0.00
-------------------------------------------------------
| eval/                                |              |
|    mean_ep_length                    | 35           |
|    mean_reward                       | -4.62        |
| policy/                              |              |
|    ent_coef                          | 0.01         |
|    hold_rate_500                     | 0.95         |
| session/                             |              |
|    london_range_pts                  | 23           |
| time/                                |              |
|    total_timesteps                   | 720000       |
| trade/                               |              |
|    avg_first_trade_duration_min      | 127          |
|    avg_first_trade_entry_delay_an... | 260          |
|    episode_pnl                       | 0.623        |
|    first_trade_is_ny_open_rate       | 0.111        |
|    first_trade_matches_intent_rate   | 0.333        |
|    first_trade_pnl                   | 0.247        |
|    first_trade_win_rate              | 0.444        |
|    ny_open_trade_rate                | 0.02         |
|    pnl_continuation_days             | 0.67         |
|    pnl_sweep_high_days               | 0.5          |
|    pnl_sweep_low_days                | 0.522        |
|    trades_per_episode                | 0.42         |
|    win_rate                          | 0.667        |
|    win_rate_continuation             | 0.114        |
|    win_rate_sweep_days               | 0.133        |
| train/                               |              |
|    approx_kl                         | 0.0066906726 |
|    clip_fraction                     | 0.0398       |
|    clip_range                        | 0.2          |
|    entropy_loss                      | -0.0587      |
|    explained_variance                | 0.689        |
|    learning_rate                     | 0.0003       |
|    loss                              | 0.0178       |
|    n_updates                         | 3500         |
|    policy_gradient_loss              | -0.0148      |
|    value_loss                        | 0.123        |
| validation/                          |              |
|    acceptance_passed                 | 0            |
|    avg_first_trade_duration_min      | 178          |
|    avg_first_trade_entry_delay_an... | 218          |
|    first_trade_is_ny_open_rate       | 0.188        |
|    first_trade_matches_intent_rate   | 0.375        |
|    first_trade_win_rate              | 62.5         |
|    ny_open_first_trade_win_rate      | 0            |
|    ny_open_trade_rate                | 0.0261       |
|    pnl_continuation_days             | 0.633        |
|    pnl_sweep_low_days                | -0.404       |
|    profit_factor                     | 1.5          |
|    trades_per_episode                | 0.209        |
|    win_rate                          | 29.2         |
|    win_rate_continuation             | 4.82         |
|    win_rate_sweep_days               | 21.9         |
-------------------------------------------------------
----------------------------------
| session/            |          |
|    london_range_pts | 18       |
| time/               |          |
|    fps              | 4        |
|    iterations       | 186      |
|    time_elapsed     | 93123    |
|    total_timesteps  | 720928   |
----------------------------------
----------------------------------------
| session/                |            |
|    london_range_pts     | 60.9       |
| time/                   |            |
|    fps                  | 4          |
|    iterations           | 187        |
|    time_elapsed         | 93597      |
|    total_timesteps      | 722976     |
| train/                  |            |
|    approx_kl            | 0.01018683 |
|    clip_fraction        | 0.0392     |
|    clip_range           | 0.2        |
|    entropy_loss         | -0.0552    |
|    explained_variance   | 0.671      |
|    learning_rate        | 0.0003     |
|    loss                 | 0.0107     |
|    n_updates            | 3510       |
|    policy_gradient_loss | -0.0114    |
|    value_loss           | 0.141      |
----------------------------------------
Eval num_timesteps=725000, episode_reward=-4.22 +/- 0.97
Episode length: 35.00 +/- 0.00
------------------------------------------------------
| eval/                                |             |
|    mean_ep_length                    | 35          |
|    mean_reward                       | -4.22       |
| policy/                              |             |
|    ent_coef                          | 0.01        |
|    hold_rate_500                     | 0.953       |
| session/                             |             |
|    london_range_pts                  | 51.5        |
| time/                                |             |
|    total_timesteps                   | 725000      |
| trade/                               |             |
|    avg_first_trade_duration_min      | 90          |
|    avg_first_trade_entry_delay_an... | 260         |
|    episode_pnl                       | 0.854       |
|    first_trade_is_ny_open_rate       | 0.167       |
|    first_trade_matches_intent_rate   | 0.5         |
|    first_trade_pnl                   | 2.08        |
|    first_trade_win_rate              | 0.667       |
|    ny_open_trade_rate                | 0.02        |
|    pnl_continuation_days             | 1.01        |
|    pnl_sweep_high_days               | 0.608       |
|    pnl_sweep_low_days                | 0           |
|    trades_per_episode                | 0.28        |
|    win_rate                          | 0.833       |
|    win_rate_continuation             | 0.0789      |
|    win_rate_sweep_days               | 0.167       |
| train/                               |             |
|    approx_kl                         | 0.009051742 |
|    clip_fraction                     | 0.0352      |
|    clip_range                        | 0.2         |
|    entropy_loss                      | -0.0622     |
|    explained_variance                | 0.64        |
|    learning_rate                     | 0.0003      |
|    loss                              | 0.0251      |
|    n_updates                         | 3520        |
|    policy_gradient_loss              | -0.0125     |
|    value_loss                        | 0.169       |
------------------------------------------------------
----------------------------------
| session/            |          |
|    london_range_pts | 51.5     |
| time/               |          |
|    fps              | 4        |
|    iterations       | 188      |
|    time_elapsed     | 94002    |
|    total_timesteps  | 725024   |
----------------------------------
-----------------------------------------
| session/                |             |
|    london_range_pts     | 18.7        |
| time/                   |             |
|    fps                  | 4           |
|    iterations           | 189         |
|    time_elapsed         | 94417       |
|    total_timesteps      | 727072      |
| train/                  |             |
|    approx_kl            | 0.011177726 |
|    clip_fraction        | 0.0249      |
|    clip_range           | 0.2         |
|    entropy_loss         | -0.0313     |
|    explained_variance   | 0.697       |
|    learning_rate        | 0.0003      |
|    loss                 | 0.0136      |
|    n_updates            | 3530        |
|    policy_gradient_loss | -0.00961    |
|    value_loss           | 0.118       |
-----------------------------------------
----------------------------------------
| session/                |            |
|    london_range_pts     | 32.9       |
| time/                   |            |
|    fps                  | 4          |
|    iterations           | 190        |
|    time_elapsed         | 94802      |
|    total_timesteps      | 729120     |
| train/                  |            |
|    approx_kl            | 0.00730214 |
|    clip_fraction        | 0.0395     |
|    clip_range           | 0.2        |
|    entropy_loss         | -0.0566    |
|    explained_variance   | 0.792      |
|    learning_rate        | 0.0003     |
|    loss                 | -0.00902   |
|    n_updates            | 3540       |
|    policy_gradient_loss | -0.0112    |
|    value_loss           | 0.108      |
----------------------------------------
Eval num_timesteps=730000, episode_reward=-3.87 +/- 1.17
Episode length: 35.00 +/- 0.00
------------------------------------------------------
| eval/                                |             |
|    mean_ep_length                    | 35          |
|    mean_reward                       | -3.87       |
| policy/                              |             |
|    ent_coef                          | 0.01        |
|    hold_rate_500                     | 0.945       |
| session/                             |             |
|    london_range_pts                  | 21          |
| time/                                |             |
|    total_timesteps                   | 730000      |
| trade/                               |             |
|    avg_first_trade_duration_min      | 225         |
|    avg_first_trade_entry_delay_an... | 202         |
|    episode_pnl                       | 1.01        |
|    first_trade_is_ny_open_rate       | 0.111       |
|    first_trade_matches_intent_rate   | 0.222       |
|    first_trade_pnl                   | 6.37        |
|    first_trade_win_rate              | 0.778       |
|    ny_open_trade_rate                | 0.02        |
|    pnl_continuation_days             | 1.65        |
|    pnl_sweep_high_days               | -0.524      |
|    pnl_sweep_low_days                | -0.158      |
|    trades_per_episode                | 0.28        |
|    win_rate                          | 0.667       |
|    win_rate_continuation             | 0.147       |
|    win_rate_sweep_days               | 0.0625      |
| train/                               |             |
|    approx_kl                         | 0.008231657 |
|    clip_fraction                     | 0.049       |
|    clip_range                        | 0.2         |
|    entropy_loss                      | -0.0855     |
|    explained_variance                | 0.689       |
|    learning_rate                     | 0.0003      |
|    loss                              | 0.0117      |
|    n_updates                         | 3550        |
|    policy_gradient_loss              | -0.015      |
|    value_loss                        | 0.158       |
| validation/                          |             |
|    acceptance_passed                 | 0           |
|    avg_first_trade_duration_min      | 176         |
|    avg_first_trade_entry_delay_an... | 215         |
|    first_trade_is_ny_open_rate       | 0.176       |
|    first_trade_matches_intent_rate   | 0.353       |
|    first_trade_win_rate              | 64.7        |
|    ny_open_first_trade_win_rate      | 0           |
|    ny_open_trade_rate                | 0.0261      |
|    pnl_continuation_days             | 0.633       |
|    pnl_sweep_low_days                | 0.643       |
|    profit_factor                     | 1.72        |
|    trades_per_episode                | 0.235       |
|    win_rate                          | 33.3        |
|    win_rate_continuation             | 4.82        |
|    win_rate_sweep_days               | 28.1        |
------------------------------------------------------
----------------------------------
| session/            |          |
|    london_range_pts | 22.9     |
| time/               |          |
|    fps              | 4        |
|    iterations       | 191      |
|    time_elapsed     | 95429    |
|    total_timesteps  | 731168   |
----------------------------------
-----------------------------------------
| session/                |             |
|    london_range_pts     | 28.2        |
| time/                   |             |
|    fps                  | 4           |
|    iterations           | 192         |
|    time_elapsed         | 95788       |
|    total_timesteps      | 733216      |
| train/                  |             |
|    approx_kl            | 0.008092779 |
|    clip_fraction        | 0.0395      |
|    clip_range           | 0.2         |
|    entropy_loss         | -0.0512     |
|    explained_variance   | 0.78        |
|    learning_rate        | 0.0003      |
|    loss                 | -0.00313    |
|    n_updates            | 3560        |
|    policy_gradient_loss | -0.0123     |
|    value_loss           | 0.085       |
-----------------------------------------
Eval num_timesteps=735000, episode_reward=-4.03 +/- 0.76
Episode length: 35.00 +/- 0.00
------------------------------------------------------
| eval/                                |             |
|    mean_ep_length                    | 35          |
|    mean_reward                       | -4.03       |
| policy/                              |             |
|    ent_coef                          | 0.01        |
|    hold_rate_500                     | 0.94        |
| session/                             |             |
|    london_range_pts                  | 29.8        |
| time/                                |             |
|    total_timesteps                   | 735000      |
| trade/                               |             |
|    avg_first_trade_duration_min      | 107         |
|    avg_first_trade_entry_delay_an... | 259         |
|    episode_pnl                       | 1.54        |
|    first_trade_is_ny_open_rate       | 0           |
|    first_trade_matches_intent_rate   | 0.375       |
|    first_trade_pnl                   | 5.59        |
|    first_trade_win_rate              | 0.875       |
|    ny_open_trade_rate                | 0           |
|    pnl_continuation_days             | 1.55        |
|    pnl_sweep_high_days               | 1           |
|    pnl_sweep_low_days                | 3.45        |
|    trades_per_episode                | 0.26        |
|    win_rate                          | 0.875       |
|    win_rate_continuation             | 0.152       |
|    win_rate_sweep_days               | 0.118       |
| train/                               |             |
|    approx_kl                         | 0.014471329 |
|    clip_fraction                     | 0.0665      |
|    clip_range                        | 0.2         |
|    entropy_loss                      | -0.107      |
|    explained_variance                | 0.626       |
|    learning_rate                     | 0.0003      |
|    loss                              | -0.00126    |
|    n_updates                         | 3570        |
|    policy_gradient_loss              | -0.0224     |
|    value_loss                        | 0.163       |
------------------------------------------------------
----------------------------------
| session/            |          |
|    london_range_pts | 30.4     |
| time/               |          |
|    fps              | 4        |
|    iterations       | 193      |
|    time_elapsed     | 96218    |
|    total_timesteps  | 735264   |
----------------------------------
------------------------------------------
| session/                |              |
|    london_range_pts     | 20.8         |
| time/                   |              |
|    fps                  | 4            |
|    iterations           | 194          |
|    time_elapsed         | 96637        |
|    total_timesteps      | 737312       |
| train/                  |              |
|    approx_kl            | 0.0059551215 |
|    clip_fraction        | 0.0359       |
|    clip_range           | 0.2          |
|    entropy_loss         | -0.0615      |
|    explained_variance   | 0.782        |
|    learning_rate        | 0.0003       |
|    loss                 | -0.00285     |
|    n_updates            | 3580         |
|    policy_gradient_loss | -0.0115      |
|    value_loss           | 0.101        |
------------------------------------------
------------------------------------------
| session/                |              |
|    london_range_pts     | 28.7         |
| time/                   |              |
|    fps                  | 4            |
|    iterations           | 195          |
|    time_elapsed         | 97083        |
|    total_timesteps      | 739360       |
| train/                  |              |
|    approx_kl            | 0.0033518374 |
|    clip_fraction        | 0.0225       |
|    clip_range           | 0.2          |
|    entropy_loss         | -0.0304      |
|    explained_variance   | 0.797        |
|    learning_rate        | 0.0003       |
|    loss                 | 0.0219       |
|    n_updates            | 3590         |
|    policy_gradient_loss | -0.00927     |
|    value_loss           | 0.102        |
------------------------------------------
Eval num_timesteps=740000, episode_reward=-4.78 +/- 2.33
Episode length: 35.00 +/- 0.00
------------------------------------------------------
| eval/                                |             |
|    mean_ep_length                    | 35          |
|    mean_reward                       | -4.78       |
| policy/                              |             |
|    ent_coef                          | 0.01        |
|    hold_rate_500                     | 0.947       |
| session/                             |             |
|    london_range_pts                  | 32.3        |
| time/                                |             |
|    total_timesteps                   | 740000      |
| trade/                               |             |
|    avg_first_trade_duration_min      | 127         |
|    avg_first_trade_entry_delay_an... | 252         |
|    episode_pnl                       | 2.97        |
|    first_trade_is_ny_open_rate       | 0.167       |
|    first_trade_matches_intent_rate   | 0.278       |
|    first_trade_pnl                   | 3.64        |
|    first_trade_win_rate              | 0.722       |
|    ny_open_trade_rate                | 0.06        |
|    pnl_continuation_days             | 3.03        |
|    pnl_sweep_high_days               | 2.64        |
|    pnl_sweep_low_days                | 3.26        |
|    trades_per_episode                | 0.68        |
|    win_rate                          | 0.833       |
|    win_rate_continuation             | 0.161       |
|    win_rate_sweep_days               | 0.526       |
| train/                               |             |
|    approx_kl                         | 0.014484207 |
|    clip_fraction                     | 0.0579      |
|    clip_range                        | 0.2         |
|    entropy_loss                      | -0.0847     |
|    explained_variance                | 0.575       |
|    learning_rate                     | 0.0003      |
|    loss                              | 0.00801     |
|    n_updates                         | 3600        |
|    policy_gradient_loss              | -0.0167     |
|    value_loss                        | 0.152       |
| validation/                          |             |
|    acceptance_passed                 | 0           |
|    avg_first_trade_duration_min      | 174         |
|    avg_first_trade_entry_delay_an... | 218         |
|    first_trade_is_ny_open_rate       | 0.176       |
|    first_trade_matches_intent_rate   | 0.353       |
|    first_trade_win_rate              | 64.7        |
|    ny_open_first_trade_win_rate      | 0           |
|    ny_open_trade_rate                | 0.0261      |
|    pnl_continuation_days             | 0.638       |
|    pnl_sweep_low_days                | 0.643       |
|    profit_factor                     | 1.72        |
|    trades_per_episode                | 0.235       |
|    win_rate                          | 33.3        |
|    win_rate_continuation             | 4.82        |
|    win_rate_sweep_days               | 28.1        |
------------------------------------------------------
----------------------------------
| session/            |          |
|    london_range_pts | 29.6     |
| time/               |          |
|    fps              | 4        |
|    iterations       | 196      |
|    time_elapsed     | 97831    |
|    total_timesteps  | 741408   |
----------------------------------
-----------------------------------------
| session/                |             |
|    london_range_pts     | 24.6        |
| time/                   |             |
|    fps                  | 4           |
|    iterations           | 197         |
|    time_elapsed         | 98190       |
|    total_timesteps      | 743456      |
| train/                  |             |
|    approx_kl            | 0.013943957 |
|    clip_fraction        | 0.0588      |
|    clip_range           | 0.2         |
|    entropy_loss         | -0.0828     |
|    explained_variance   | 0.671       |
|    learning_rate        | 0.0003      |
|    loss                 | -0.00567    |
|    n_updates            | 3610        |
|    policy_gradient_loss | -0.0208     |
|    value_loss           | 0.146       |
-----------------------------------------
Eval num_timesteps=745000, episode_reward=-3.03 +/- 2.08
Episode length: 35.00 +/- 0.00
------------------------------------------------------
| eval/                                |             |
|    mean_ep_length                    | 35          |
|    mean_reward                       | -3.03       |
| policy/                              |             |
|    ent_coef                          | 0.01        |
|    hold_rate_500                     | 0.956       |
| session/                             |             |
|    london_range_pts                  | 26.6        |
| time/                                |             |
|    total_timesteps                   | 745000      |
| trade/                               |             |
|    avg_first_trade_duration_min      | 145         |
|    avg_first_trade_entry_delay_an... | 230         |
|    episode_pnl                       | 0.277       |
|    first_trade_is_ny_open_rate       | 0.333       |
|    first_trade_matches_intent_rate   | 0.167       |
|    first_trade_pnl                   | 2.21        |
|    first_trade_win_rate              | 0.667       |
|    ny_open_trade_rate                | 0.04        |
|    pnl_continuation_days             | 0.417       |
|    pnl_sweep_high_days               | 0.144       |
|    pnl_sweep_low_days                | -0.543      |
|    trades_per_episode                | 0.16        |
|    win_rate                          | 0.667       |
|    win_rate_continuation             | 0.103       |
|    win_rate_sweep_days               | 0.0476      |
| train/                               |             |
|    approx_kl                         | 0.008683044 |
|    clip_fraction                     | 0.044       |
|    clip_range                        | 0.2         |
|    entropy_loss                      | -0.0611     |
|    explained_variance                | 0.682       |
|    learning_rate                     | 0.0003      |
|    loss                              | 0.000287    |
|    n_updates                         | 3620        |
|    policy_gradient_loss              | -0.014      |
|    value_loss                        | 0.126       |
------------------------------------------------------
----------------------------------
| session/            |          |
|    london_range_pts | 13.9     |
| time/               |          |
|    fps              | 4        |
|    iterations       | 198      |
|    time_elapsed     | 98583    |
|    total_timesteps  | 745504   |
----------------------------------
-----------------------------------------
| session/                |             |
|    london_range_pts     | 16.1        |
| time/                   |             |
|    fps                  | 4           |
|    iterations           | 199         |
|    time_elapsed         | 98998       |
|    total_timesteps      | 747552      |
| train/                  |             |
|    approx_kl            | 0.011634878 |
|    clip_fraction        | 0.042       |
|    clip_range           | 0.2         |
|    entropy_loss         | -0.0598     |
|    explained_variance   | 0.659       |
|    learning_rate        | 0.0003      |
|    loss                 | 0.0203      |
|    n_updates            | 3630        |
|    policy_gradient_loss | -0.0149     |
|    value_loss           | 0.123       |
-----------------------------------------
-----------------------------------------
| session/                |             |
|    london_range_pts     | 21.5        |
| time/                   |             |
|    fps                  | 4           |
|    iterations           | 200         |
|    time_elapsed         | 99411       |
|    total_timesteps      | 749600      |
| train/                  |             |
|    approx_kl            | 0.007826889 |
|    clip_fraction        | 0.0326      |
|    clip_range           | 0.2         |
|    entropy_loss         | -0.0511     |
|    explained_variance   | 0.702       |
|    learning_rate        | 0.0003      |
|    loss                 | 0.0159      |
|    n_updates            | 3640        |
|    policy_gradient_loss | -0.0115     |
|    value_loss           | 0.16        |
-----------------------------------------
Eval num_timesteps=750000, episode_reward=-3.30 +/- 0.61
Episode length: 35.00 +/- 0.00
-------------------------------------------------------
| eval/                                |              |
|    mean_ep_length                    | 35           |
|    mean_reward                       | -3.3         |
| policy/                              |              |
|    ent_coef                          | 0.01         |
|    hold_rate_500                     | 0.953        |
| session/                             |              |
|    london_range_pts                  | 21           |
| time/                                |              |
|    total_timesteps                   | 750000       |
| trade/                               |              |
|    avg_first_trade_duration_min      | 182          |
|    avg_first_trade_entry_delay_an... | 259          |
|    episode_pnl                       | 0.531        |
|    first_trade_is_ny_open_rate       | 0.143        |
|    first_trade_matches_intent_rate   | 0.143        |
|    first_trade_pnl                   | 1.51         |
|    first_trade_win_rate              | 0.571        |
|    ny_open_trade_rate                | 0.02         |
|    pnl_continuation_days             | 0.938        |
|    pnl_sweep_high_days               | -0.698       |
|    pnl_sweep_low_days                | 0            |
|    trades_per_episode                | 0.22         |
|    win_rate                          | 0.571        |
|    win_rate_continuation             | 0.0857       |
|    win_rate_sweep_days               | 0.0667       |
| train/                               |              |
|    approx_kl                         | 0.0040835394 |
|    clip_fraction                     | 0.0216       |
|    clip_range                        | 0.2          |
|    entropy_loss                      | -0.0368      |
|    explained_variance                | 0.808        |
|    learning_rate                     | 0.0003       |
|    loss                              | 0.00599      |
|    n_updates                         | 3650         |
|    policy_gradient_loss              | -0.00664     |
|    value_loss                        | 0.101        |
| validation/                          |              |
|    acceptance_passed                 | 0            |
|    avg_first_trade_duration_min      | 180          |
|    avg_first_trade_entry_delay_an... | 227          |
|    first_trade_is_ny_open_rate       | 0.176        |
|    first_trade_matches_intent_rate   | 0.353        |
|    first_trade_win_rate              | 64.7         |
|    ny_open_first_trade_win_rate      | 0            |
|    ny_open_trade_rate                | 0.0261       |
|    pnl_continuation_days             | 0.578        |
|    pnl_sweep_low_days                | 0.643        |
|    profit_factor                     | 1.69         |
|    trades_per_episode                | 0.217        |
|    win_rate                          | 32           |
|    win_rate_continuation             | 4.82         |
|    win_rate_sweep_days               | 25           |
-------------------------------------------------------
----------------------------------
| session/            |          |
|    london_range_pts | 22.6     |
| time/               |          |
|    fps              | 4        |
|    iterations       | 201      |
|    time_elapsed     | 100128   |
|    total_timesteps  | 751648   |
----------------------------------
-----------------------------------------
| session/                |             |
|    london_range_pts     | 23.6        |
| time/                   |             |
|    fps                  | 4           |
|    iterations           | 202         |
|    time_elapsed         | 100578      |
|    total_timesteps      | 753696      |
| train/                  |             |
|    approx_kl            | 0.008736355 |
|    clip_fraction        | 0.0415      |
|    clip_range           | 0.2         |
|    entropy_loss         | -0.0673     |
|    explained_variance   | 0.597       |
|    learning_rate        | 0.0003      |
|    loss                 | 0.075       |
|    n_updates            | 3660        |
|    policy_gradient_loss | -0.0148     |
|    value_loss           | 0.206       |
-----------------------------------------
Eval num_timesteps=755000, episode_reward=-3.84 +/- 0.93
Episode length: 35.00 +/- 0.00
------------------------------------------------------
| eval/                                |             |
|    mean_ep_length                    | 35          |
|    mean_reward                       | -3.84       |
| policy/                              |             |
|    ent_coef                          | 0.01        |
|    hold_rate_500                     | 0.954       |
| session/                             |             |
|    london_range_pts                  | 20          |
| time/                                |             |
|    total_timesteps                   | 755000      |
| trade/                               |             |
|    avg_first_trade_duration_min      | 83.6        |
|    avg_first_trade_entry_delay_an... | 291         |
|    episode_pnl                       | 0.127       |
|    first_trade_is_ny_open_rate       | 0           |
|    first_trade_matches_intent_rate   | 0.429       |
|    first_trade_pnl                   | -1.03       |
|    first_trade_win_rate              | 0.286       |
|    ny_open_trade_rate                | 0           |
|    pnl_continuation_days             | 0.0152      |
|    pnl_sweep_high_days               | 0.33        |
|    pnl_sweep_low_days                | 0.322       |
|    trades_per_episode                | 0.28        |
|    win_rate                          | 0.571       |
|    win_rate_continuation             | 0.0625      |
|    win_rate_sweep_days               | 0.111       |
| train/                               |             |
|    approx_kl                         | 0.015549865 |
|    clip_fraction                     | 0.0345      |
|    clip_range                        | 0.2         |
|    entropy_loss                      | -0.0452     |
|    explained_variance                | 0.698       |
|    learning_rate                     | 0.0003      |
|    loss                              | 0.0109      |
|    n_updates                         | 3670        |
|    policy_gradient_loss              | -0.0116     |
|    value_loss                        | 0.133       |
------------------------------------------------------
----------------------------------
| session/            |          |
|    london_range_pts | 21.4     |
| time/               |          |
|    fps              | 4        |
|    iterations       | 203      |
|    time_elapsed     | 101115   |
|    total_timesteps  | 755744   |
----------------------------------
-----------------------------------------
| session/                |             |
|    london_range_pts     | 23.4        |
| time/                   |             |
|    fps                  | 4           |
|    iterations           | 204         |
|    time_elapsed         | 101621      |
|    total_timesteps      | 757792      |
| train/                  |             |
|    approx_kl            | 0.012399616 |
|    clip_fraction        | 0.0432      |
|    clip_range           | 0.2         |
|    entropy_loss         | -0.0636     |
|    explained_variance   | 0.654       |
|    learning_rate        | 0.0003      |
|    loss                 | 0.00886     |
|    n_updates            | 3680        |
|    policy_gradient_loss | -0.0117     |
|    value_loss           | 0.143       |
-----------------------------------------
-----------------------------------------
| session/                |             |
|    london_range_pts     | 33.5        |
| time/                   |             |
|    fps                  | 4           |
|    iterations           | 205         |
|    time_elapsed         | 102035      |
|    total_timesteps      | 759840      |
| train/                  |             |
|    approx_kl            | 0.008994233 |
|    clip_fraction        | 0.0336      |
|    clip_range           | 0.2         |
|    entropy_loss         | -0.0396     |
|    explained_variance   | 0.676       |
|    learning_rate        | 0.0003      |
|    loss                 | 0.0102      |
|    n_updates            | 3690        |
|    policy_gradient_loss | -0.0129     |
|    value_loss           | 0.109       |
-----------------------------------------
Eval num_timesteps=760000, episode_reward=-2.74 +/- 2.30
Episode length: 35.00 +/- 0.00
------------------------------------------------------
| eval/                                |             |
|    mean_ep_length                    | 35          |
|    mean_reward                       | -2.74       |
| policy/                              |             |
|    ent_coef                          | 0.01        |
|    hold_rate_500                     | 0.954       |
| session/                             |             |
|    london_range_pts                  | 43          |
| time/                                |             |
|    total_timesteps                   | 760000      |
| trade/                               |             |
|    avg_first_trade_duration_min      | 208         |
|    avg_first_trade_entry_delay_an... | 253         |
|    episode_pnl                       | 1.8         |
|    first_trade_is_ny_open_rate       | 0.143       |
|    first_trade_matches_intent_rate   | 0.5         |
|    first_trade_pnl                   | 5.31        |
|    first_trade_win_rate              | 0.643       |
|    ny_open_trade_rate                | 0.04        |
|    pnl_continuation_days             | 2.6         |
|    pnl_sweep_high_days               | 0.586       |
|    pnl_sweep_low_days                | 0           |
|    trades_per_episode                | 0.4         |
|    win_rate                          | 0.714       |
|    win_rate_continuation             | 0.226       |
|    win_rate_sweep_days               | 0.158       |
| train/                               |             |
|    approx_kl                         | 0.014590482 |
|    clip_fraction                     | 0.0593      |
|    clip_range                        | 0.2         |
|    entropy_loss                      | -0.0834     |
|    explained_variance                | 0.615       |
|    learning_rate                     | 0.0003      |
|    loss                              | 0.0095      |
|    n_updates                         | 3700        |
|    policy_gradient_loss              | -0.0173     |
|    value_loss                        | 0.177       |
| validation/                          |             |
|    acceptance_passed                 | 0           |
|    avg_first_trade_duration_min      | 176         |
|    avg_first_trade_entry_delay_an... | 216         |
|    first_trade_is_ny_open_rate       | 0.176       |
|    first_trade_matches_intent_rate   | 0.353       |
|    first_trade_win_rate              | 64.7        |
|    ny_open_first_trade_win_rate      | 0           |
|    ny_open_trade_rate                | 0.0261      |
|    pnl_continuation_days             | 0.571       |
|    pnl_sweep_low_days                | 0.643       |
|    profit_factor                     | 1.55        |
|    trades_per_episode                | 0.217       |
|    win_rate                          | 32          |
|    win_rate_continuation             | 4.82        |
|    win_rate_sweep_days               | 25          |
------------------------------------------------------
----------------------------------
| session/            |          |
|    london_range_pts | 35.5     |
| time/               |          |
|    fps              | 4        |
|    iterations       | 206      |
|    time_elapsed     | 102691   |
|    total_timesteps  | 761888   |
----------------------------------
-----------------------------------------
| session/                |             |
|    london_range_pts     | 20.2        |
| time/                   |             |
|    fps                  | 4           |
|    iterations           | 207         |
|    time_elapsed         | 103054      |
|    total_timesteps      | 763936      |
| train/                  |             |
|    approx_kl            | 0.008014496 |
|    clip_fraction        | 0.0363      |
|    clip_range           | 0.2         |
|    entropy_loss         | -0.0509     |
|    explained_variance   | 0.648       |
|    learning_rate        | 0.0003      |
|    loss                 | 0.0229      |
|    n_updates            | 3710        |
|    policy_gradient_loss | -0.0124     |
|    value_loss           | 0.135       |
-----------------------------------------
Eval num_timesteps=765000, episode_reward=-3.82 +/- 1.03
Episode length: 35.00 +/- 0.00
-----------------------------------------------------
| eval/                                |            |
|    mean_ep_length                    | 35         |
|    mean_reward                       | -3.82      |
| policy/                              |            |
|    ent_coef                          | 0.01       |
|    hold_rate_500                     | 0.961      |
| session/                             |            |
|    london_range_pts                  | 23.1       |
| time/                                |            |
|    total_timesteps                   | 765000     |
| trade/                               |            |
|    avg_first_trade_duration_min      | 107        |
|    avg_first_trade_entry_delay_an... | 270        |
|    episode_pnl                       | 1.58       |
|    first_trade_is_ny_open_rate       | 0.143      |
|    first_trade_matches_intent_rate   | 0.286      |
|    first_trade_pnl                   | 4.34       |
|    first_trade_win_rate              | 0.857      |
|    ny_open_trade_rate                | 0.02       |
|    pnl_continuation_days             | 1.71       |
|    pnl_sweep_high_days               | 1.62       |
|    pnl_sweep_low_days                | 0.819      |
|    trades_per_episode                | 0.24       |
|    win_rate                          | 0.857      |
|    win_rate_continuation             | 0.111      |
|    win_rate_sweep_days               | 0.143      |
| train/                               |            |
|    approx_kl                         | 0.01004505 |
|    clip_fraction                     | 0.0351     |
|    clip_range                        | 0.2        |
|    entropy_loss                      | -0.0483    |
|    explained_variance                | 0.755      |
|    learning_rate                     | 0.0003     |
|    loss                              | -4.48e-05  |
|    n_updates                         | 3720       |
|    policy_gradient_loss              | -0.00953   |
|    value_loss                        | 0.113      |
-----------------------------------------------------
----------------------------------
| session/            |          |
|    london_range_pts | 15.7     |
| time/               |          |
|    fps              | 4        |
|    iterations       | 208      |
|    time_elapsed     | 103457   |
|    total_timesteps  | 765984   |
----------------------------------
-----------------------------------------
| session/                |             |
|    london_range_pts     | 29.7        |
| time/                   |             |
|    fps                  | 4           |
|    iterations           | 209         |
|    time_elapsed         | 103869      |
|    total_timesteps      | 768032      |
| train/                  |             |
|    approx_kl            | 0.008144863 |
|    clip_fraction        | 0.0324      |
|    clip_range           | 0.2         |
|    entropy_loss         | -0.0395     |
|    explained_variance   | 0.778       |
|    learning_rate        | 0.0003      |
|    loss                 | 0.00431     |
|    n_updates            | 3730        |
|    policy_gradient_loss | -0.00865    |
|    value_loss           | 0.0824      |
-----------------------------------------
Eval num_timesteps=770000, episode_reward=-3.76 +/- 0.75
Episode length: 35.00 +/- 0.00
-----------------------------------------------------
| eval/                                |            |
|    mean_ep_length                    | 35         |
|    mean_reward                       | -3.76      |
| policy/                              |            |
|    ent_coef                          | 0.01       |
|    hold_rate_500                     | 0.964      |
| session/                             |            |
|    london_range_pts                  | 29.5       |
| time/                                |            |
|    total_timesteps                   | 770000     |
| trade/                               |            |
|    avg_first_trade_duration_min      | 150        |
|    avg_first_trade_entry_delay_an... | 212        |
|    episode_pnl                       | 0.756      |
|    first_trade_is_ny_open_rate       | 0.125      |
|    first_trade_matches_intent_rate   | 0          |
|    first_trade_pnl                   | 1.88       |
|    first_trade_win_rate              | 0.625      |
|    ny_open_trade_rate                | 0.02       |
|    pnl_continuation_days             | 0.579      |
|    pnl_sweep_high_days               | 1.98       |
|    pnl_sweep_low_days                | 0          |
|    trades_per_episode                | 0.24       |
|    win_rate                          | 0.75       |
|    win_rate_continuation             | 0.105      |
|    win_rate_sweep_days               | 0.167      |
| train/                               |            |
|    approx_kl                         | 0.01263083 |
|    clip_fraction                     | 0.035      |
|    clip_range                        | 0.2        |
|    entropy_loss                      | -0.0479    |
|    explained_variance                | 0.737      |
|    learning_rate                     | 0.0003     |
|    loss                              | 0.00984    |
|    n_updates                         | 3740       |
|    policy_gradient_loss              | -0.0105    |
|    value_loss                        | 0.114      |
| validation/                          |            |
|    acceptance_passed                 | 0          |
|    avg_first_trade_duration_min      | 176        |
|    avg_first_trade_entry_delay_an... | 216        |
|    first_trade_is_ny_open_rate       | 0.176      |
|    first_trade_matches_intent_rate   | 0.353      |
|    first_trade_win_rate              | 64.7       |
|    ny_open_first_trade_win_rate      | 0          |
|    ny_open_trade_rate                | 0.0261     |
|    pnl_continuation_days             | 0.571      |
|    pnl_sweep_low_days                | 0.643      |
|    profit_factor                     | 1.55       |
|    trades_per_episode                | 0.217      |
|    win_rate                          | 32         |
|    win_rate_continuation             | 4.82       |
|    win_rate_sweep_days               | 25         |
-----------------------------------------------------
----------------------------------
| session/            |          |
|    london_range_pts | 25.1     |
| time/               |          |
|    fps              | 4        |
|    iterations       | 210      |
|    time_elapsed     | 104600   |
|    total_timesteps  | 770080   |
----------------------------------
-----------------------------------------
| session/                |             |
|    london_range_pts     | 24.1        |
| time/                   |             |
|    fps                  | 4           |
|    iterations           | 211         |
|    time_elapsed         | 105054      |
|    total_timesteps      | 772128      |
| train/                  |             |
|    approx_kl            | 0.008330615 |
|    clip_fraction        | 0.0238      |
|    clip_range           | 0.2         |
|    entropy_loss         | -0.0343     |
|    explained_variance   | 0.683       |
|    learning_rate        | 0.0003      |
|    loss                 | 0.0226      |
|    n_updates            | 3750        |
|    policy_gradient_loss | -0.00803    |
|    value_loss           | 0.141       |
-----------------------------------------
-----------------------------------------
| session/                |             |
|    london_range_pts     | 60.9        |
| time/                   |             |
|    fps                  | 4           |
|    iterations           | 212         |
|    time_elapsed         | 105542      |
|    total_timesteps      | 774176      |
| train/                  |             |
|    approx_kl            | 0.019418046 |
|    clip_fraction        | 0.0552      |
|    clip_range           | 0.2         |
|    entropy_loss         | -0.0771     |
|    explained_variance   | 0.676       |
|    learning_rate        | 0.0003      |
|    loss                 | 0.021       |
|    n_updates            | 3760        |
|    policy_gradient_loss | -0.0176     |
|    value_loss           | 0.117       |
-----------------------------------------
Eval num_timesteps=775000, episode_reward=-4.10 +/- 0.68
Episode length: 35.00 +/- 0.00
------------------------------------------------------
| eval/                                |             |
|    mean_ep_length                    | 35          |
|    mean_reward                       | -4.1        |
| policy/                              |             |
|    ent_coef                          | 0.01        |
|    hold_rate_500                     | 0.945       |
| session/                             |             |
|    london_range_pts                  | 21.5        |
| time/                                |             |
|    total_timesteps                   | 775000      |
| trade/                               |             |
|    avg_first_trade_duration_min      | 97.5        |
|    avg_first_trade_entry_delay_an... | 313         |
|    episode_pnl                       | 1.38        |
|    first_trade_is_ny_open_rate       | 0           |
|    first_trade_matches_intent_rate   | 0.375       |
|    first_trade_pnl                   | 0.487       |
|    first_trade_win_rate              | 0.375       |
|    ny_open_trade_rate                | 0           |
|    pnl_continuation_days             | 1.31        |
|    pnl_sweep_high_days               | 1.84        |
|    pnl_sweep_low_days                | -0.54       |
|    trades_per_episode                | 0.34        |
|    win_rate                          | 0.5         |
|    win_rate_continuation             | 0.0588      |
|    win_rate_sweep_days               | 0.125       |
| train/                               |             |
|    approx_kl                         | 0.011399668 |
|    clip_fraction                     | 0.0469      |
|    clip_range                        | 0.2         |
|    entropy_loss                      | -0.0666     |
|    explained_variance                | 0.568       |
|    learning_rate                     | 0.0003      |
|    loss                              | -0.00243    |
|    n_updates                         | 3770        |
|    policy_gradient_loss              | -0.0166     |
|    value_loss                        | 0.183       |
------------------------------------------------------
----------------------------------
| session/            |          |
|    london_range_pts | 27       |
| time/               |          |
|    fps              | 4        |
|    iterations       | 213      |
|    time_elapsed     | 106049   |
|    total_timesteps  | 776224   |
----------------------------------
-----------------------------------------
| session/                |             |
|    london_range_pts     | 34.8        |
| time/                   |             |
|    fps                  | 4           |
|    iterations           | 214         |
|    time_elapsed         | 106430      |
|    total_timesteps      | 778272      |
| train/                  |             |
|    approx_kl            | 0.015662324 |
|    clip_fraction        | 0.0478      |
|    clip_range           | 0.2         |
|    entropy_loss         | -0.0534     |
|    explained_variance   | 0.583       |
|    learning_rate        | 0.0003      |
|    loss                 | 0.0101      |
|    n_updates            | 3780        |
|    policy_gradient_loss | -0.0157     |
|    value_loss           | 0.144       |
-----------------------------------------
Eval num_timesteps=780000, episode_reward=-4.31 +/- 0.44
Episode length: 35.00 +/- 0.00
------------------------------------------------------
| eval/                                |             |
|    mean_ep_length                    | 35          |
|    mean_reward                       | -4.31       |
| policy/                              |             |
|    ent_coef                          | 0.01        |
|    hold_rate_500                     | 0.956       |
| session/                             |             |
|    london_range_pts                  | 40.3        |
| time/                                |             |
|    total_timesteps                   | 780000      |
| trade/                               |             |
|    avg_first_trade_duration_min      | 148         |
|    avg_first_trade_entry_delay_an... | 259         |
|    episode_pnl                       | 1.33        |
|    first_trade_is_ny_open_rate       | 0           |
|    first_trade_matches_intent_rate   | 0.286       |
|    first_trade_pnl                   | 3.73        |
|    first_trade_win_rate              | 0.571       |
|    ny_open_trade_rate                | 0           |
|    pnl_continuation_days             | 0.355       |
|    pnl_sweep_high_days               | 4.58        |
|    pnl_sweep_low_days                | 0           |
|    trades_per_episode                | 0.26        |
|    win_rate                          | 0.714       |
|    win_rate_continuation             | 0.0606      |
|    win_rate_sweep_days               | 0.176       |
| train/                               |             |
|    approx_kl                         | 0.013517862 |
|    clip_fraction                     | 0.047       |
|    clip_range                        | 0.2         |
|    entropy_loss                      | -0.0634     |
|    explained_variance                | 0.697       |
|    learning_rate                     | 0.0003      |
|    loss                              | 0.0234      |
|    n_updates                         | 3790        |
|    policy_gradient_loss              | -0.0148     |
|    value_loss                        | 0.142       |
| validation/                          |             |
|    acceptance_passed                 | 0           |
|    avg_first_trade_duration_min      | 176         |
|    avg_first_trade_entry_delay_an... | 215         |
|    first_trade_is_ny_open_rate       | 0.176       |
|    first_trade_matches_intent_rate   | 0.353       |
|    first_trade_win_rate              | 64.7        |
|    ny_open_first_trade_win_rate      | 0           |
|    ny_open_trade_rate                | 0.0261      |
|    pnl_continuation_days             | 0.571       |
|    pnl_sweep_low_days                | 0.643       |
|    profit_factor                     | 1.72        |
|    trades_per_episode                | 0.226       |
|    win_rate                          | 34.6        |
|    win_rate_continuation             | 4.82        |
|    win_rate_sweep_days               | 28.1        |
------------------------------------------------------
----------------------------------
| session/            |          |
|    london_range_pts | 25.8     |
| time/               |          |
|    fps              | 4        |
|    iterations       | 215      |
|    time_elapsed     | 106975   |
|    total_timesteps  | 780320   |
----------------------------------
------------------------------------------
| session/                |              |
|    london_range_pts     | 46.8         |
| time/                   |              |
|    fps                  | 4            |
|    iterations           | 216          |
|    time_elapsed         | 107284       |
|    total_timesteps      | 782368       |
| train/                  |              |
|    approx_kl            | 0.0044348235 |
|    clip_fraction        | 0.0211       |
|    clip_range           | 0.2          |
|    entropy_loss         | -0.0303      |
|    explained_variance   | 0.743        |
|    learning_rate        | 0.0003       |
|    loss                 | 0.00979      |
|    n_updates            | 3800         |
|    policy_gradient_loss | -0.00763     |
|    value_loss           | 0.113        |
------------------------------------------
-----------------------------------------
| session/                |             |
|    london_range_pts     | 17.6        |
| time/                   |             |
|    fps                  | 4           |
|    iterations           | 217         |
|    time_elapsed         | 107610      |
|    total_timesteps      | 784416      |
| train/                  |             |
|    approx_kl            | 0.008581052 |
|    clip_fraction        | 0.0363      |
|    clip_range           | 0.2         |
|    entropy_loss         | -0.0514     |
|    explained_variance   | 0.572       |
|    learning_rate        | 0.0003      |
|    loss                 | 0.0159      |
|    n_updates            | 3810        |
|    policy_gradient_loss | -0.0142     |
|    value_loss           | 0.183       |
-----------------------------------------
Eval num_timesteps=785000, episode_reward=-3.21 +/- 1.00
Episode length: 35.00 +/- 0.00
------------------------------------------------------
| eval/                                |             |
|    mean_ep_length                    | 35          |
|    mean_reward                       | -3.21       |
| policy/                              |             |
|    ent_coef                          | 0.01        |
|    hold_rate_500                     | 0.949       |
| session/                             |             |
|    london_range_pts                  | 23          |
| time/                                |             |
|    total_timesteps                   | 785000      |
| trade/                               |             |
|    avg_first_trade_duration_min      | 193         |
|    avg_first_trade_entry_delay_an... | 215         |
|    episode_pnl                       | 1.42        |
|    first_trade_is_ny_open_rate       | 0.111       |
|    first_trade_matches_intent_rate   | 0.222       |
|    first_trade_pnl                   | 6.1         |
|    first_trade_win_rate              | 1           |
|    ny_open_trade_rate                | 0.02        |
|    pnl_continuation_days             | 1.56        |
|    pnl_sweep_high_days               | 2.15        |
|    pnl_sweep_low_days                | 0.0812      |
|    trades_per_episode                | 0.3         |
|    win_rate                          | 0.889       |
|    win_rate_continuation             | 0.147       |
|    win_rate_sweep_days               | 0.188       |
| train/                               |             |
|    approx_kl                         | 0.007842924 |
|    clip_fraction                     | 0.0402      |
|    clip_range                        | 0.2         |
|    entropy_loss                      | -0.0642     |
|    explained_variance                | 0.695       |
|    learning_rate                     | 0.0003      |
|    loss                              | 0.041       |
|    n_updates                         | 3820        |
|    policy_gradient_loss              | -0.014      |
|    value_loss                        | 0.138       |
------------------------------------------------------
----------------------------------
| session/            |          |
|    london_range_pts | 20.8     |
| time/               |          |
|    fps              | 4        |
|    iterations       | 218      |
|    time_elapsed     | 107951   |
|    total_timesteps  | 786464   |
----------------------------------
----------------------------------------
| session/                |            |
|    london_range_pts     | 34.8       |
| time/                   |            |
|    fps                  | 4          |
|    iterations           | 219        |
|    time_elapsed         | 108320     |
|    total_timesteps      | 788512     |
| train/                  |            |
|    approx_kl            | 0.01116936 |
|    clip_fraction        | 0.0406     |
|    clip_range           | 0.2        |
|    entropy_loss         | -0.0547    |
|    explained_variance   | 0.592      |
|    learning_rate        | 0.0003     |
|    loss                 | -0.01      |
|    n_updates            | 3830       |
|    policy_gradient_loss | -0.0149    |
|    value_loss           | 0.13       |
----------------------------------------
Eval num_timesteps=790000, episode_reward=-3.43 +/- 0.80
Episode length: 35.00 +/- 0.00
------------------------------------------------------
| eval/                                |             |
|    mean_ep_length                    | 35          |
|    mean_reward                       | -3.43       |
| policy/                              |             |
|    ent_coef                          | 0.01        |
|    hold_rate_500                     | 0.945       |
| session/                             |             |
|    london_range_pts                  | 21.1        |
| time/                                |             |
|    total_timesteps                   | 790000      |
| trade/                               |             |
|    avg_first_trade_duration_min      | 130         |
|    avg_first_trade_entry_delay_an... | 276         |
|    episode_pnl                       | 1.58        |
|    first_trade_is_ny_open_rate       | 0           |
|    first_trade_matches_intent_rate   | 0.333       |
|    first_trade_pnl                   | 3.37        |
|    first_trade_win_rate              | 0.583       |
|    ny_open_trade_rate                | 0           |
|    pnl_continuation_days             | 1.94        |
|    pnl_sweep_high_days               | 0.702       |
|    pnl_sweep_low_days                | 1.58        |
|    trades_per_episode                | 0.34        |
|    win_rate                          | 0.667       |
|    win_rate_continuation             | 0.0769      |
|    win_rate_sweep_days               | 0.25        |
| train/                               |             |
|    approx_kl                         | 0.013350274 |
|    clip_fraction                     | 0.0611      |
|    clip_range                        | 0.2         |
|    entropy_loss                      | -0.0934     |
|    explained_variance                | 0.705       |
|    learning_rate                     | 0.0003      |
|    loss                              | 0.00335     |
|    n_updates                         | 3840        |
|    policy_gradient_loss              | -0.0213     |
|    value_loss                        | 0.147       |
| validation/                          |             |
|    acceptance_passed                 | 0           |
|    avg_first_trade_duration_min      | 174         |
|    avg_first_trade_entry_delay_an... | 218         |
|    first_trade_is_ny_open_rate       | 0.176       |
|    first_trade_matches_intent_rate   | 0.353       |
|    first_trade_win_rate              | 64.7        |
|    ny_open_first_trade_win_rate      | 0           |
|    ny_open_trade_rate                | 0.0261      |
|    pnl_continuation_days             | 0.576       |
|    pnl_sweep_low_days                | 0.643       |
|    profit_factor                     | 1.72        |
|    trades_per_episode                | 0.226       |
|    win_rate                          | 34.6        |
|    win_rate_continuation             | 4.82        |
|    win_rate_sweep_days               | 28.1        |
------------------------------------------------------
----------------------------------
| session/            |          |
|    london_range_pts | 40.2     |
| time/               |          |
|    fps              | 4        |
|    iterations       | 220      |
|    time_elapsed     | 108935   |
|    total_timesteps  | 790560   |
----------------------------------
-----------------------------------------
| session/                |             |
|    london_range_pts     | 23.8        |
| time/                   |             |
|    fps                  | 4           |
|    iterations           | 221         |
|    time_elapsed         | 109339      |
|    total_timesteps      | 792608      |
| train/                  |             |
|    approx_kl            | 0.014021115 |
|    clip_fraction        | 0.0459      |
|    clip_range           | 0.2         |
|    entropy_loss         | -0.069      |
|    explained_variance   | 0.694       |
|    learning_rate        | 0.0003      |
|    loss                 | -0.000592   |
|    n_updates            | 3850        |
|    policy_gradient_loss | -0.0141     |
|    value_loss           | 0.104       |
-----------------------------------------
---------------------------------------
| session/                |           |
|    london_range_pts     | 30.2      |
| time/                   |           |
|    fps                  | 4         |
|    iterations           | 222       |
|    time_elapsed         | 109758    |
|    total_timesteps      | 794656    |
| train/                  |           |
|    approx_kl            | 0.0127164 |
|    clip_fraction        | 0.0492    |
|    clip_range           | 0.2       |
|    entropy_loss         | -0.0643   |
|    explained_variance   | 0.772     |
|    learning_rate        | 0.0003    |
|    loss                 | -0.00411  |
|    n_updates            | 3860      |
|    policy_gradient_loss | -0.0173   |
|    value_loss           | 0.0961    |
---------------------------------------
Eval num_timesteps=795000, episode_reward=-3.89 +/- 0.80
Episode length: 35.00 +/- 0.00
------------------------------------------------------
| eval/                                |             |
|    mean_ep_length                    | 35          |
|    mean_reward                       | -3.89       |
| policy/                              |             |
|    ent_coef                          | 0.01        |
|    hold_rate_500                     | 0.949       |
| session/                             |             |
|    london_range_pts                  | 17.2        |
| time/                                |             |
|    total_timesteps                   | 795000      |
| trade/                               |             |
|    avg_first_trade_duration_min      | 128         |
|    avg_first_trade_entry_delay_an... | 257         |
|    episode_pnl                       | 2.31        |
|    first_trade_is_ny_open_rate       | 0.0714      |
|    first_trade_matches_intent_rate   | 0.214       |
|    first_trade_pnl                   | 3.02        |
|    first_trade_win_rate              | 0.714       |
|    ny_open_trade_rate                | 0.02        |
|    pnl_continuation_days             | 3.22        |
|    pnl_sweep_high_days               | 0.00185     |
|    pnl_sweep_low_days                | 1.55        |
|    trades_per_episode                | 0.58        |
|    win_rate                          | 0.714       |
|    win_rate_continuation             | 0.188       |
|    win_rate_sweep_days               | 0.222       |
| train/                               |             |
|    approx_kl                         | 0.008126203 |
|    clip_fraction                     | 0.0472      |
|    clip_range                        | 0.2         |
|    entropy_loss                      | -0.0693     |
|    explained_variance                | 0.775       |
|    learning_rate                     | 0.0003      |
|    loss                              | 0.0367      |
|    n_updates                         | 3870        |
|    policy_gradient_loss              | -0.014      |
|    value_loss                        | 0.16        |
------------------------------------------------------
----------------------------------
| session/            |          |
|    london_range_pts | 63.7     |
| time/               |          |
|    fps              | 4        |
|    iterations       | 223      |
|    time_elapsed     | 110169   |
|    total_timesteps  | 796704   |
----------------------------------
-----------------------------------------
| session/                |             |
|    london_range_pts     | 26          |
| time/                   |             |
|    fps                  | 4           |
|    iterations           | 224         |
|    time_elapsed         | 110581      |
|    total_timesteps      | 798752      |
| train/                  |             |
|    approx_kl            | 0.011452434 |
|    clip_fraction        | 0.0553      |
|    clip_range           | 0.2         |
|    entropy_loss         | -0.0899     |
|    explained_variance   | 0.625       |
|    learning_rate        | 0.0003      |
|    loss                 | -0.00843    |
|    n_updates            | 3880        |
|    policy_gradient_loss | -0.0202     |
|    value_loss           | 0.19        |
-----------------------------------------
Eval num_timesteps=800000, episode_reward=-4.09 +/- 0.61
Episode length: 35.00 +/- 0.00
------------------------------------------------------
| eval/                                |             |
|    mean_ep_length                    | 35          |
|    mean_reward                       | -4.09       |
| policy/                              |             |
|    ent_coef                          | 0.01        |
|    hold_rate_500                     | 0.933       |
| session/                             |             |
|    london_range_pts                  | 20.8        |
| time/                                |             |
|    total_timesteps                   | 800000      |
| trade/                               |             |
|    avg_first_trade_duration_min      | 168         |
|    avg_first_trade_entry_delay_an... | 218         |
|    episode_pnl                       | 0.597       |
|    first_trade_is_ny_open_rate       | 0.273       |
|    first_trade_matches_intent_rate   | 0.364       |
|    first_trade_pnl                   | 1.88        |
|    first_trade_win_rate              | 0.545       |
|    ny_open_trade_rate                | 0.06        |
|    pnl_continuation_days             | -0.083      |
|    pnl_sweep_high_days               | 1.38        |
|    pnl_sweep_low_days                | 2.15        |
|    trades_per_episode                | 0.4         |
|    win_rate                          | 0.636       |
|    win_rate_continuation             | 0.0312      |
|    win_rate_sweep_days               | 0.333       |
| train/                               |             |
|    approx_kl                         | 0.006645705 |
|    clip_fraction                     | 0.0444      |
|    clip_range                        | 0.2         |
|    entropy_loss                      | -0.0716     |
|    explained_variance                | 0.688       |
|    learning_rate                     | 0.0003      |
|    loss                              | 0.00569     |
|    n_updates                         | 3890        |
|    policy_gradient_loss              | -0.0134     |
|    value_loss                        | 0.131       |
| validation/                          |             |
|    acceptance_passed                 | 0           |
|    avg_first_trade_duration_min      | 180         |
|    avg_first_trade_entry_delay_an... | 220         |
|    first_trade_is_ny_open_rate       | 0.176       |
|    first_trade_matches_intent_rate   | 0.353       |
|    first_trade_win_rate              | 64.7        |
|    ny_open_first_trade_win_rate      | 0           |
|    ny_open_trade_rate                | 0.0261      |
|    pnl_continuation_days             | 0.625       |
|    pnl_sweep_low_days                | 0.643       |
|    profit_factor                     | 2.29        |
|    trades_per_episode                | 0.235       |
|    win_rate                          | 40.7        |
|    win_rate_continuation             | 4.82        |
|    win_rate_sweep_days               | 28.1        |
------------------------------------------------------
----------------------------------
| session/            |          |
|    london_range_pts | 19.7     |
| time/               |          |
|    fps              | 4        |
|    iterations       | 225      |
|    time_elapsed     | 111378   |
|    total_timesteps  | 800800   |
----------------------------------
-----------------------------------------
| session/                |             |
|    london_range_pts     | 31.5        |
| time/                   |             |
|    fps                  | 4           |
|    iterations           | 226         |
|    time_elapsed         | 111835      |
|    total_timesteps      | 802848      |
| train/                  |             |
|    approx_kl            | 0.019743621 |
|    clip_fraction        | 0.0725      |
|    clip_range           | 0.2         |
|    entropy_loss         | -0.109      |
|    explained_variance   | 0.607       |
|    learning_rate        | 0.0003      |
|    loss                 | -0.00853    |
|    n_updates            | 3900        |
|    policy_gradient_loss | -0.0236     |
|    value_loss           | 0.126       |
-----------------------------------------
-----------------------------------------
| session/                |             |
|    london_range_pts     | 46.2        |
| time/                   |             |
|    fps                  | 4           |
|    iterations           | 227         |
|    time_elapsed         | 112281      |
|    total_timesteps      | 804896      |
| train/                  |             |
|    approx_kl            | 0.008314561 |
|    clip_fraction        | 0.0395      |
|    clip_range           | 0.2         |
|    entropy_loss         | -0.0488     |
|    explained_variance   | 0.724       |
|    learning_rate        | 0.0003      |
|    loss                 | -0.00285    |
|    n_updates            | 3910        |
|    policy_gradient_loss | -0.0143     |
|    value_loss           | 0.117       |
-----------------------------------------
Eval num_timesteps=805000, episode_reward=-2.02 +/- 1.82
Episode length: 35.00 +/- 0.00
-------------------------------------------------------
| eval/                                |              |
|    mean_ep_length                    | 35           |
|    mean_reward                       | -2.02        |
| policy/                              |              |
|    ent_coef                          | 0.01         |
|    hold_rate_500                     | 0.952        |
| session/                             |              |
|    london_range_pts                  | 22.6         |
| time/                                |              |
|    total_timesteps                   | 805000       |
| trade/                               |              |
|    avg_first_trade_duration_min      | 125          |
|    avg_first_trade_entry_delay_an... | 245          |
|    episode_pnl                       | 2.28         |
|    first_trade_is_ny_open_rate       | 0.111        |
|    first_trade_matches_intent_rate   | 0.111        |
|    first_trade_pnl                   | 4.32         |
|    first_trade_win_rate              | 0.667        |
|    ny_open_trade_rate                | 0.02         |
|    pnl_continuation_days             | 2.31         |
|    pnl_sweep_high_days               | 5.51         |
|    pnl_sweep_low_days                | 0.253        |
|    trades_per_episode                | 0.4          |
|    win_rate                          | 0.889        |
|    win_rate_continuation             | 0.138        |
|    win_rate_sweep_days               | 0.19         |
| train/                               |              |
|    approx_kl                         | 0.0066907024 |
|    clip_fraction                     | 0.0312       |
|    clip_range                        | 0.2          |
|    entropy_loss                      | -0.0458      |
|    explained_variance                | 0.69         |
|    learning_rate                     | 0.0003       |
|    loss                              | -0.00752     |
|    n_updates                         | 3920         |
|    policy_gradient_loss              | -0.0108      |
|    value_loss                        | 0.15         |
-------------------------------------------------------
New best mean reward!
----------------------------------
| session/            |          |
|    london_range_pts | 24.8     |
| time/               |          |
|    fps              | 4        |
|    iterations       | 228      |
|    time_elapsed     | 112863   |
|    total_timesteps  | 806944   |
----------------------------------
-----------------------------------------
| session/                |             |
|    london_range_pts     | 42.1        |
| time/                   |             |
|    fps                  | 4           |
|    iterations           | 229         |
|    time_elapsed         | 113385      |
|    total_timesteps      | 808992      |
| train/                  |             |
|    approx_kl            | 0.010316895 |
|    clip_fraction        | 0.0402      |
|    clip_range           | 0.2         |
|    entropy_loss         | -0.0524     |
|    explained_variance   | 0.688       |
|    learning_rate        | 0.0003      |
|    loss                 | 0.00629     |
|    n_updates            | 3930        |
|    policy_gradient_loss | -0.0145     |
|    value_loss           | 0.0964      |
-----------------------------------------
Eval num_timesteps=810000, episode_reward=-3.54 +/- 2.53
Episode length: 35.00 +/- 0.00
------------------------------------------------------
| eval/                                |             |
|    mean_ep_length                    | 35          |
|    mean_reward                       | -3.54       |
| policy/                              |             |
|    ent_coef                          | 0.01        |
|    hold_rate_500                     | 0.964       |
| session/                             |             |
|    london_range_pts                  | 18.8        |
| time/                                |             |
|    total_timesteps                   | 810000      |
| trade/                               |             |
|    avg_first_trade_duration_min      | 112         |
|    avg_first_trade_entry_delay_an... | 268         |
|    episode_pnl                       | 1.03        |
|    first_trade_is_ny_open_rate       | 0.167       |
|    first_trade_matches_intent_rate   | 0.333       |
|    first_trade_pnl                   | 3.53        |
|    first_trade_win_rate              | 0.833       |
|    ny_open_trade_rate                | 0.02        |
|    pnl_continuation_days             | 0.851       |
|    pnl_sweep_high_days               | 1.08        |
|    pnl_sweep_low_days                | 1.54        |
|    trades_per_episode                | 0.2         |
|    win_rate                          | 1           |
|    win_rate_continuation             | 0.103       |
|    win_rate_sweep_days               | 0.143       |
| train/                               |             |
|    approx_kl                         | 0.008735586 |
|    clip_fraction                     | 0.0269      |
|    clip_range                        | 0.2         |
|    entropy_loss                      | -0.0388     |
|    explained_variance                | 0.64        |
|    learning_rate                     | 0.0003      |
|    loss                              | 0.00727     |
|    n_updates                         | 3940        |
|    policy_gradient_loss              | -0.0132     |
|    value_loss                        | 0.108       |
| validation/                          |             |
|    acceptance_passed                 | 0           |
|    avg_first_trade_duration_min      | 176         |
|    avg_first_trade_entry_delay_an... | 215         |
|    first_trade_is_ny_open_rate       | 0.176       |
|    first_trade_matches_intent_rate   | 0.353       |
|    first_trade_win_rate              | 64.7        |
|    ny_open_first_trade_win_rate      | 0           |
|    ny_open_trade_rate                | 0.0261      |
|    pnl_continuation_days             | 0.634       |
|    pnl_sweep_low_days                | 0.643       |
|    profit_factor                     | 1.72        |
|    trades_per_episode                | 0.235       |
|    win_rate                          | 33.3        |
|    win_rate_continuation             | 4.82        |
|    win_rate_sweep_days               | 28.1        |
------------------------------------------------------
----------------------------------
| session/            |          |
|    london_range_pts | 20.2     |
| time/               |          |
|    fps              | 4        |
|    iterations       | 230      |
|    time_elapsed     | 114240   |
|    total_timesteps  | 811040   |
----------------------------------
-----------------------------------------
| session/                |             |
|    london_range_pts     | 28.3        |
| time/                   |             |
|    fps                  | 4           |
|    iterations           | 231         |
|    time_elapsed         | 114735      |
|    total_timesteps      | 813088      |
| train/                  |             |
|    approx_kl            | 0.009367531 |
|    clip_fraction        | 0.0382      |
|    clip_range           | 0.2         |
|    entropy_loss         | -0.049      |
|    explained_variance   | 0.698       |
|    learning_rate        | 0.0003      |
|    loss                 | 0.00589     |
|    n_updates            | 3950        |
|    policy_gradient_loss | -0.0116     |
|    value_loss           | 0.124       |
-----------------------------------------
Eval num_timesteps=815000, episode_reward=-4.51 +/- 0.42
Episode length: 35.00 +/- 0.00
------------------------------------------------------
| eval/                                |             |
|    mean_ep_length                    | 35          |
|    mean_reward                       | -4.51       |
| policy/                              |             |
|    ent_coef                          | 0.01        |
|    hold_rate_500                     | 0.951       |
| session/                             |             |
|    london_range_pts                  | 28.8        |
| time/                                |             |
|    total_timesteps                   | 815000      |
| trade/                               |             |
|    avg_first_trade_duration_min      | 135         |
|    avg_first_trade_entry_delay_an... | 279         |
|    episode_pnl                       | 1.21        |
|    first_trade_is_ny_open_rate       | 0           |
|    first_trade_matches_intent_rate   | 0.5         |
|    first_trade_pnl                   | 3.57        |
|    first_trade_win_rate              | 0.75        |
|    ny_open_trade_rate                | 0           |
|    pnl_continuation_days             | 1.2         |
|    pnl_sweep_high_days               | 1           |
|    pnl_sweep_low_days                | 1.46        |
|    trades_per_episode                | 0.28        |
|    win_rate                          | 0.875       |
|    win_rate_continuation             | 0.1         |
|    win_rate_sweep_days               | 0.2         |
| train/                               |             |
|    approx_kl                         | 0.008614888 |
|    clip_fraction                     | 0.0366      |
|    clip_range                        | 0.2         |
|    entropy_loss                      | -0.0553     |
|    explained_variance                | 0.777       |
|    learning_rate                     | 0.0003      |
|    loss                              | 0.0105      |
|    n_updates                         | 3960        |
|    policy_gradient_loss              | -0.0112     |
|    value_loss                        | 0.0832      |
------------------------------------------------------
----------------------------------
| session/            |          |
|    london_range_pts | 22.7     |
| time/               |          |
|    fps              | 4        |
|    iterations       | 232      |
|    time_elapsed     | 115133   |
|    total_timesteps  | 815136   |
----------------------------------
------------------------------------------
| session/                |              |
|    london_range_pts     | 18.7         |
| time/                   |              |
|    fps                  | 4            |
|    iterations           | 233          |
|    time_elapsed         | 115659       |
|    total_timesteps      | 817184       |
| train/                  |              |
|    approx_kl            | 0.0105377175 |
|    clip_fraction        | 0.0509       |
|    clip_range           | 0.2          |
|    entropy_loss         | -0.081       |
|    explained_variance   | 0.682        |
|    learning_rate        | 0.0003       |
|    loss                 | -0.0203      |
|    n_updates            | 3970         |
|    policy_gradient_loss | -0.0163      |
|    value_loss           | 0.153        |
------------------------------------------
-----------------------------------------
| session/                |             |
|    london_range_pts     | 22          |
| time/                   |             |
|    fps                  | 4           |
|    iterations           | 234         |
|    time_elapsed         | 116272      |
|    total_timesteps      | 819232      |
| train/                  |             |
|    approx_kl            | 0.018655643 |
|    clip_fraction        | 0.0511      |
|    clip_range           | 0.2         |
|    entropy_loss         | -0.0657     |
|    explained_variance   | 0.71        |
|    learning_rate        | 0.0003      |
|    loss                 | -0.00807    |
|    n_updates            | 3980        |
|    policy_gradient_loss | -0.0219     |
|    value_loss           | 0.114       |
-----------------------------------------
Eval num_timesteps=820000, episode_reward=-4.04 +/- 0.72
Episode length: 35.00 +/- 0.00
------------------------------------------------------
| eval/                                |             |
|    mean_ep_length                    | 35          |
|    mean_reward                       | -4.04       |
| policy/                              |             |
|    ent_coef                          | 0.01        |
|    hold_rate_500                     | 0.935       |
| session/                             |             |
|    london_range_pts                  | 30.7        |
| time/                                |             |
|    total_timesteps                   | 820000      |
| trade/                               |             |
|    avg_first_trade_duration_min      | 73.6        |
|    avg_first_trade_entry_delay_an... | 331         |
|    episode_pnl                       | 2.36        |
|    first_trade_is_ny_open_rate       | 0           |
|    first_trade_matches_intent_rate   | 0.364       |
|    first_trade_pnl                   | 2.98        |
|    first_trade_win_rate              | 0.545       |
|    ny_open_trade_rate                | 0           |
|    pnl_continuation_days             | 3.59        |
|    pnl_sweep_high_days               | -0.5        |
|    pnl_sweep_low_days                | -2.53       |
|    trades_per_episode                | 0.46        |
|    win_rate                          | 0.636       |
|    win_rate_continuation             | 0.167       |
|    win_rate_sweep_days               | 0.0714      |
| train/                               |             |
|    approx_kl                         | 0.011763412 |
|    clip_fraction                     | 0.0453      |
|    clip_range                        | 0.2         |
|    entropy_loss                      | -0.0703     |
|    explained_variance                | 0.674       |
|    learning_rate                     | 0.0003      |
|    loss                              | 0.00623     |
|    n_updates                         | 3990        |
|    policy_gradient_loss              | -0.0184     |
|    value_loss                        | 0.128       |
| validation/                          |             |
|    acceptance_passed                 | 0           |
|    avg_first_trade_duration_min      | 181         |
|    avg_first_trade_entry_delay_an... | 220         |
|    first_trade_is_ny_open_rate       | 0.176       |
|    first_trade_matches_intent_rate   | 0.353       |
|    first_trade_win_rate              | 64.7        |
|    ny_open_first_trade_win_rate      | 0           |
|    ny_open_trade_rate                | 0.0261      |
|    pnl_continuation_days             | 0.623       |
|    pnl_sweep_low_days                | 0.643       |
|    profit_factor                     | 2.31        |
|    trades_per_episode                | 0.226       |
|    win_rate                          | 38.5        |
|    win_rate_continuation             | 4.82        |
|    win_rate_sweep_days               | 25          |
------------------------------------------------------
----------------------------------
| session/            |          |
|    london_range_pts | 37.2     |
| time/               |          |
|    fps              | 4        |
|    iterations       | 235      |
|    time_elapsed     | 117422   |
|    total_timesteps  | 821280   |
----------------------------------
----------------------------------------
| session/                |            |
|    london_range_pts     | 18         |
| time/                   |            |
|    fps                  | 4          |
|    iterations           | 236        |
|    time_elapsed         | 118114     |
|    total_timesteps      | 823328     |
| train/                  |            |
|    approx_kl            | 0.01705049 |
|    clip_fraction        | 0.0692     |
|    clip_range           | 0.2        |
|    entropy_loss         | -0.0933    |
|    explained_variance   | 0.736      |
|    learning_rate        | 0.0003     |
|    loss                 | 0.0294     |
|    n_updates            | 4000       |
|    policy_gradient_loss | -0.0205    |
|    value_loss           | 0.121      |
----------------------------------------
Eval num_timesteps=825000, episode_reward=-4.17 +/- 0.56
Episode length: 35.00 +/- 0.00
------------------------------------------------------
| eval/                                |             |
|    mean_ep_length                    | 35          |
|    mean_reward                       | -4.17       |
| policy/                              |             |
|    ent_coef                          | 0.01        |
|    hold_rate_500                     | 0.951       |
| session/                             |             |
|    london_range_pts                  | 46.8        |
| time/                                |             |
|    total_timesteps                   | 825000      |
| trade/                               |             |
|    avg_first_trade_duration_min      | 152         |
|    avg_first_trade_entry_delay_an... | 306         |
|    episode_pnl                       | 0.461       |
|    first_trade_is_ny_open_rate       | 0           |
|    first_trade_matches_intent_rate   | 0.25        |
|    first_trade_pnl                   | 2.75        |
|    first_trade_win_rate              | 0.5         |
|    ny_open_trade_rate                | 0           |
|    pnl_continuation_days             | 0.488       |
|    pnl_sweep_high_days               | 0.176       |
|    pnl_sweep_low_days                | 0.841       |
|    trades_per_episode                | 0.22        |
|    win_rate                          | 0.625       |
|    win_rate_continuation             | 0.0909      |
|    win_rate_sweep_days               | 0.118       |
| train/                               |             |
|    approx_kl                         | 0.004259391 |
|    clip_fraction                     | 0.019       |
|    clip_range                        | 0.2         |
|    entropy_loss                      | -0.0302     |
|    explained_variance                | 0.596       |
|    learning_rate                     | 0.0003      |
|    loss                              | 0.0201      |
|    n_updates                         | 4010        |
|    policy_gradient_loss              | -0.00512    |
|    value_loss                        | 0.117       |
------------------------------------------------------
----------------------------------
| session/            |          |
|    london_range_pts | 29.2     |
| time/               |          |
|    fps              | 4        |
|    iterations       | 237      |
|    time_elapsed     | 118852   |
|    total_timesteps  | 825376   |
----------------------------------
-----------------------------------------
| session/                |             |
|    london_range_pts     | 21.3        |
| time/                   |             |
|    fps                  | 4           |
|    iterations           | 238         |
|    time_elapsed         | 119571      |
|    total_timesteps      | 827424      |
| train/                  |             |
|    approx_kl            | 0.013060238 |
|    clip_fraction        | 0.0516      |
|    clip_range           | 0.2         |
|    entropy_loss         | -0.0672     |
|    explained_variance   | 0.673       |
|    learning_rate        | 0.0003      |
|    loss                 | 0.0112      |
|    n_updates            | 4020        |
|    policy_gradient_loss | -0.0186     |
|    value_loss           | 0.118       |
-----------------------------------------
-----------------------------------------
| session/                |             |
|    london_range_pts     | 20.4        |
| time/                   |             |
|    fps                  | 4           |
|    iterations           | 239         |
|    time_elapsed         | 120352      |
|    total_timesteps      | 829472      |
| train/                  |             |
|    approx_kl            | 0.010574672 |
|    clip_fraction        | 0.041       |
|    clip_range           | 0.2         |
|    entropy_loss         | -0.0577     |
|    explained_variance   | 0.738       |
|    learning_rate        | 0.0003      |
|    loss                 | -0.00275    |
|    n_updates            | 4030        |
|    policy_gradient_loss | -0.015      |
|    value_loss           | 0.125       |
-----------------------------------------
Eval num_timesteps=830000, episode_reward=-3.45 +/- 1.68
Episode length: 35.00 +/- 0.00
-----------------------------------------------------
| eval/                                |            |
|    mean_ep_length                    | 35         |
|    mean_reward                       | -3.45      |
| policy/                              |            |
|    ent_coef                          | 0.01       |
|    hold_rate_500                     | 0.948      |
| session/                             |            |
|    london_range_pts                  | 31.5       |
| time/                                |            |
|    total_timesteps                   | 830000     |
| trade/                               |            |
|    avg_first_trade_duration_min      | 216        |
|    avg_first_trade_entry_delay_an... | 201        |
|    episode_pnl                       | 1.01       |
|    first_trade_is_ny_open_rate       | 0          |
|    first_trade_matches_intent_rate   | 0.429      |
|    first_trade_pnl                   | 7.13       |
|    first_trade_win_rate              | 0.714      |
|    ny_open_trade_rate                | 0          |
|    pnl_continuation_days             | 0.636      |
|    pnl_sweep_high_days               | 3.32       |
|    pnl_sweep_low_days                | 0.59       |
|    trades_per_episode                | 0.24       |
|    win_rate                          | 0.571      |
|    win_rate_continuation             | 0.027      |
|    win_rate_sweep_days               | 0.231      |
| train/                               |            |
|    approx_kl                         | 0.00942597 |
|    clip_fraction                     | 0.0468     |
|    clip_range                        | 0.2        |
|    entropy_loss                      | -0.0688    |
|    explained_variance                | 0.717      |
|    learning_rate                     | 0.0003     |
|    loss                              | 0.0134     |
|    n_updates                         | 4040       |
|    policy_gradient_loss              | -0.0155    |
|    value_loss                        | 0.109      |
| validation/                          |            |
|    acceptance_passed                 | 0          |
|    avg_first_trade_duration_min      | 189        |
|    avg_first_trade_entry_delay_an... | 221        |
|    first_trade_is_ny_open_rate       | 0.118      |
|    first_trade_matches_intent_rate   | 0.353      |
|    first_trade_win_rate              | 64.7       |
|    ny_open_first_trade_win_rate      | 0          |
|    ny_open_trade_rate                | 0.0174     |
|    pnl_continuation_days             | 0.627      |
|    pnl_sweep_low_days                | 0.643      |
|    profit_factor                     | 1.69       |
|    trades_per_episode                | 0.226      |
|    win_rate                          | 30.8       |
|    win_rate_continuation             | 4.82       |
|    win_rate_sweep_days               | 25         |
-----------------------------------------------------
----------------------------------
| session/            |          |
|    london_range_pts | 28.1     |
| time/               |          |
|    fps              | 4        |
|    iterations       | 240      |
|    time_elapsed     | 121641   |
|    total_timesteps  | 831520   |
----------------------------------
---------------------------------------
| session/                |           |
|    london_range_pts     | 24.1      |
| time/                   |           |
|    fps                  | 4         |
|    iterations           | 241       |
|    time_elapsed         | 122205    |
|    total_timesteps      | 833568    |
| train/                  |           |
|    approx_kl            | 0.0102204 |
|    clip_fraction        | 0.0434    |
|    clip_range           | 0.2       |
|    entropy_loss         | -0.0682   |
|    explained_variance   | 0.665     |
|    learning_rate        | 0.0003    |
|    loss                 | 0.00614   |
|    n_updates            | 4050      |
|    policy_gradient_loss | -0.0166   |
|    value_loss           | 0.115     |
---------------------------------------
Eval num_timesteps=835000, episode_reward=-3.76 +/- 0.86
Episode length: 35.00 +/- 0.00
------------------------------------------------------
| eval/                                |             |
|    mean_ep_length                    | 35          |
|    mean_reward                       | -3.76       |
| policy/                              |             |
|    ent_coef                          | 0.01        |
|    hold_rate_500                     | 0.94        |
| session/                             |             |
|    london_range_pts                  | 39.2        |
| time/                                |             |
|    total_timesteps                   | 835000      |
| trade/                               |             |
|    avg_first_trade_duration_min      | 161         |
|    avg_first_trade_entry_delay_an... | 195         |
|    episode_pnl                       | 0.461       |
|    first_trade_is_ny_open_rate       | 0.25        |
|    first_trade_matches_intent_rate   | 0.625       |
|    first_trade_pnl                   | 1.92        |
|    first_trade_win_rate              | 0.625       |
|    ny_open_trade_rate                | 0.04        |
|    pnl_continuation_days             | 0.209       |
|    pnl_sweep_high_days               | 2.51        |
|    pnl_sweep_low_days                | -0.143      |
|    trades_per_episode                | 0.32        |
|    win_rate                          | 0.75        |
|    win_rate_continuation             | 0.0606      |
|    win_rate_sweep_days               | 0.235       |
| train/                               |             |
|    approx_kl                         | 0.009981751 |
|    clip_fraction                     | 0.0495      |
|    clip_range                        | 0.2         |
|    entropy_loss                      | -0.0779     |
|    explained_variance                | 0.633       |
|    learning_rate                     | 0.0003      |
|    loss                              | 0.00397     |
|    n_updates                         | 4060        |
|    policy_gradient_loss              | -0.0154     |
|    value_loss                        | 0.149       |
------------------------------------------------------
----------------------------------
| session/            |          |
|    london_range_pts | 25.3     |
| time/               |          |
|    fps              | 4        |
|    iterations       | 242      |
|    time_elapsed     | 122879   |
|    total_timesteps  | 835616   |
----------------------------------
-----------------------------------------
| session/                |             |
|    london_range_pts     | 26.7        |
| time/                   |             |
|    fps                  | 4           |
|    iterations           | 243         |
|    time_elapsed         | 123532      |
|    total_timesteps      | 837664      |
| train/                  |             |
|    approx_kl            | 0.011357037 |
|    clip_fraction        | 0.048       |
|    clip_range           | 0.2         |
|    entropy_loss         | -0.0696     |
|    explained_variance   | 0.692       |
|    learning_rate        | 0.0003      |
|    loss                 | -0.00544    |
|    n_updates            | 4070        |
|    policy_gradient_loss | -0.0167     |
|    value_loss           | 0.133       |
-----------------------------------------
----------------------------------------
| session/                |            |
|    london_range_pts     | 31.5       |
| time/                   |            |
|    fps                  | 4          |
|    iterations           | 244        |
|    time_elapsed         | 124253     |
|    total_timesteps      | 839712     |
| train/                  |            |
|    approx_kl            | 0.01254417 |
|    clip_fraction        | 0.037      |
|    clip_range           | 0.2        |
|    entropy_loss         | -0.0455    |
|    explained_variance   | 0.702      |
|    learning_rate        | 0.0003     |
|    loss                 | 0.0146     |
|    n_updates            | 4080       |
|    policy_gradient_loss | -0.0146    |
|    value_loss           | 0.136      |
----------------------------------------
Eval num_timesteps=840000, episode_reward=-4.39 +/- 0.76
Episode length: 35.00 +/- 0.00
------------------------------------------------------
| eval/                                |             |
|    mean_ep_length                    | 35          |
|    mean_reward                       | -4.39       |
| policy/                              |             |
|    ent_coef                          | 0.01        |
|    hold_rate_500                     | 0.938       |
| session/                             |             |
|    london_range_pts                  | 40.7        |
| time/                                |             |
|    total_timesteps                   | 840000      |
| trade/                               |             |
|    avg_first_trade_duration_min      | 60          |
|    avg_first_trade_entry_delay_an... | 304         |
|    episode_pnl                       | 1.67        |
|    first_trade_is_ny_open_rate       | 0.0909      |
|    first_trade_matches_intent_rate   | 0.182       |
|    first_trade_pnl                   | 3.47        |
|    first_trade_win_rate              | 0.909       |
|    ny_open_trade_rate                | 0.02        |
|    pnl_continuation_days             | 1.95        |
|    pnl_sweep_high_days               | 1.12        |
|    pnl_sweep_low_days                | 1.34        |
|    trades_per_episode                | 0.48        |
|    win_rate                          | 0.727       |
|    win_rate_continuation             | 0.0968      |
|    win_rate_sweep_days               | 0.263       |
| train/                               |             |
|    approx_kl                         | 0.019110382 |
|    clip_fraction                     | 0.0458      |
|    clip_range                        | 0.2         |
|    entropy_loss                      | -0.0681     |
|    explained_variance                | 0.734       |
|    learning_rate                     | 0.0003      |
|    loss                              | 0.0216      |
|    n_updates                         | 4090        |
|    policy_gradient_loss              | -0.0145     |
|    value_loss                        | 0.132       |
| validation/                          |             |
|    acceptance_passed                 | 0           |
|    avg_first_trade_duration_min      | 180         |
|    avg_first_trade_entry_delay_an... | 227         |
|    first_trade_is_ny_open_rate       | 0.176       |
|    first_trade_matches_intent_rate   | 0.353       |
|    first_trade_win_rate              | 64.7        |
|    ny_open_first_trade_win_rate      | 0           |
|    ny_open_trade_rate                | 0.0261      |
|    pnl_continuation_days             | 0.578       |
|    pnl_sweep_low_days                | 0.643       |
|    profit_factor                     | 1.69        |
|    trades_per_episode                | 0.217       |
|    win_rate                          | 32          |
|    win_rate_continuation             | 4.82        |
|    win_rate_sweep_days               | 25          |
------------------------------------------------------
----------------------------------
| session/            |          |
|    london_range_pts | 26.1     |
| time/               |          |
|    fps              | 3        |
|    iterations       | 245      |
|    time_elapsed     | 125497   |
|    total_timesteps  | 841760   |
----------------------------------
-----------------------------------------
| session/                |             |
|    london_range_pts     | 14.9        |
| time/                   |             |
|    fps                  | 3           |
|    iterations           | 246         |
|    time_elapsed         | 126210      |
|    total_timesteps      | 843808      |
| train/                  |             |
|    approx_kl            | 0.010444057 |
|    clip_fraction        | 0.0452      |
|    clip_range           | 0.2         |
|    entropy_loss         | -0.0597     |
|    explained_variance   | 0.634       |
|    learning_rate        | 0.0003      |
|    loss                 | 0.00291     |
|    n_updates            | 4100        |
|    policy_gradient_loss | -0.016      |
|    value_loss           | 0.122       |
-----------------------------------------
Eval num_timesteps=845000, episode_reward=-4.12 +/- 1.04
Episode length: 35.00 +/- 0.00
-----------------------------------------------------
| eval/                                |            |
|    mean_ep_length                    | 35         |
|    mean_reward                       | -4.12      |
| policy/                              |            |
|    ent_coef                          | 0.01       |
|    hold_rate_500                     | 0.956      |
| session/                             |            |
|    london_range_pts                  | 52.7       |
| time/                                |            |
|    total_timesteps                   | 845000     |
| trade/                               |            |
|    avg_first_trade_duration_min      | 111        |
|    avg_first_trade_entry_delay_an... | 251        |
|    episode_pnl                       | 0.643      |
|    first_trade_is_ny_open_rate       | 0.125      |
|    first_trade_matches_intent_rate   | 0.625      |
|    first_trade_pnl                   | 0.566      |
|    first_trade_win_rate              | 0.375      |
|    ny_open_trade_rate                | 0.02       |
|    pnl_continuation_days             | 0.977      |
|    pnl_sweep_high_days               | -0.0969    |
|    pnl_sweep_low_days                | 0.272      |
|    trades_per_episode                | 0.32       |
|    win_rate                          | 0.625      |
|    win_rate_continuation             | 0.0968     |
|    win_rate_sweep_days               | 0.105      |
| train/                               |            |
|    approx_kl                         | 0.01629631 |
|    clip_fraction                     | 0.0483     |
|    clip_range                        | 0.2        |
|    entropy_loss                      | -0.0665    |
|    explained_variance                | 0.718      |
|    learning_rate                     | 0.0003     |
|    loss                              | -0.00262   |
|    n_updates                         | 4110       |
|    policy_gradient_loss              | -0.0168    |
|    value_loss                        | 0.149      |
-----------------------------------------------------
----------------------------------
| session/            |          |
|    london_range_pts | 40.7     |
| time/               |          |
|    fps              | 3        |
|    iterations       | 247      |
|    time_elapsed     | 126948   |
|    total_timesteps  | 845856   |
----------------------------------
-----------------------------------------
| session/                |             |
|    london_range_pts     | 16.2        |
| time/                   |             |
|    fps                  | 3           |
|    iterations           | 248         |
|    time_elapsed         | 127750      |
|    total_timesteps      | 847904      |
| train/                  |             |
|    approx_kl            | 0.008503683 |
|    clip_fraction        | 0.0291      |
|    clip_range           | 0.2         |
|    entropy_loss         | -0.044      |
|    explained_variance   | 0.724       |
|    learning_rate        | 0.0003      |
|    loss                 | 0.0247      |
|    n_updates            | 4120        |
|    policy_gradient_loss | -0.00879    |
|    value_loss           | 0.119       |
-----------------------------------------
-----------------------------------------
| session/                |             |
|    london_range_pts     | 15.2        |
| time/                   |             |
|    fps                  | 3           |
|    iterations           | 249         |
|    time_elapsed         | 128450      |
|    total_timesteps      | 849952      |
| train/                  |             |
|    approx_kl            | 0.009904098 |
|    clip_fraction        | 0.0387      |
|    clip_range           | 0.2         |
|    entropy_loss         | -0.051      |
|    explained_variance   | 0.699       |
|    learning_rate        | 0.0003      |
|    loss                 | -0.00203    |
|    n_updates            | 4130        |
|    policy_gradient_loss | -0.0142     |
|    value_loss           | 0.115       |
-----------------------------------------
Eval num_timesteps=850000, episode_reward=-3.70 +/- 0.42
Episode length: 35.00 +/- 0.00
------------------------------------------------------
| eval/                                |             |
|    mean_ep_length                    | 35          |
|    mean_reward                       | -3.7        |
| policy/                              |             |
|    ent_coef                          | 0.01        |
|    hold_rate_500                     | 0.964       |
| session/                             |             |
|    london_range_pts                  | 17.2        |
| time/                                |             |
|    total_timesteps                   | 850000      |
| trade/                               |             |
|    avg_first_trade_duration_min      | 148         |
|    avg_first_trade_entry_delay_an... | 290         |
|    episode_pnl                       | 0.725       |
|    first_trade_is_ny_open_rate       | 0           |
|    first_trade_matches_intent_rate   | 0.444       |
|    first_trade_pnl                   | 1.59        |
|    first_trade_win_rate              | 0.556       |
|    ny_open_trade_rate                | 0           |
|    pnl_continuation_days             | 0.331       |
|    pnl_sweep_high_days               | 0.93        |
|    pnl_sweep_low_days                | 1.4         |
|    trades_per_episode                | 0.3         |
|    win_rate                          | 0.778       |
|    win_rate_continuation             | 0.0882      |
|    win_rate_sweep_days               | 0.25        |
| train/                               |             |
|    approx_kl                         | 0.007600972 |
|    clip_fraction                     | 0.0301      |
|    clip_range                        | 0.2         |
|    entropy_loss                      | -0.0426     |
|    explained_variance                | 0.718       |
|    learning_rate                     | 0.0003      |
|    loss                              | 0.0173      |
|    n_updates                         | 4140        |
|    policy_gradient_loss              | -0.0102     |
|    value_loss                        | 0.122       |
| validation/                          |             |
|    acceptance_passed                 | 0           |
|    avg_first_trade_duration_min      | 193         |
|    avg_first_trade_entry_delay_an... | 222         |
|    first_trade_is_ny_open_rate       | 0.118       |
|    first_trade_matches_intent_rate   | 0.353       |
|    first_trade_win_rate              | 64.7        |
|    ny_open_first_trade_win_rate      | 0           |
|    ny_open_trade_rate                | 0.0174      |
|    pnl_continuation_days             | 0.627       |
|    pnl_sweep_low_days                | 0.643       |
|    profit_factor                     | 1.86        |
|    trades_per_episode                | 0.226       |
|    win_rate                          | 34.6        |
|    win_rate_continuation             | 4.82        |
|    win_rate_sweep_days               | 25          |
------------------------------------------------------
----------------------------------
| session/            |          |
|    london_range_pts | 52.7     |
| time/               |          |
|    fps              | 3        |
|    iterations       | 250      |
|    time_elapsed     | 129401   |
|    total_timesteps  | 852000   |
----------------------------------
-----------------------------------------
| session/                |             |
|    london_range_pts     | 28.6        |
| time/                   |             |
|    fps                  | 3           |
|    iterations           | 251         |
|    time_elapsed         | 129901      |
|    total_timesteps      | 854048      |
| train/                  |             |
|    approx_kl            | 0.011405408 |
|    clip_fraction        | 0.0419      |
|    clip_range           | 0.2         |
|    entropy_loss         | -0.058      |
|    explained_variance   | 0.679       |
|    learning_rate        | 0.0003      |
|    loss                 | -0.000457   |
|    n_updates            | 4150        |
|    policy_gradient_loss | -0.0135     |
|    value_loss           | 0.103       |
-----------------------------------------
Eval num_timesteps=855000, episode_reward=-4.12 +/- 0.70
Episode length: 35.00 +/- 0.00
------------------------------------------------------
| eval/                                |             |
|    mean_ep_length                    | 35          |
|    mean_reward                       | -4.12       |
| policy/                              |             |
|    ent_coef                          | 0.01        |
|    hold_rate_500                     | 0.948       |
| session/                             |             |
|    london_range_pts                  | 34.8        |
| time/                                |             |
|    total_timesteps                   | 855000      |
| trade/                               |             |
|    avg_first_trade_duration_min      | 109         |
|    avg_first_trade_entry_delay_an... | 270         |
|    episode_pnl                       | 0.807       |
|    first_trade_is_ny_open_rate       | 0           |
|    first_trade_matches_intent_rate   | 0.5         |
|    first_trade_pnl                   | 2.27        |
|    first_trade_win_rate              | 0.75        |
|    ny_open_trade_rate                | 0           |
|    pnl_continuation_days             | 0.785       |
|    pnl_sweep_high_days               | 0.796       |
|    pnl_sweep_low_days                | 0.955       |
|    trades_per_episode                | 0.28        |
|    win_rate                          | 0.875       |
|    win_rate_continuation             | 0.135       |
|    win_rate_sweep_days               | 0.154       |
| train/                               |             |
|    approx_kl                         | 0.017638214 |
|    clip_fraction                     | 0.0636      |
|    clip_range                        | 0.2         |
|    entropy_loss                      | -0.0991     |
|    explained_variance                | 0.665       |
|    learning_rate                     | 0.0003      |
|    loss                              | -0.0305     |
|    n_updates                         | 4160        |
|    policy_gradient_loss              | -0.0209     |
|    value_loss                        | 0.14        |
------------------------------------------------------
----------------------------------
| session/            |          |
|    london_range_pts | 32.8     |
| time/               |          |
|    fps              | 3        |
|    iterations       | 252      |
|    time_elapsed     | 130333   |
|    total_timesteps  | 856096   |
----------------------------------
-----------------------------------------
| session/                |             |
|    london_range_pts     | 28.7        |
| time/                   |             |
|    fps                  | 3           |
|    iterations           | 253         |
|    time_elapsed         | 130741      |
|    total_timesteps      | 858144      |
| train/                  |             |
|    approx_kl            | 0.010007129 |
|    clip_fraction        | 0.0386      |
|    clip_range           | 0.2         |
|    entropy_loss         | -0.0575     |
|    explained_variance   | 0.703       |
|    learning_rate        | 0.0003      |
|    loss                 | 0.0208      |
|    n_updates            | 4170        |
|    policy_gradient_loss | -0.0147     |
|    value_loss           | 0.111       |
-----------------------------------------
Eval num_timesteps=860000, episode_reward=-4.33 +/- 0.60
Episode length: 35.00 +/- 0.00
------------------------------------------------------
| eval/                                |             |
|    mean_ep_length                    | 35          |
|    mean_reward                       | -4.33       |
| policy/                              |             |
|    ent_coef                          | 0.01        |
|    hold_rate_500                     | 0.964       |
| session/                             |             |
|    london_range_pts                  | 21.5        |
| time/                                |             |
|    total_timesteps                   | 860000      |
| trade/                               |             |
|    avg_first_trade_duration_min      | 105         |
|    avg_first_trade_entry_delay_an... | 268         |
|    episode_pnl                       | 0.537       |
|    first_trade_is_ny_open_rate       | 0           |
|    first_trade_matches_intent_rate   | 0.333       |
|    first_trade_pnl                   | 3.28        |
|    first_trade_win_rate              | 0.833       |
|    ny_open_trade_rate                | 0           |
|    pnl_continuation_days             | 0.258       |
|    pnl_sweep_high_days               | 2.31        |
|    pnl_sweep_low_days                | 1.21        |
|    trades_per_episode                | 0.16        |
|    win_rate                          | 1           |
|    win_rate_continuation             | 0.05        |
|    win_rate_sweep_days               | 0.4         |
| train/                               |             |
|    approx_kl                         | 0.005450619 |
|    clip_fraction                     | 0.0223      |
|    clip_range                        | 0.2         |
|    entropy_loss                      | -0.0332     |
|    explained_variance                | 0.723       |
|    learning_rate                     | 0.0003      |
|    loss                              | 0.0068      |
|    n_updates                         | 4180        |
|    policy_gradient_loss              | -0.00743    |
|    value_loss                        | 0.101       |
| validation/                          |             |
|    acceptance_passed                 | 0           |
|    avg_first_trade_duration_min      | 180         |
|    avg_first_trade_entry_delay_an... | 219         |
|    first_trade_is_ny_open_rate       | 0.176       |
|    first_trade_matches_intent_rate   | 0.353       |
|    first_trade_win_rate              | 64.7        |
|    ny_open_first_trade_win_rate      | 0           |
|    ny_open_trade_rate                | 0.0261      |
|    pnl_continuation_days             | 0.633       |
|    pnl_sweep_low_days                | 0.643       |
|    profit_factor                     | 1.86        |
|    trades_per_episode                | 0.226       |
|    win_rate                          | 34.6        |
|    win_rate_continuation             | 4.82        |
|    win_rate_sweep_days               | 25          |
------------------------------------------------------
----------------------------------
| session/            |          |
|    london_range_pts | 18       |
| time/               |          |
|    fps              | 3        |
|    iterations       | 254      |
|    time_elapsed     | 131445   |
|    total_timesteps  | 860192   |
----------------------------------
-----------------------------------------
| session/                |             |
|    london_range_pts     | 18.2        |
| time/                   |             |
|    fps                  | 3           |
|    iterations           | 255         |
|    time_elapsed         | 131867      |
|    total_timesteps      | 862240      |
| train/                  |             |
|    approx_kl            | 0.010935623 |
|    clip_fraction        | 0.0415      |
|    clip_range           | 0.2         |
|    entropy_loss         | -0.0661     |
|    explained_variance   | 0.757       |
|    learning_rate        | 0.0003      |
|    loss                 | 0.00789     |
|    n_updates            | 4190        |
|    policy_gradient_loss | -0.0134     |
|    value_loss           | 0.124       |
-----------------------------------------
----------------------------------------
| session/                |            |
|    london_range_pts     | 39.2       |
| time/                   |            |
|    fps                  | 3          |
|    iterations           | 256        |
|    time_elapsed         | 132252     |
|    total_timesteps      | 864288     |
| train/                  |            |
|    approx_kl            | 0.00928278 |
|    clip_fraction        | 0.04       |
|    clip_range           | 0.2        |
|    entropy_loss         | -0.0613    |
|    explained_variance   | 0.697      |
|    learning_rate        | 0.0003     |
|    loss                 | -0.00888   |
|    n_updates            | 4200       |
|    policy_gradient_loss | -0.0135    |
|    value_loss           | 0.149      |
----------------------------------------
Eval num_timesteps=865000, episode_reward=-4.24 +/- 0.71
Episode length: 35.00 +/- 0.00
------------------------------------------------------
| eval/                                |             |
|    mean_ep_length                    | 35          |
|    mean_reward                       | -4.24       |
| policy/                              |             |
|    ent_coef                          | 0.01        |
|    hold_rate_500                     | 0.951       |
| session/                             |             |
|    london_range_pts                  | 30.6        |
| time/                                |             |
|    total_timesteps                   | 865000      |
| trade/                               |             |
|    avg_first_trade_duration_min      | 158         |
|    avg_first_trade_entry_delay_an... | 268         |
|    episode_pnl                       | 2.65        |
|    first_trade_is_ny_open_rate       | 0.1         |
|    first_trade_matches_intent_rate   | 0.2         |
|    first_trade_pnl                   | 6.52        |
|    first_trade_win_rate              | 0.9         |
|    ny_open_trade_rate                | 0.02        |
|    pnl_continuation_days             | 2.52        |
|    pnl_sweep_high_days               | 4.02        |
|    pnl_sweep_low_days                | 0.406       |
|    trades_per_episode                | 0.38        |
|    win_rate                          | 1           |
|    win_rate_continuation             | 0.129       |
|    win_rate_sweep_days               | 0.316       |
| train/                               |             |
|    approx_kl                         | 0.009425426 |
|    clip_fraction                     | 0.0445      |
|    clip_range                        | 0.2         |
|    entropy_loss                      | -0.0582     |
|    explained_variance                | 0.668       |
|    learning_rate                     | 0.0003      |
|    loss                              | 0.00714     |
|    n_updates                         | 4210        |
|    policy_gradient_loss              | -0.0147     |
|    value_loss                        | 0.13        |
------------------------------------------------------
----------------------------------
| session/            |          |
|    london_range_pts | 36.4     |
| time/               |          |
|    fps              | 3        |
|    iterations       | 257      |
|    time_elapsed     | 132675   |
|    total_timesteps  | 866336   |
----------------------------------
-----------------------------------------
| session/                |             |
|    london_range_pts     | 20.3        |
| time/                   |             |
|    fps                  | 3           |
|    iterations           | 258         |
|    time_elapsed         | 133046      |
|    total_timesteps      | 868384      |
| train/                  |             |
|    approx_kl            | 0.013052345 |
|    clip_fraction        | 0.0449      |
|    clip_range           | 0.2         |
|    entropy_loss         | -0.0592     |
|    explained_variance   | 0.699       |
|    learning_rate        | 0.0003      |
|    loss                 | 0.0158      |
|    n_updates            | 4220        |
|    policy_gradient_loss | -0.0158     |
|    value_loss           | 0.127       |
-----------------------------------------
Eval num_timesteps=870000, episode_reward=-4.51 +/- 0.52
Episode length: 35.00 +/- 0.00
------------------------------------------------------
| eval/                                |             |
|    mean_ep_length                    | 35          |
|    mean_reward                       | -4.51       |
| policy/                              |             |
|    ent_coef                          | 0.01        |
|    hold_rate_500                     | 0.962       |
| session/                             |             |
|    london_range_pts                  | 22.2        |
| time/                                |             |
|    total_timesteps                   | 870000      |
| trade/                               |             |
|    avg_first_trade_duration_min      | 72.9        |
|    avg_first_trade_entry_delay_an... | 309         |
|    episode_pnl                       | 1.78        |
|    first_trade_is_ny_open_rate       | 0           |
|    first_trade_matches_intent_rate   | 0.429       |
|    first_trade_pnl                   | 2.28        |
|    first_trade_win_rate              | 0.571       |
|    ny_open_trade_rate                | 0           |
|    pnl_continuation_days             | 1.61        |
|    pnl_sweep_high_days               | 4.04        |
|    pnl_sweep_low_days                | 0.637       |
|    trades_per_episode                | 0.34        |
|    win_rate                          | 0.571       |
|    win_rate_continuation             | 0.0588      |
|    win_rate_sweep_days               | 0.125       |
| train/                               |             |
|    approx_kl                         | 0.010052779 |
|    clip_fraction                     | 0.0311      |
|    clip_range                        | 0.2         |
|    entropy_loss                      | -0.0401     |
|    explained_variance                | 0.726       |
|    learning_rate                     | 0.0003      |
|    loss                              | 0.00956     |
|    n_updates                         | 4230        |
|    policy_gradient_loss              | -0.0118     |
|    value_loss                        | 0.119       |
| validation/                          |             |
|    acceptance_passed                 | 0           |
|    avg_first_trade_duration_min      | 176         |
|    avg_first_trade_entry_delay_an... | 216         |
|    first_trade_is_ny_open_rate       | 0.176       |
|    first_trade_matches_intent_rate   | 0.353       |
|    first_trade_win_rate              | 64.7        |
|    ny_open_first_trade_win_rate      | 0           |
|    ny_open_trade_rate                | 0.0261      |
|    pnl_continuation_days             | 0.633       |
|    pnl_sweep_low_days                | 0.643       |
|    profit_factor                     | 1.69        |
|    trades_per_episode                | 0.226       |
|    win_rate                          | 30.8        |
|    win_rate_continuation             | 4.82        |
|    win_rate_sweep_days               | 25          |
------------------------------------------------------
----------------------------------
| session/            |          |
|    london_range_pts | 43       |
| time/               |          |
|    fps              | 3        |
|    iterations       | 259      |
|    time_elapsed     | 133587   |
|    total_timesteps  | 870432   |
----------------------------------
----------------------------------------
| session/                |            |
|    london_range_pts     | 26.7       |
| time/                   |            |
|    fps                  | 3          |
|    iterations           | 260        |
|    time_elapsed         | 133926     |
|    total_timesteps      | 872480     |
| train/                  |            |
|    approx_kl            | 0.00751576 |
|    clip_fraction        | 0.0286     |
|    clip_range           | 0.2        |
|    entropy_loss         | -0.035     |
|    explained_variance   | 0.734      |
|    learning_rate        | 0.0003     |
|    loss                 | 0.00225    |
|    n_updates            | 4240       |
|    policy_gradient_loss | -0.0127    |
|    value_loss           | 0.117      |
----------------------------------------
------------------------------------------
| session/                |              |
|    london_range_pts     | 18.7         |
| time/                   |              |
|    fps                  | 3            |
|    iterations           | 261          |
|    time_elapsed         | 134278       |
|    total_timesteps      | 874528       |
| train/                  |              |
|    approx_kl            | 0.0066489177 |
|    clip_fraction        | 0.028        |
|    clip_range           | 0.2          |
|    entropy_loss         | -0.0359      |
|    explained_variance   | 0.6          |
|    learning_rate        | 0.0003       |
|    loss                 | 0.00763      |
|    n_updates            | 4250         |
|    policy_gradient_loss | -0.00852     |
|    value_loss           | 0.126        |
------------------------------------------
Eval num_timesteps=875000, episode_reward=-5.22 +/- 1.71
Episode length: 35.00 +/- 0.00
-------------------------------------------------------
| eval/                                |              |
|    mean_ep_length                    | 35           |
|    mean_reward                       | -5.22        |
| policy/                              |              |
|    ent_coef                          | 0.01         |
|    hold_rate_500                     | 0.947        |
| session/                             |              |
|    london_range_pts                  | 59.8         |
| time/                                |              |
|    total_timesteps                   | 875000       |
| trade/                               |              |
|    avg_first_trade_duration_min      | 162          |
|    avg_first_trade_entry_delay_an... | 299          |
|    episode_pnl                       | 1.15         |
|    first_trade_is_ny_open_rate       | 0            |
|    first_trade_matches_intent_rate   | 0.182        |
|    first_trade_pnl                   | 4.19         |
|    first_trade_win_rate              | 0.636        |
|    ny_open_trade_rate                | 0            |
|    pnl_continuation_days             | 0.862        |
|    pnl_sweep_high_days               | 1.48         |
|    pnl_sweep_low_days                | 1.78         |
|    trades_per_episode                | 0.34         |
|    win_rate                          | 0.727        |
|    win_rate_continuation             | 0.129        |
|    win_rate_sweep_days               | 0.211        |
| train/                               |              |
|    approx_kl                         | 0.0132095525 |
|    clip_fraction                     | 0.0493       |
|    clip_range                        | 0.2          |
|    entropy_loss                      | -0.0801      |
|    explained_variance                | 0.617        |
|    learning_rate                     | 0.0003       |
|    loss                              | 0.0156       |
|    n_updates                         | 4260         |
|    policy_gradient_loss              | -0.016       |
|    value_loss                        | 0.145        |
-------------------------------------------------------
----------------------------------
| session/            |          |
|    london_range_pts | 18.9     |
| time/               |          |
|    fps              | 3        |
|    iterations       | 262      |
|    time_elapsed     | 134644   |
|    total_timesteps  | 876576   |
----------------------------------
-----------------------------------------
| session/                |             |
|    london_range_pts     | 15.7        |
| time/                   |             |
|    fps                  | 3           |
|    iterations           | 263         |
|    time_elapsed         | 134992      |
|    total_timesteps      | 878624      |
| train/                  |             |
|    approx_kl            | 0.019714613 |
|    clip_fraction        | 0.0602      |
|    clip_range           | 0.2         |
|    entropy_loss         | -0.0796     |
|    explained_variance   | 0.617       |
|    learning_rate        | 0.0003      |
|    loss                 | 0.00555     |
|    n_updates            | 4270        |
|    policy_gradient_loss | -0.0191     |
|    value_loss           | 0.145       |
-----------------------------------------
Eval num_timesteps=880000, episode_reward=-2.71 +/- 1.92
Episode length: 35.00 +/- 0.00
------------------------------------------------------
| eval/                                |             |
|    mean_ep_length                    | 35          |
|    mean_reward                       | -2.71       |
| policy/                              |             |
|    ent_coef                          | 0.01        |
|    hold_rate_500                     | 0.947       |
| session/                             |             |
|    london_range_pts                  | 22.8        |
| time/                                |             |
|    total_timesteps                   | 880000      |
| trade/                               |             |
|    avg_first_trade_duration_min      | 183         |
|    avg_first_trade_entry_delay_an... | 214         |
|    episode_pnl                       | 1.32        |
|    first_trade_is_ny_open_rate       | 0.182       |
|    first_trade_matches_intent_rate   | 0.545       |
|    first_trade_pnl                   | 3.77        |
|    first_trade_win_rate              | 0.636       |
|    ny_open_trade_rate                | 0.04        |
|    pnl_continuation_days             | 1.28        |
|    pnl_sweep_high_days               | -0.339      |
|    pnl_sweep_low_days                | 2           |
|    trades_per_episode                | 0.38        |
|    win_rate                          | 0.818       |
|    win_rate_continuation             | 0.0938      |
|    win_rate_sweep_days               | 0.333       |
| train/                               |             |
|    approx_kl                         | 0.013099104 |
|    clip_fraction                     | 0.0558      |
|    clip_range                        | 0.2         |
|    entropy_loss                      | -0.0814     |
|    explained_variance                | 0.685       |
|    learning_rate                     | 0.0003      |
|    loss                              | -0.000808   |
|    n_updates                         | 4280        |
|    policy_gradient_loss              | -0.0149     |
|    value_loss                        | 0.144       |
| validation/                          |             |
|    acceptance_passed                 | 0           |
|    avg_first_trade_duration_min      | 189         |
|    avg_first_trade_entry_delay_an... | 210         |
|    first_trade_is_ny_open_rate       | 0.188       |
|    first_trade_matches_intent_rate   | 0.375       |
|    first_trade_win_rate              | 68.8        |
|    ny_open_first_trade_win_rate      | 0           |
|    ny_open_trade_rate                | 0.0261      |
|    pnl_continuation_days             | 0.571       |
|    pnl_sweep_low_days                | 0.643       |
|    profit_factor                     | 2.06        |
|    trades_per_episode                | 0.209       |
|    win_rate                          | 37.5        |
|    win_rate_continuation             | 4.82        |
|    win_rate_sweep_days               | 25          |
------------------------------------------------------
----------------------------------
| session/            |          |
|    london_range_pts | 18.1     |
| time/               |          |
|    fps              | 3        |
|    iterations       | 264      |
|    time_elapsed     | 135606   |
|    total_timesteps  | 880672   |
----------------------------------
-----------------------------------------
| session/                |             |
|    london_range_pts     | 34.8        |
| time/                   |             |
|    fps                  | 3           |
|    iterations           | 265         |
|    time_elapsed         | 136010      |
|    total_timesteps      | 882720      |
| train/                  |             |
|    approx_kl            | 0.013041462 |
|    clip_fraction        | 0.0484      |
|    clip_range           | 0.2         |
|    entropy_loss         | -0.0703     |
|    explained_variance   | 0.637       |
|    learning_rate        | 0.0003      |
|    loss                 | 0.0133      |
|    n_updates            | 4290        |
|    policy_gradient_loss | -0.0157     |
|    value_loss           | 0.114       |
-----------------------------------------
-----------------------------------------
| session/                |             |
|    london_range_pts     | 27          |
| time/                   |             |
|    fps                  | 3           |
|    iterations           | 266         |
|    time_elapsed         | 136466      |
|    total_timesteps      | 884768      |
| train/                  |             |
|    approx_kl            | 0.012308629 |
|    clip_fraction        | 0.0384      |
|    clip_range           | 0.2         |
|    entropy_loss         | -0.0509     |
|    explained_variance   | 0.638       |
|    learning_rate        | 0.0003      |
|    loss                 | 0.0167      |
|    n_updates            | 4300        |
|    policy_gradient_loss | -0.0112     |
|    value_loss           | 0.122       |
-----------------------------------------
Eval num_timesteps=885000, episode_reward=-3.16 +/- 1.43
Episode length: 35.00 +/- 0.00
------------------------------------------------------
| eval/                                |             |
|    mean_ep_length                    | 35          |
|    mean_reward                       | -3.16       |
| policy/                              |             |
|    ent_coef                          | 0.01        |
|    hold_rate_500                     | 0.956       |
| session/                             |             |
|    london_range_pts                  | 20.5        |
| time/                                |             |
|    total_timesteps                   | 885000      |
| trade/                               |             |
|    avg_first_trade_duration_min      | 98.6        |
|    avg_first_trade_entry_delay_an... | 319         |
|    episode_pnl                       | 0.611       |
|    first_trade_is_ny_open_rate       | 0           |
|    first_trade_matches_intent_rate   | 0.429       |
|    first_trade_pnl                   | 1.97        |
|    first_trade_win_rate              | 0.571       |
|    ny_open_trade_rate                | 0           |
|    pnl_continuation_days             | 0.71        |
|    pnl_sweep_high_days               | 0.995       |
|    pnl_sweep_low_days                | -0.0708     |
|    trades_per_episode                | 0.26        |
|    win_rate                          | 0.857       |
|    win_rate_continuation             | 0.1         |
|    win_rate_sweep_days               | 0.15        |
| train/                               |             |
|    approx_kl                         | 0.012872837 |
|    clip_fraction                     | 0.0359      |
|    clip_range                        | 0.2         |
|    entropy_loss                      | -0.0527     |
|    explained_variance                | 0.764       |
|    learning_rate                     | 0.0003      |
|    loss                              | 0.0141      |
|    n_updates                         | 4310        |
|    policy_gradient_loss              | -0.00957    |
|    value_loss                        | 0.107       |
------------------------------------------------------
----------------------------------
| session/            |          |
|    london_range_pts | 19.2     |
| time/               |          |
|    fps              | 3        |
|    iterations       | 267      |
|    time_elapsed     | 136884   |
|    total_timesteps  | 886816   |
----------------------------------
-----------------------------------------
| session/                |             |
|    london_range_pts     | 40.5        |
| time/                   |             |
|    fps                  | 3           |
|    iterations           | 268         |
|    time_elapsed         | 137232      |
|    total_timesteps      | 888864      |
| train/                  |             |
|    approx_kl            | 0.016857333 |
|    clip_fraction        | 0.0524      |
|    clip_range           | 0.2         |
|    entropy_loss         | -0.0697     |
|    explained_variance   | 0.702       |
|    learning_rate        | 0.0003      |
|    loss                 | 0.0354      |
|    n_updates            | 4320        |
|    policy_gradient_loss | -0.0173     |
|    value_loss           | 0.138       |
-----------------------------------------
Eval num_timesteps=890000, episode_reward=-4.02 +/- 0.59
Episode length: 35.00 +/- 0.00
------------------------------------------------------
| eval/                                |             |
|    mean_ep_length                    | 35          |
|    mean_reward                       | -4.02       |
| policy/                              |             |
|    ent_coef                          | 0.01        |
|    hold_rate_500                     | 0.955       |
| session/                             |             |
|    london_range_pts                  | 16.8        |
| time/                                |             |
|    total_timesteps                   | 890000      |
| trade/                               |             |
|    avg_first_trade_duration_min      | 84          |
|    avg_first_trade_entry_delay_an... | 375         |
|    episode_pnl                       | 0.275       |
|    first_trade_is_ny_open_rate       | 0           |
|    first_trade_matches_intent_rate   | 0.4         |
|    first_trade_pnl                   | 1.63        |
|    first_trade_win_rate              | 0.6         |
|    ny_open_trade_rate                | 0           |
|    pnl_continuation_days             | 0.202       |
|    pnl_sweep_high_days               | 0.745       |
|    pnl_sweep_low_days                | 0           |
|    trades_per_episode                | 0.12        |
|    win_rate                          | 0.6         |
|    win_rate_continuation             | 0.0286      |
|    win_rate_sweep_days               | 0.133       |
| train/                               |             |
|    approx_kl                         | 0.011037504 |
|    clip_fraction                     | 0.0362      |
|    clip_range                        | 0.2         |
|    entropy_loss                      | -0.0606     |
|    explained_variance                | 0.741       |
|    learning_rate                     | 0.0003      |
|    loss                              | 0.0166      |
|    n_updates                         | 4330        |
|    policy_gradient_loss              | -0.0112     |
|    value_loss                        | 0.117       |
| validation/                          |             |
|    acceptance_passed                 | 0           |
|    avg_first_trade_duration_min      | 204         |
|    avg_first_trade_entry_delay_an... | 197         |
|    first_trade_is_ny_open_rate       | 0.214       |
|    first_trade_matches_intent_rate   | 0.357       |
|    first_trade_win_rate              | 78.6        |
|    ny_open_first_trade_win_rate      | 0           |
|    ny_open_trade_rate                | 0.0261      |
|    pnl_continuation_days             | 0.633       |
|    pnl_sweep_low_days                | 1.07        |
|    profit_factor                     | 3.79        |
|    trades_per_episode                | 0.191       |
|    win_rate                          | 40.9        |
|    win_rate_continuation             | 4.82        |
|    win_rate_sweep_days               | 25          |
------------------------------------------------------
----------------------------------
| session/            |          |
|    london_range_pts | 42.9     |
| time/               |          |
|    fps              | 3        |
|    iterations       | 269      |
|    time_elapsed     | 137903   |
|    total_timesteps  | 890912   |
----------------------------------
-----------------------------------------
| session/                |             |
|    london_range_pts     | 31.4        |
| time/                   |             |
|    fps                  | 3           |
|    iterations           | 270         |
|    time_elapsed         | 138294      |
|    total_timesteps      | 892960      |
| train/                  |             |
|    approx_kl            | 0.007872622 |
|    clip_fraction        | 0.0245      |
|    clip_range           | 0.2         |
|    entropy_loss         | -0.0322     |
|    explained_variance   | 0.784       |
|    learning_rate        | 0.0003      |
|    loss                 | 0.0272      |
|    n_updates            | 4340        |
|    policy_gradient_loss | -0.00633    |
|    value_loss           | 0.0968      |
-----------------------------------------
Eval num_timesteps=895000, episode_reward=-3.94 +/- 1.21
Episode length: 35.00 +/- 0.00
-------------------------------------------------------
| eval/                                |              |
|    mean_ep_length                    | 35           |
|    mean_reward                       | -3.94        |
| policy/                              |              |
|    ent_coef                          | 0.01         |
|    hold_rate_500                     | 0.952        |
| session/                             |              |
|    london_range_pts                  | 20.5         |
| time/                                |              |
|    total_timesteps                   | 895000       |
| trade/                               |              |
|    avg_first_trade_duration_min      | 141          |
|    avg_first_trade_entry_delay_an... | 282          |
|    episode_pnl                       | 1.5          |
|    first_trade_is_ny_open_rate       | 0            |
|    first_trade_matches_intent_rate   | 0.667        |
|    first_trade_pnl                   | 2.78         |
|    first_trade_win_rate              | 0.667        |
|    ny_open_trade_rate                | 0            |
|    pnl_continuation_days             | 1.56         |
|    pnl_sweep_high_days               | 1.97         |
|    pnl_sweep_low_days                | 0.958        |
|    trades_per_episode                | 0.44         |
|    win_rate                          | 0.75         |
|    win_rate_continuation             | 0.179        |
|    win_rate_sweep_days               | 0.182        |
| train/                               |              |
|    approx_kl                         | 0.0127150575 |
|    clip_fraction                     | 0.0467       |
|    clip_range                        | 0.2          |
|    entropy_loss                      | -0.0636      |
|    explained_variance                | 0.781        |
|    learning_rate                     | 0.0003       |
|    loss                              | 0.00446      |
|    n_updates                         | 4350         |
|    policy_gradient_loss              | -0.0161      |
|    value_loss                        | 0.0995       |
-------------------------------------------------------
----------------------------------
| session/            |          |
|    london_range_pts | 29.8     |
| time/               |          |
|    fps              | 4        |
|    iterations       | 271      |
|    time_elapsed     | 138712   |
|    total_timesteps  | 895008   |
----------------------------------
-----------------------------------------
| session/                |             |
|    london_range_pts     | 18.9        |
| time/                   |             |
|    fps                  | 4           |
|    iterations           | 272         |
|    time_elapsed         | 139133      |
|    total_timesteps      | 897056      |
| train/                  |             |
|    approx_kl            | 0.011583101 |
|    clip_fraction        | 0.0607      |
|    clip_range           | 0.2         |
|    entropy_loss         | -0.0926     |
|    explained_variance   | 0.739       |
|    learning_rate        | 0.0003      |
|    loss                 | 0.0237      |
|    n_updates            | 4360        |
|    policy_gradient_loss | -0.0194     |
|    value_loss           | 0.139       |
-----------------------------------------
-----------------------------------------
| session/                |             |
|    london_range_pts     | 14.8        |
| time/                   |             |
|    fps                  | 4           |
|    iterations           | 273         |
|    time_elapsed         | 139574      |
|    total_timesteps      | 899104      |
| train/                  |             |
|    approx_kl            | 0.012902294 |
|    clip_fraction        | 0.0499      |
|    clip_range           | 0.2         |
|    entropy_loss         | -0.0787     |
|    explained_variance   | 0.602       |
|    learning_rate        | 0.0003      |
|    loss                 | 0.00919     |
|    n_updates            | 4370        |
|    policy_gradient_loss | -0.0153     |
|    value_loss           | 0.189       |
-----------------------------------------
Eval num_timesteps=900000, episode_reward=-2.38 +/- 2.24
Episode length: 35.00 +/- 0.00
-------------------------------------------------------
| eval/                                |              |
|    mean_ep_length                    | 35           |
|    mean_reward                       | -2.38        |
| policy/                              |              |
|    ent_coef                          | 0.01         |
|    hold_rate_500                     | 0.951        |
| session/                             |              |
|    london_range_pts                  | 14.5         |
| time/                                |              |
|    total_timesteps                   | 900000       |
| trade/                               |              |
|    avg_first_trade_duration_min      | 176          |
|    avg_first_trade_entry_delay_an... | 262          |
|    episode_pnl                       | 0.436        |
|    first_trade_is_ny_open_rate       | 0            |
|    first_trade_matches_intent_rate   | 0            |
|    first_trade_pnl                   | 3.39         |
|    first_trade_win_rate              | 0.75         |
|    ny_open_trade_rate                | 0            |
|    pnl_continuation_days             | 0.422        |
|    pnl_sweep_high_days               | 1.03         |
|    pnl_sweep_low_days                | 0            |
|    trades_per_episode                | 0.12         |
|    win_rate                          | 0.75         |
|    win_rate_continuation             | 0.0541       |
|    win_rate_sweep_days               | 0.0769       |
| train/                               |              |
|    approx_kl                         | 0.0074014603 |
|    clip_fraction                     | 0.0324       |
|    clip_range                        | 0.2          |
|    entropy_loss                      | -0.0464      |
|    explained_variance                | 0.619        |
|    learning_rate                     | 0.0003       |
|    loss                              | 0.0275       |
|    n_updates                         | 4380         |
|    policy_gradient_loss              | -0.0128      |
|    value_loss                        | 0.151        |
| validation/                          |              |
|    acceptance_passed                 | 0            |
|    avg_first_trade_duration_min      | 172          |
|    avg_first_trade_entry_delay_an... | 222          |
|    first_trade_is_ny_open_rate       | 0.176        |
|    first_trade_matches_intent_rate   | 0.353        |
|    first_trade_win_rate              | 64.7         |
|    ny_open_first_trade_win_rate      | 0            |
|    ny_open_trade_rate                | 0.0261       |
|    pnl_continuation_days             | 0.627        |
|    pnl_sweep_low_days                | 0.643        |
|    profit_factor                     | 2.17         |
|    trades_per_episode                | 0.217        |
|    win_rate                          | 32           |
|    win_rate_continuation             | 4.82         |
|    win_rate_sweep_days               | 25           |
-------------------------------------------------------
----------------------------------
| session/            |          |
|    london_range_pts | 16.4     |
| time/               |          |
|    fps              | 3        |
|    iterations       | 274      |
|    time_elapsed     | 140323   |
|    total_timesteps  | 901152   |
----------------------------------
----------------------------------------
| session/                |            |
|    london_range_pts     | 27.6       |
| time/                   |            |
|    fps                  | 4          |
|    iterations           | 275        |
|    time_elapsed         | 140794     |
|    total_timesteps      | 903200     |
| train/                  |            |
|    approx_kl            | 0.01307531 |
|    clip_fraction        | 0.045      |
|    clip_range           | 0.2        |
|    entropy_loss         | -0.0614    |
|    explained_variance   | 0.695      |
|    learning_rate        | 0.0003     |
|    loss                 | 0.000781   |
|    n_updates            | 4390       |
|    policy_gradient_loss | -0.0165    |
|    value_loss           | 0.117      |
----------------------------------------
Eval num_timesteps=905000, episode_reward=-3.99 +/- 0.67
Episode length: 35.00 +/- 0.00
------------------------------------------------------
| eval/                                |             |
|    mean_ep_length                    | 35          |
|    mean_reward                       | -3.99       |
| policy/                              |             |
|    ent_coef                          | 0.01        |
|    hold_rate_500                     | 0.946       |
| session/                             |             |
|    london_range_pts                  | 40.9        |
| time/                                |             |
|    total_timesteps                   | 905000      |
| trade/                               |             |
|    avg_first_trade_duration_min      | 176         |
|    avg_first_trade_entry_delay_an... | 229         |
|    episode_pnl                       | 1.24        |
|    first_trade_is_ny_open_rate       | 0.25        |
|    first_trade_matches_intent_rate   | 0.125       |
|    first_trade_pnl                   | 4.86        |
|    first_trade_win_rate              | 0.75        |
|    ny_open_trade_rate                | 0.04        |
|    pnl_continuation_days             | 1.54        |
|    pnl_sweep_high_days               | 1.84        |
|    pnl_sweep_low_days                | -0.489      |
|    trades_per_episode                | 0.3         |
|    win_rate                          | 0.75        |
|    win_rate_continuation             | 0.129       |
|    win_rate_sweep_days               | 0.105       |
| train/                               |             |
|    approx_kl                         | 0.008139042 |
|    clip_fraction                     | 0.0414      |
|    clip_range                        | 0.2         |
|    entropy_loss                      | -0.0685     |
|    explained_variance                | 0.655       |
|    learning_rate                     | 0.0003      |
|    loss                              | 0.00918     |
|    n_updates                         | 4400        |
|    policy_gradient_loss              | -0.0118     |
|    value_loss                        | 0.165       |
------------------------------------------------------
----------------------------------
| session/            |          |
|    london_range_pts | 33       |
| time/               |          |
|    fps              | 4        |
|    iterations       | 276      |
|    time_elapsed     | 141208   |
|    total_timesteps  | 905248   |
----------------------------------
-----------------------------------------
| session/                |             |
|    london_range_pts     | 33.6        |
| time/                   |             |
|    fps                  | 4           |
|    iterations           | 277         |
|    time_elapsed         | 141558      |
|    total_timesteps      | 907296      |
| train/                  |             |
|    approx_kl            | 0.010584455 |
|    clip_fraction        | 0.0482      |
|    clip_range           | 0.2         |
|    entropy_loss         | -0.0677     |
|    explained_variance   | 0.704       |
|    learning_rate        | 0.0003      |
|    loss                 | -0.0214     |
|    n_updates            | 4410        |
|    policy_gradient_loss | -0.0173     |
|    value_loss           | 0.13        |
-----------------------------------------
-----------------------------------------
| session/                |             |
|    london_range_pts     | 27.2        |
| time/                   |             |
|    fps                  | 4           |
|    iterations           | 278         |
|    time_elapsed         | 141917      |
|    total_timesteps      | 909344      |
| train/                  |             |
|    approx_kl            | 0.008588562 |
|    clip_fraction        | 0.0419      |
|    clip_range           | 0.2         |
|    entropy_loss         | -0.0573     |
|    explained_variance   | 0.657       |
|    learning_rate        | 0.0003      |
|    loss                 | -0.00117    |
|    n_updates            | 4420        |
|    policy_gradient_loss | -0.0151     |
|    value_loss           | 0.164       |
-----------------------------------------
Eval num_timesteps=910000, episode_reward=-5.04 +/- 1.65
Episode length: 35.00 +/- 0.00
------------------------------------------------------
| eval/                                |             |
|    mean_ep_length                    | 35          |
|    mean_reward                       | -5.04       |
| policy/                              |             |
|    ent_coef                          | 0.01        |
|    hold_rate_500                     | 0.962       |
| session/                             |             |
|    london_range_pts                  | 30.3        |
| time/                                |             |
|    total_timesteps                   | 910000      |
| trade/                               |             |
|    avg_first_trade_duration_min      | 206         |
|    avg_first_trade_entry_delay_an... | 216         |
|    episode_pnl                       | 0.747       |
|    first_trade_is_ny_open_rate       | 0.143       |
|    first_trade_matches_intent_rate   | 0.571       |
|    first_trade_pnl                   | 5.34        |
|    first_trade_win_rate              | 0.857       |
|    ny_open_trade_rate                | 0.02        |
|    pnl_continuation_days             | 0.115       |
|    pnl_sweep_high_days               | 2.37        |
|    pnl_sweep_low_days                | 1.76        |
|    trades_per_episode                | 0.2         |
|    win_rate                          | 0.857       |
|    win_rate_continuation             | 0.0303      |
|    win_rate_sweep_days               | 0.294       |
| train/                               |             |
|    approx_kl                         | 0.007815646 |
|    clip_fraction                     | 0.031       |
|    clip_range                        | 0.2         |
|    entropy_loss                      | -0.0437     |
|    explained_variance                | 0.639       |
|    learning_rate                     | 0.0003      |
|    loss                              | 0.00801     |
|    n_updates                         | 4430        |
|    policy_gradient_loss              | -0.0127     |
|    value_loss                        | 0.122       |
| validation/                          |             |
|    acceptance_passed                 | 0           |
|    avg_first_trade_duration_min      | 177         |
|    avg_first_trade_entry_delay_an... | 222         |
|    first_trade_is_ny_open_rate       | 0.188       |
|    first_trade_matches_intent_rate   | 0.375       |
|    first_trade_win_rate              | 62.5        |
|    ny_open_first_trade_win_rate      | 0           |
|    ny_open_trade_rate                | 0.0261      |
|    pnl_continuation_days             | 0.516       |
|    pnl_sweep_low_days                | 0.643       |
|    profit_factor                     | 1.72        |
|    trades_per_episode                | 0.217       |
|    win_rate                          | 36          |
|    win_rate_continuation             | 3.61        |
|    win_rate_sweep_days               | 28.1        |
------------------------------------------------------
----------------------------------
| session/            |          |
|    london_range_pts | 44.9     |
| time/               |          |
|    fps              | 4        |
|    iterations       | 279      |
|    time_elapsed     | 142562   |
|    total_timesteps  | 911392   |
----------------------------------
-----------------------------------------
| session/                |             |
|    london_range_pts     | 51.5        |
| time/                   |             |
|    fps                  | 4           |
|    iterations           | 280         |
|    time_elapsed         | 142972      |
|    total_timesteps      | 913440      |
| train/                  |             |
|    approx_kl            | 0.012329701 |
|    clip_fraction        | 0.058       |
|    clip_range           | 0.2         |
|    entropy_loss         | -0.0849     |
|    explained_variance   | 0.726       |
|    learning_rate        | 0.0003      |
|    loss                 | -0.00256    |
|    n_updates            | 4440        |
|    policy_gradient_loss | -0.0159     |
|    value_loss           | 0.125       |
-----------------------------------------
Eval num_timesteps=915000, episode_reward=-3.52 +/- 0.72
Episode length: 35.00 +/- 0.00
------------------------------------------------------
| eval/                                |             |
|    mean_ep_length                    | 35          |
|    mean_reward                       | -3.52       |
| policy/                              |             |
|    ent_coef                          | 0.01        |
|    hold_rate_500                     | 0.953       |
| session/                             |             |
|    london_range_pts                  | 28.9        |
| time/                                |             |
|    total_timesteps                   | 915000      |
| trade/                               |             |
|    avg_first_trade_duration_min      | 138         |
|    avg_first_trade_entry_delay_an... | 305         |
|    episode_pnl                       | 1.48        |
|    first_trade_is_ny_open_rate       | 0           |
|    first_trade_matches_intent_rate   | 0.333       |
|    first_trade_pnl                   | 3.83        |
|    first_trade_win_rate              | 0.5         |
|    ny_open_trade_rate                | 0           |
|    pnl_continuation_days             | 1.99        |
|    pnl_sweep_high_days               | 0.17        |
|    pnl_sweep_low_days                | 0.631       |
|    trades_per_episode                | 0.26        |
|    win_rate                          | 0.667       |
|    win_rate_continuation             | 0.0588      |
|    win_rate_sweep_days               | 0.125       |
| train/                               |             |
|    approx_kl                         | 0.009075256 |
|    clip_fraction                     | 0.0382      |
|    clip_range                        | 0.2         |
|    entropy_loss                      | -0.0519     |
|    explained_variance                | 0.763       |
|    learning_rate                     | 0.0003      |
|    loss                              | -0.00548    |
|    n_updates                         | 4450        |
|    policy_gradient_loss              | -0.0125     |
|    value_loss                        | 0.0846      |
------------------------------------------------------
----------------------------------
| session/            |          |
|    london_range_pts | 15.3     |
| time/               |          |
|    fps              | 4        |
|    iterations       | 281      |
|    time_elapsed     | 143386   |
|    total_timesteps  | 915488   |
----------------------------------
-----------------------------------------
| session/                |             |
|    london_range_pts     | 26.5        |
| time/                   |             |
|    fps                  | 4           |
|    iterations           | 282         |
|    time_elapsed         | 143823      |
|    total_timesteps      | 917536      |
| train/                  |             |
|    approx_kl            | 0.007537763 |
|    clip_fraction        | 0.0236      |
|    clip_range           | 0.2         |
|    entropy_loss         | -0.0428     |
|    explained_variance   | 0.731       |
|    learning_rate        | 0.0003      |
|    loss                 | 0.028       |
|    n_updates            | 4460        |
|    policy_gradient_loss | -0.00691    |
|    value_loss           | 0.143       |
-----------------------------------------
-----------------------------------------
| session/                |             |
|    london_range_pts     | 25.7        |
| time/                   |             |
|    fps                  | 4           |
|    iterations           | 283         |
|    time_elapsed         | 144282      |
|    total_timesteps      | 919584      |
| train/                  |             |
|    approx_kl            | 0.009637732 |
|    clip_fraction        | 0.0493      |
|    clip_range           | 0.2         |
|    entropy_loss         | -0.0731     |
|    explained_variance   | 0.718       |
|    learning_rate        | 0.0003      |
|    loss                 | -0.00545    |
|    n_updates            | 4470        |
|    policy_gradient_loss | -0.0166     |
|    value_loss           | 0.139       |
-----------------------------------------
Eval num_timesteps=920000, episode_reward=-4.00 +/- 0.62
Episode length: 35.00 +/- 0.00
------------------------------------------------------
| eval/                                |             |
|    mean_ep_length                    | 35          |
|    mean_reward                       | -4          |
| policy/                              |             |
|    ent_coef                          | 0.01        |
|    hold_rate_500                     | 0.956       |
| session/                             |             |
|    london_range_pts                  | 31.5        |
| time/                                |             |
|    total_timesteps                   | 920000      |
| trade/                               |             |
|    avg_first_trade_duration_min      | 143         |
|    avg_first_trade_entry_delay_an... | 273         |
|    episode_pnl                       | 0.765       |
|    first_trade_is_ny_open_rate       | 0.111       |
|    first_trade_matches_intent_rate   | 0.111       |
|    first_trade_pnl                   | 2.01        |
|    first_trade_win_rate              | 0.667       |
|    ny_open_trade_rate                | 0.02        |
|    pnl_continuation_days             | 1.01        |
|    pnl_sweep_high_days               | 0.225       |
|    pnl_sweep_low_days                | 0           |
|    trades_per_episode                | 0.26        |
|    win_rate                          | 0.778       |
|    win_rate_continuation             | 0.111       |
|    win_rate_sweep_days               | 0.214       |
| train/                               |             |
|    approx_kl                         | 0.013561264 |
|    clip_fraction                     | 0.0515      |
|    clip_range                        | 0.2         |
|    entropy_loss                      | -0.0741     |
|    explained_variance                | 0.722       |
|    learning_rate                     | 0.0003      |
|    loss                              | 0.0206      |
|    n_updates                         | 4480        |
|    policy_gradient_loss              | -0.0155     |
|    value_loss                        | 0.121       |
| validation/                          |             |
|    acceptance_passed                 | 0           |
|    avg_first_trade_duration_min      | 176         |
|    avg_first_trade_entry_delay_an... | 224         |
|    first_trade_is_ny_open_rate       | 0.188       |
|    first_trade_matches_intent_rate   | 0.375       |
|    first_trade_win_rate              | 62.5        |
|    ny_open_first_trade_win_rate      | 0           |
|    ny_open_trade_rate                | 0.0261      |
|    pnl_continuation_days             | 0.516       |
|    pnl_sweep_low_days                | 0.643       |
|    profit_factor                     | 1.69        |
|    trades_per_episode                | 0.209       |
|    win_rate                          | 33.3        |
|    win_rate_continuation             | 3.61        |
|    win_rate_sweep_days               | 25          |
------------------------------------------------------
----------------------------------
| session/            |          |
|    london_range_pts | 19.5     |
| time/               |          |
|    fps              | 4        |
|    iterations       | 284      |
|    time_elapsed     | 144950   |
|    total_timesteps  | 921632   |
----------------------------------
----------------------------------------
| session/                |            |
|    london_range_pts     | 16.1       |
| time/                   |            |
|    fps                  | 4          |
|    iterations           | 285        |
|    time_elapsed         | 145276     |
|    total_timesteps      | 923680     |
| train/                  |            |
|    approx_kl            | 0.01811644 |
|    clip_fraction        | 0.0512     |
|    clip_range           | 0.2        |
|    entropy_loss         | -0.0729    |
|    explained_variance   | 0.698      |
|    learning_rate        | 0.0003     |
|    loss                 | -0.00305   |
|    n_updates            | 4490       |
|    policy_gradient_loss | -0.018     |
|    value_loss           | 0.117      |
----------------------------------------
Eval num_timesteps=925000, episode_reward=-4.30 +/- 0.72
Episode length: 35.00 +/- 0.00
------------------------------------------------------
| eval/                                |             |
|    mean_ep_length                    | 35          |
|    mean_reward                       | -4.3        |
| policy/                              |             |
|    ent_coef                          | 0.01        |
|    hold_rate_500                     | 0.932       |
| session/                             |             |
|    london_range_pts                  | 20.3        |
| time/                                |             |
|    total_timesteps                   | 925000      |
| trade/                               |             |
|    avg_first_trade_duration_min      | 151         |
|    avg_first_trade_entry_delay_an... | 220         |
|    episode_pnl                       | 0.754       |
|    first_trade_is_ny_open_rate       | 0.25        |
|    first_trade_matches_intent_rate   | 0.25        |
|    first_trade_pnl                   | 2.37        |
|    first_trade_win_rate              | 0.583       |
|    ny_open_trade_rate                | 0.06        |
|    pnl_continuation_days             | 0.661       |
|    pnl_sweep_high_days               | 0.2         |
|    pnl_sweep_low_days                | 1.53        |
|    trades_per_episode                | 0.4         |
|    win_rate                          | 0.583       |
|    win_rate_continuation             | 0.118       |
|    win_rate_sweep_days               | 0.188       |
| train/                               |             |
|    approx_kl                         | 0.013963106 |
|    clip_fraction                     | 0.0481      |
|    clip_range                        | 0.2         |
|    entropy_loss                      | -0.0707     |
|    explained_variance                | 0.69        |
|    learning_rate                     | 0.0003      |
|    loss                              | 0.0412      |
|    n_updates                         | 4500        |
|    policy_gradient_loss              | -0.019      |
|    value_loss                        | 0.17        |
------------------------------------------------------
----------------------------------
| session/            |          |
|    london_range_pts | 33       |
| time/               |          |
|    fps              | 4        |
|    iterations       | 286      |
|    time_elapsed     | 145606   |
|    total_timesteps  | 925728   |
----------------------------------
-----------------------------------------
| session/                |             |
|    london_range_pts     | 15.9        |
| time/                   |             |
|    fps                  | 4           |
|    iterations           | 287         |
|    time_elapsed         | 145929      |
|    total_timesteps      | 927776      |
| train/                  |             |
|    approx_kl            | 0.012835487 |
|    clip_fraction        | 0.0646      |
|    clip_range           | 0.2         |
|    entropy_loss         | -0.092      |
|    explained_variance   | 0.682       |
|    learning_rate        | 0.0003      |
|    loss                 | 0.0131      |
|    n_updates            | 4510        |
|    policy_gradient_loss | -0.0205     |
|    value_loss           | 0.157       |
-----------------------------------------
-----------------------------------------
| session/                |             |
|    london_range_pts     | 15          |
| time/                   |             |
|    fps                  | 4           |
|    iterations           | 288         |
|    time_elapsed         | 146274      |
|    total_timesteps      | 929824      |
| train/                  |             |
|    approx_kl            | 0.008672069 |
|    clip_fraction        | 0.0381      |
|    clip_range           | 0.2         |
|    entropy_loss         | -0.0546     |
|    explained_variance   | 0.726       |
|    learning_rate        | 0.0003      |
|    loss                 | 0.0215      |
|    n_updates            | 4520        |
|    policy_gradient_loss | -0.0145     |
|    value_loss           | 0.129       |
-----------------------------------------
Eval num_timesteps=930000, episode_reward=-3.95 +/- 0.67
Episode length: 35.00 +/- 0.00
------------------------------------------------------
| eval/                                |             |
|    mean_ep_length                    | 35          |
|    mean_reward                       | -3.95       |
| policy/                              |             |
|    ent_coef                          | 0.01        |
|    hold_rate_500                     | 0.948       |
| session/                             |             |
|    london_range_pts                  | 29.7        |
| time/                                |             |
|    total_timesteps                   | 930000      |
| trade/                               |             |
|    avg_first_trade_duration_min      | 237         |
|    avg_first_trade_entry_delay_an... | 205         |
|    episode_pnl                       | 1.13        |
|    first_trade_is_ny_open_rate       | 0.333       |
|    first_trade_matches_intent_rate   | 0.444       |
|    first_trade_pnl                   | 5.06        |
|    first_trade_win_rate              | 0.778       |
|    ny_open_trade_rate                | 0.06        |
|    pnl_continuation_days             | 0.656       |
|    pnl_sweep_high_days               | 1.24        |
|    pnl_sweep_low_days                | 2.97        |
|    trades_per_episode                | 0.26        |
|    win_rate                          | 0.889       |
|    win_rate_continuation             | 0.0909      |
|    win_rate_sweep_days               | 0.294       |
| train/                               |             |
|    approx_kl                         | 0.009548882 |
|    clip_fraction                     | 0.0433      |
|    clip_range                        | 0.2         |
|    entropy_loss                      | -0.0706     |
|    explained_variance                | 0.619       |
|    learning_rate                     | 0.0003      |
|    loss                              | -0.00684    |
|    n_updates                         | 4530        |
|    policy_gradient_loss              | -0.0171     |
|    value_loss                        | 0.159       |
| validation/                          |             |
|    acceptance_passed                 | 0           |
|    avg_first_trade_duration_min      | 173         |
|    avg_first_trade_entry_delay_an... | 219         |
|    first_trade_is_ny_open_rate       | 0.176       |
|    first_trade_matches_intent_rate   | 0.353       |
|    first_trade_win_rate              | 64.7        |
|    ny_open_first_trade_win_rate      | 0           |
|    ny_open_trade_rate                | 0.0261      |
|    pnl_continuation_days             | 0.571       |
|    pnl_sweep_low_days                | 0.643       |
|    profit_factor                     | 1.72        |
|    trades_per_episode                | 0.226       |
|    win_rate                          | 34.6        |
|    win_rate_continuation             | 4.82        |
|    win_rate_sweep_days               | 28.1        |
------------------------------------------------------
----------------------------------
| session/            |          |
|    london_range_pts | 24.5     |
| time/               |          |
|    fps              | 4        |
|    iterations       | 289      |
|    time_elapsed     | 146868   |
|    total_timesteps  | 931872   |
----------------------------------
------------------------------------------
| session/                |              |
|    london_range_pts     | 30.3         |
| time/                   |              |
|    fps                  | 4            |
|    iterations           | 290          |
|    time_elapsed         | 147237       |
|    total_timesteps      | 933920       |
| train/                  |              |
|    approx_kl            | 0.0060634734 |
|    clip_fraction        | 0.0344       |
|    clip_range           | 0.2          |
|    entropy_loss         | -0.0519      |
|    explained_variance   | 0.643        |
|    learning_rate        | 0.0003       |
|    loss                 | 0.00999      |
|    n_updates            | 4540         |
|    policy_gradient_loss | -0.0121      |
|    value_loss           | 0.129        |
------------------------------------------
Eval num_timesteps=935000, episode_reward=-4.18 +/- 1.16
Episode length: 35.00 +/- 0.00
------------------------------------------------------
| eval/                                |             |
|    mean_ep_length                    | 35          |
|    mean_reward                       | -4.18       |
| policy/                              |             |
|    ent_coef                          | 0.01        |
|    hold_rate_500                     | 0.953       |
| session/                             |             |
|    london_range_pts                  | 15.5        |
| time/                                |             |
|    total_timesteps                   | 935000      |
| trade/                               |             |
|    avg_first_trade_duration_min      | 162         |
|    avg_first_trade_entry_delay_an... | 207         |
|    episode_pnl                       | 0.888       |
|    first_trade_is_ny_open_rate       | 0           |
|    first_trade_matches_intent_rate   | 0.4         |
|    first_trade_pnl                   | 2.53        |
|    first_trade_win_rate              | 0.6         |
|    ny_open_trade_rate                | 0           |
|    pnl_continuation_days             | 0.814       |
|    pnl_sweep_high_days               | 1.48        |
|    pnl_sweep_low_days                | 0.715       |
|    trades_per_episode                | 0.22        |
|    win_rate                          | 1           |
|    win_rate_continuation             | 0.0909      |
|    win_rate_sweep_days               | 0.118       |
| train/                               |             |
|    approx_kl                         | 0.008794449 |
|    clip_fraction                     | 0.0368      |
|    clip_range                        | 0.2         |
|    entropy_loss                      | -0.0541     |
|    explained_variance                | 0.709       |
|    learning_rate                     | 0.0003      |
|    loss                              | 0.0266      |
|    n_updates                         | 4550        |
|    policy_gradient_loss              | -0.0116     |
|    value_loss                        | 0.135       |
------------------------------------------------------
----------------------------------
| session/            |          |
|    london_range_pts | 25.1     |
| time/               |          |
|    fps              | 4        |
|    iterations       | 291      |
|    time_elapsed     | 147624   |
|    total_timesteps  | 935968   |
----------------------------------
-----------------------------------------
| session/                |             |
|    london_range_pts     | 20.9        |
| time/                   |             |
|    fps                  | 4           |
|    iterations           | 292         |
|    time_elapsed         | 148015      |
|    total_timesteps      | 938016      |
| train/                  |             |
|    approx_kl            | 0.011395428 |
|    clip_fraction        | 0.0547      |
|    clip_range           | 0.2         |
|    entropy_loss         | -0.0923     |
|    explained_variance   | 0.712       |
|    learning_rate        | 0.0003      |
|    loss                 | 0.00269     |
|    n_updates            | 4560        |
|    policy_gradient_loss | -0.0182     |
|    value_loss           | 0.167       |
-----------------------------------------
Eval num_timesteps=940000, episode_reward=-4.31 +/- 0.63
Episode length: 35.00 +/- 0.00
------------------------------------------------------
| eval/                                |             |
|    mean_ep_length                    | 35          |
|    mean_reward                       | -4.31       |
| policy/                              |             |
|    ent_coef                          | 0.01        |
|    hold_rate_500                     | 0.943       |
| session/                             |             |
|    london_range_pts                  | 17.4        |
| time/                                |             |
|    total_timesteps                   | 940000      |
| trade/                               |             |
|    avg_first_trade_duration_min      | 96          |
|    avg_first_trade_entry_delay_an... | 338         |
|    episode_pnl                       | 0.794       |
|    first_trade_is_ny_open_rate       | 0           |
|    first_trade_matches_intent_rate   | 0.4         |
|    first_trade_pnl                   | 2.39        |
|    first_trade_win_rate              | 0.8         |
|    ny_open_trade_rate                | 0           |
|    pnl_continuation_days             | 1.09        |
|    pnl_sweep_high_days               | 0.107       |
|    pnl_sweep_low_days                | 0.0285      |
|    trades_per_episode                | 0.24        |
|    win_rate                          | 0.8         |
|    win_rate_continuation             | 0.133       |
|    win_rate_sweep_days               | 0.2         |
| train/                               |             |
|    approx_kl                         | 0.010825312 |
|    clip_fraction                     | 0.0449      |
|    clip_range                        | 0.2         |
|    entropy_loss                      | -0.0611     |
|    explained_variance                | 0.684       |
|    learning_rate                     | 0.0003      |
|    loss                              | 0.0119      |
|    n_updates                         | 4570        |
|    policy_gradient_loss              | -0.0139     |
|    value_loss                        | 0.142       |
| validation/                          |             |
|    acceptance_passed                 | 0           |
|    avg_first_trade_duration_min      | 174         |
|    avg_first_trade_entry_delay_an... | 228         |
|    first_trade_is_ny_open_rate       | 0.188       |
|    first_trade_matches_intent_rate   | 0.375       |
|    first_trade_win_rate              | 62.5        |
|    ny_open_first_trade_win_rate      | 0           |
|    ny_open_trade_rate                | 0.0261      |
|    pnl_continuation_days             | 0.516       |
|    pnl_sweep_low_days                | 0.643       |
|    profit_factor                     | 2.11        |
|    trades_per_episode                | 0.209       |
|    win_rate                          | 37.5        |
|    win_rate_continuation             | 3.61        |
|    win_rate_sweep_days               | 25          |
------------------------------------------------------
----------------------------------
| session/            |          |
|    london_range_pts | 25.6     |
| time/               |          |
|    fps              | 4        |
|    iterations       | 293      |
|    time_elapsed     | 148693   |
|    total_timesteps  | 940064   |
----------------------------------
-----------------------------------------
| session/                |             |
|    london_range_pts     | 17.6        |
| time/                   |             |
|    fps                  | 4           |
|    iterations           | 294         |
|    time_elapsed         | 149023      |
|    total_timesteps      | 942112      |
| train/                  |             |
|    approx_kl            | 0.008892342 |
|    clip_fraction        | 0.0422      |
|    clip_range           | 0.2         |
|    entropy_loss         | -0.0575     |
|    explained_variance   | 0.713       |
|    learning_rate        | 0.0003      |
|    loss                 | 0.00948     |
|    n_updates            | 4580        |
|    policy_gradient_loss | -0.0157     |
|    value_loss           | 0.105       |
-----------------------------------------
-----------------------------------------
| session/                |             |
|    london_range_pts     | 56.3        |
| time/                   |             |
|    fps                  | 4           |
|    iterations           | 295         |
|    time_elapsed         | 149317      |
|    total_timesteps      | 944160      |
| train/                  |             |
|    approx_kl            | 0.008922758 |
|    clip_fraction        | 0.0414      |
|    clip_range           | 0.2         |
|    entropy_loss         | -0.0539     |
|    explained_variance   | 0.747       |
|    learning_rate        | 0.0003      |
|    loss                 | -0.00278    |
|    n_updates            | 4590        |
|    policy_gradient_loss | -0.013      |
|    value_loss           | 0.086       |
-----------------------------------------
Eval num_timesteps=945000, episode_reward=-3.22 +/- 2.20
Episode length: 35.00 +/- 0.00
------------------------------------------------------
| eval/                                |             |
|    mean_ep_length                    | 35          |
|    mean_reward                       | -3.22       |
| policy/                              |             |
|    ent_coef                          | 0.01        |
|    hold_rate_500                     | 0.951       |
| session/                             |             |
|    london_range_pts                  | 27.1        |
| time/                                |             |
|    total_timesteps                   | 945000      |
| trade/                               |             |
|    avg_first_trade_duration_min      | 117         |
|    avg_first_trade_entry_delay_an... | 272         |
|    episode_pnl                       | 1.28        |
|    first_trade_is_ny_open_rate       | 0           |
|    first_trade_matches_intent_rate   | 0.333       |
|    first_trade_pnl                   | 3.34        |
|    first_trade_win_rate              | 0.778       |
|    ny_open_trade_rate                | 0           |
|    pnl_continuation_days             | 1.57        |
|    pnl_sweep_high_days               | 1.08        |
|    pnl_sweep_low_days                | 0.274       |
|    trades_per_episode                | 0.4         |
|    win_rate                          | 0.778       |
|    win_rate_continuation             | 0.114       |
|    win_rate_sweep_days               | 0.2         |
| train/                               |             |
|    approx_kl                         | 0.007985359 |
|    clip_fraction                     | 0.0492      |
|    clip_range                        | 0.2         |
|    entropy_loss                      | -0.0826     |
|    explained_variance                | 0.677       |
|    learning_rate                     | 0.0003      |
|    loss                              | 0.038       |
|    n_updates                         | 4600        |
|    policy_gradient_loss              | -0.0157     |
|    value_loss                        | 0.187       |
------------------------------------------------------
----------------------------------
| session/            |          |
|    london_range_pts | 23.6     |
| time/               |          |
|    fps              | 4        |
|    iterations       | 296      |
|    time_elapsed     | 149649   |
|    total_timesteps  | 946208   |
----------------------------------
----------------------------------------
| session/                |            |
|    london_range_pts     | 22.7       |
| time/                   |            |
|    fps                  | 4          |
|    iterations           | 297        |
|    time_elapsed         | 149975     |
|    total_timesteps      | 948256     |
| train/                  |            |
|    approx_kl            | 0.00881888 |
|    clip_fraction        | 0.0358     |
|    clip_range           | 0.2        |
|    entropy_loss         | -0.0622    |
|    explained_variance   | 0.727      |
|    learning_rate        | 0.0003     |
|    loss                 | 0.0162     |
|    n_updates            | 4610       |
|    policy_gradient_loss | -0.0104    |
|    value_loss           | 0.145      |
----------------------------------------
Eval num_timesteps=950000, episode_reward=-4.51 +/- 0.46
Episode length: 35.00 +/- 0.00
------------------------------------------------------
| eval/                                |             |
|    mean_ep_length                    | 35          |
|    mean_reward                       | -4.51       |
| policy/                              |             |
|    ent_coef                          | 0.01        |
|    hold_rate_500                     | 0.95        |
| session/                             |             |
|    london_range_pts                  | 21.9        |
| time/                                |             |
|    total_timesteps                   | 950000      |
| trade/                               |             |
|    avg_first_trade_duration_min      | 102         |
|    avg_first_trade_entry_delay_an... | 298         |
|    episode_pnl                       | 2.78        |
|    first_trade_is_ny_open_rate       | 0           |
|    first_trade_matches_intent_rate   | 0.2         |
|    first_trade_pnl                   | 4.26        |
|    first_trade_win_rate              | 0.8         |
|    ny_open_trade_rate                | 0           |
|    pnl_continuation_days             | 3.43        |
|    pnl_sweep_high_days               | 0.558       |
|    pnl_sweep_low_days                | 0.819       |
|    trades_per_episode                | 0.46        |
|    win_rate                          | 0.9         |
|    win_rate_continuation             | 0.184       |
|    win_rate_sweep_days               | 0.167       |
| train/                               |             |
|    approx_kl                         | 0.008244254 |
|    clip_fraction                     | 0.0459      |
|    clip_range                        | 0.2         |
|    entropy_loss                      | -0.0664     |
|    explained_variance                | 0.734       |
|    learning_rate                     | 0.0003      |
|    loss                              | -0.00522    |
|    n_updates                         | 4620        |
|    policy_gradient_loss              | -0.0179     |
|    value_loss                        | 0.116       |
| validation/                          |             |
|    acceptance_passed                 | 0           |
|    avg_first_trade_duration_min      | 173         |
|    avg_first_trade_entry_delay_an... | 221         |
|    first_trade_is_ny_open_rate       | 0.176       |
|    first_trade_matches_intent_rate   | 0.353       |
|    first_trade_win_rate              | 64.7        |
|    ny_open_first_trade_win_rate      | 0           |
|    ny_open_trade_rate                | 0.0261      |
|    pnl_continuation_days             | 0.632       |
|    pnl_sweep_low_days                | 0.643       |
|    profit_factor                     | 2.14        |
|    trades_per_episode                | 0.226       |
|    win_rate                          | 34.6        |
|    win_rate_continuation             | 4.82        |
|    win_rate_sweep_days               | 25          |
------------------------------------------------------
----------------------------------
| session/            |          |
|    london_range_pts | 14.9     |
| time/               |          |
|    fps              | 4        |
|    iterations       | 298      |
|    time_elapsed     | 150550   |
|    total_timesteps  | 950304   |
----------------------------------
------------------------------------------
| session/                |              |
|    london_range_pts     | 17.9         |
| time/                   |              |
|    fps                  | 4            |
|    iterations           | 299          |
|    time_elapsed         | 150894       |
|    total_timesteps      | 952352       |
| train/                  |              |
|    approx_kl            | 0.0071526663 |
|    clip_fraction        | 0.041        |
|    clip_range           | 0.2          |
|    entropy_loss         | -0.0594      |
|    explained_variance   | 0.653        |
|    learning_rate        | 0.0003       |
|    loss                 | 0.0124       |
|    n_updates            | 4630         |
|    policy_gradient_loss | -0.0144      |
|    value_loss           | 0.155        |
------------------------------------------
------------------------------------------
| session/                |              |
|    london_range_pts     | 31.6         |
| time/                   |              |
|    fps                  | 4            |
|    iterations           | 300          |
|    time_elapsed         | 151280       |
|    total_timesteps      | 954400       |
| train/                  |              |
|    approx_kl            | 0.0065614963 |
|    clip_fraction        | 0.0258       |
|    clip_range           | 0.2          |
|    entropy_loss         | -0.0388      |
|    explained_variance   | 0.63         |
|    learning_rate        | 0.0003       |
|    loss                 | 0.0298       |
|    n_updates            | 4640         |
|    policy_gradient_loss | -0.0103      |
|    value_loss           | 0.129        |
------------------------------------------
Eval num_timesteps=955000, episode_reward=-4.18 +/- 0.77
Episode length: 35.00 +/- 0.00
------------------------------------------------------
| eval/                                |             |
|    mean_ep_length                    | 35          |
|    mean_reward                       | -4.18       |
| policy/                              |             |
|    ent_coef                          | 0.01        |
|    hold_rate_500                     | 0.964       |
| session/                             |             |
|    london_range_pts                  | 34.1        |
| time/                                |             |
|    total_timesteps                   | 955000      |
| trade/                               |             |
|    avg_first_trade_duration_min      | 90          |
|    avg_first_trade_entry_delay_an... | 315         |
|    episode_pnl                       | -0.393      |
|    first_trade_is_ny_open_rate       | 0           |
|    first_trade_matches_intent_rate   | 0.333       |
|    first_trade_pnl                   | -2.76       |
|    first_trade_win_rate              | 0.167       |
|    ny_open_trade_rate                | 0           |
|    pnl_continuation_days             | -0.0643     |
|    pnl_sweep_high_days               | -1.04       |
|    pnl_sweep_low_days                | 0           |
|    trades_per_episode                | 0.16        |
|    win_rate                          | 0.167       |
|    win_rate_continuation             | 0.0333      |
|    win_rate_sweep_days               | 0           |
| train/                               |             |
|    approx_kl                         | 0.008779475 |
|    clip_fraction                     | 0.0422      |
|    clip_range                        | 0.2         |
|    entropy_loss                      | -0.057      |
|    explained_variance                | 0.761       |
|    learning_rate                     | 0.0003      |
|    loss                              | 0.0435      |
|    n_updates                         | 4650        |
|    policy_gradient_loss              | -0.0152     |
|    value_loss                        | 0.128       |
------------------------------------------------------
----------------------------------
| session/            |          |
|    london_range_pts | 28.7     |
| time/               |          |
|    fps              | 4        |
|    iterations       | 301      |
|    time_elapsed     | 151691   |
|    total_timesteps  | 956448   |
----------------------------------
-----------------------------------------
| session/                |             |
|    london_range_pts     | 23.6        |
| time/                   |             |
|    fps                  | 4           |
|    iterations           | 302         |
|    time_elapsed         | 152093      |
|    total_timesteps      | 958496      |
| train/                  |             |
|    approx_kl            | 0.011492053 |
|    clip_fraction        | 0.0437      |
|    clip_range           | 0.2         |
|    entropy_loss         | -0.0709     |
|    explained_variance   | 0.517       |
|    learning_rate        | 0.0003      |
|    loss                 | 0.00374     |
|    n_updates            | 4660        |
|    policy_gradient_loss | -0.0145     |
|    value_loss           | 0.19        |
-----------------------------------------
Eval num_timesteps=960000, episode_reward=-4.51 +/- 0.69
Episode length: 35.00 +/- 0.00
------------------------------------------------------
| eval/                                |             |
|    mean_ep_length                    | 35          |
|    mean_reward                       | -4.51       |
| policy/                              |             |
|    ent_coef                          | 0.01        |
|    hold_rate_500                     | 0.956       |
| session/                             |             |
|    london_range_pts                  | 29.8        |
| time/                                |             |
|    total_timesteps                   | 960000      |
| trade/                               |             |
|    avg_first_trade_duration_min      | 251         |
|    avg_first_trade_entry_delay_an... | 180         |
|    episode_pnl                       | 1.61        |
|    first_trade_is_ny_open_rate       | 0.375       |
|    first_trade_matches_intent_rate   | 0.625       |
|    first_trade_pnl                   | 8.12        |
|    first_trade_win_rate              | 1           |
|    ny_open_trade_rate                | 0.06        |
|    pnl_continuation_days             | 1.84        |
|    pnl_sweep_high_days               | 1.82        |
|    pnl_sweep_low_days                | 1.7         |
|    trades_per_episode                | 0.2         |
|    win_rate                          | 1           |
|    win_rate_continuation             | 0.171       |
|    win_rate_sweep_days               | 0.133       |
| train/                               |             |
|    approx_kl                         | 0.010898208 |
|    clip_fraction                     | 0.0452      |
|    clip_range                        | 0.2         |
|    entropy_loss                      | -0.0677     |
|    explained_variance                | 0.684       |
|    learning_rate                     | 0.0003      |
|    loss                              | 0.0452      |
|    n_updates                         | 4670        |
|    policy_gradient_loss              | -0.0163     |
|    value_loss                        | 0.154       |
| validation/                          |             |
|    acceptance_passed                 | 0           |
|    avg_first_trade_duration_min      | 168         |
|    avg_first_trade_entry_delay_an... | 241         |
|    first_trade_is_ny_open_rate       | 0.176       |
|    first_trade_matches_intent_rate   | 0.353       |
|    first_trade_win_rate              | 64.7        |
|    ny_open_first_trade_win_rate      | 0           |
|    ny_open_trade_rate                | 0.0261      |
|    pnl_continuation_days             | 0.577       |
|    pnl_sweep_low_days                | 0.643       |
|    profit_factor                     | 2.14        |
|    trades_per_episode                | 0.217       |
|    win_rate                          | 36          |
|    win_rate_continuation             | 4.82        |
|    win_rate_sweep_days               | 25          |
------------------------------------------------------
----------------------------------
| session/            |          |
|    london_range_pts | 40.3     |
| time/               |          |
|    fps              | 4        |
|    iterations       | 303      |
|    time_elapsed     | 152631   |
|    total_timesteps  | 960544   |
----------------------------------
-----------------------------------------
| session/                |             |
|    london_range_pts     | 15.9        |
| time/                   |             |
|    fps                  | 4           |
|    iterations           | 304         |
|    time_elapsed         | 152941      |
|    total_timesteps      | 962592      |
| train/                  |             |
|    approx_kl            | 0.008291905 |
|    clip_fraction        | 0.0313      |
|    clip_range           | 0.2         |
|    entropy_loss         | -0.0463     |
|    explained_variance   | 0.661       |
|    learning_rate        | 0.0003      |
|    loss                 | 0.0157      |
|    n_updates            | 4680        |
|    policy_gradient_loss | -0.0118     |
|    value_loss           | 0.153       |
-----------------------------------------
-----------------------------------------
| session/                |             |
|    london_range_pts     | 21.4        |
| time/                   |             |
|    fps                  | 4           |
|    iterations           | 305         |
|    time_elapsed         | 153251      |
|    total_timesteps      | 964640      |
| train/                  |             |
|    approx_kl            | 0.017282661 |
|    clip_fraction        | 0.0639      |
|    clip_range           | 0.2         |
|    entropy_loss         | -0.0985     |
|    explained_variance   | 0.662       |
|    learning_rate        | 0.0003      |
|    loss                 | 0.0168      |
|    n_updates            | 4690        |
|    policy_gradient_loss | -0.0207     |
|    value_loss           | 0.139       |
-----------------------------------------
Eval num_timesteps=965000, episode_reward=-3.79 +/- 0.93
Episode length: 35.00 +/- 0.00
------------------------------------------------------
| eval/                                |             |
|    mean_ep_length                    | 35          |
|    mean_reward                       | -3.79       |
| policy/                              |             |
|    ent_coef                          | 0.01        |
|    hold_rate_500                     | 0.939       |
| session/                             |             |
|    london_range_pts                  | 40.5        |
| time/                                |             |
|    total_timesteps                   | 965000      |
| trade/                               |             |
|    avg_first_trade_duration_min      | 159         |
|    avg_first_trade_entry_delay_an... | 202         |
|    episode_pnl                       | 2.49        |
|    first_trade_is_ny_open_rate       | 0.25        |
|    first_trade_matches_intent_rate   | 0.375       |
|    first_trade_pnl                   | 6.45        |
|    first_trade_win_rate              | 0.875       |
|    ny_open_trade_rate                | 0.04        |
|    pnl_continuation_days             | 3.06        |
|    pnl_sweep_high_days               | 0           |
|    pnl_sweep_low_days                | 3.37        |
|    trades_per_episode                | 0.36        |
|    win_rate                          | 1           |
|    win_rate_continuation             | 0.152       |
|    win_rate_sweep_days               | 0.176       |
| train/                               |             |
|    approx_kl                         | 0.007670761 |
|    clip_fraction                     | 0.0394      |
|    clip_range                        | 0.2         |
|    entropy_loss                      | -0.0639     |
|    explained_variance                | 0.642       |
|    learning_rate                     | 0.0003      |
|    loss                              | 0.0175      |
|    n_updates                         | 4700        |
|    policy_gradient_loss              | -0.0132     |
|    value_loss                        | 0.201       |
------------------------------------------------------
----------------------------------
| session/            |          |
|    london_range_pts | 20.2     |
| time/               |          |
|    fps              | 4        |
|    iterations       | 306      |
|    time_elapsed     | 153593   |
|    total_timesteps  | 966688   |
----------------------------------
-----------------------------------------
| session/                |             |
|    london_range_pts     | 35.5        |
| time/                   |             |
|    fps                  | 4           |
|    iterations           | 307         |
|    time_elapsed         | 153946      |
|    total_timesteps      | 968736      |
| train/                  |             |
|    approx_kl            | 0.007386988 |
|    clip_fraction        | 0.0397      |
|    clip_range           | 0.2         |
|    entropy_loss         | -0.0645     |
|    explained_variance   | 0.617       |
|    learning_rate        | 0.0003      |
|    loss                 | 0.00335     |
|    n_updates            | 4710        |
|    policy_gradient_loss | -0.0138     |
|    value_loss           | 0.129       |
-----------------------------------------
Eval num_timesteps=970000, episode_reward=-3.67 +/- 0.65
Episode length: 35.00 +/- 0.00
------------------------------------------------------
| eval/                                |             |
|    mean_ep_length                    | 35          |
|    mean_reward                       | -3.67       |
| policy/                              |             |
|    ent_coef                          | 0.01        |
|    hold_rate_500                     | 0.947       |
| session/                             |             |
|    london_range_pts                  | 12.6        |
| time/                                |             |
|    total_timesteps                   | 970000      |
| trade/                               |             |
|    avg_first_trade_duration_min      | 172         |
|    avg_first_trade_entry_delay_an... | 252         |
|    episode_pnl                       | 0.424       |
|    first_trade_is_ny_open_rate       | 0           |
|    first_trade_matches_intent_rate   | 0.167       |
|    first_trade_pnl                   | 3.53        |
|    first_trade_win_rate              | 0.667       |
|    ny_open_trade_rate                | 0           |
|    pnl_continuation_days             | 0.355       |
|    pnl_sweep_high_days               | 0.51        |
|    pnl_sweep_low_days                | 0.669       |
|    trades_per_episode                | 0.12        |
|    win_rate                          | 0.667       |
|    win_rate_continuation             | 0.0588      |
|    win_rate_sweep_days               | 0.125       |
| train/                               |             |
|    approx_kl                         | 0.009731733 |
|    clip_fraction                     | 0.0424      |
|    clip_range                        | 0.2         |
|    entropy_loss                      | -0.069      |
|    explained_variance                | 0.651       |
|    learning_rate                     | 0.0003      |
|    loss                              | 0.00533     |
|    n_updates                         | 4720        |
|    policy_gradient_loss              | -0.0158     |
|    value_loss                        | 0.144       |
| validation/                          |             |
|    acceptance_passed                 | 0           |
|    avg_first_trade_duration_min      | 169         |
|    avg_first_trade_entry_delay_an... | 236         |
|    first_trade_is_ny_open_rate       | 0.176       |
|    first_trade_matches_intent_rate   | 0.353       |
|    first_trade_win_rate              | 64.7        |
|    ny_open_first_trade_win_rate      | 0           |
|    ny_open_trade_rate                | 0.0261      |
|    pnl_continuation_days             | 0.568       |
|    pnl_sweep_low_days                | 0.643       |
|    profit_factor                     | 1.72        |
|    trades_per_episode                | 0.226       |
|    win_rate                          | 34.6        |
|    win_rate_continuation             | 4.82        |
|    win_rate_sweep_days               | 28.1        |
------------------------------------------------------
----------------------------------
| session/            |          |
|    london_range_pts | 25.9     |
| time/               |          |
|    fps              | 4        |
|    iterations       | 308      |
|    time_elapsed     | 154522   |
|    total_timesteps  | 970784   |
----------------------------------
----------------------------------------
| session/                |            |
|    london_range_pts     | 30.2       |
| time/                   |            |
|    fps                  | 4          |
|    iterations           | 309        |
|    time_elapsed         | 154880     |
|    total_timesteps      | 972832     |
| train/                  |            |
|    approx_kl            | 0.00880259 |
|    clip_fraction        | 0.0435     |
|    clip_range           | 0.2        |
|    entropy_loss         | -0.0683    |
|    explained_variance   | 0.672      |
|    learning_rate        | 0.0003     |
|    loss                 | 0.0186     |
|    n_updates            | 4730       |
|    policy_gradient_loss | -0.0148    |
|    value_loss           | 0.143      |
----------------------------------------
-----------------------------------------
| session/                |             |
|    london_range_pts     | 46.9        |
| time/                   |             |
|    fps                  | 4           |
|    iterations           | 310         |
|    time_elapsed         | 155248      |
|    total_timesteps      | 974880      |
| train/                  |             |
|    approx_kl            | 0.012863371 |
|    clip_fraction        | 0.0515      |
|    clip_range           | 0.2         |
|    entropy_loss         | -0.0744     |
|    explained_variance   | 0.723       |
|    learning_rate        | 0.0003      |
|    loss                 | 0.00292     |
|    n_updates            | 4740        |
|    policy_gradient_loss | -0.016      |
|    value_loss           | 0.122       |
-----------------------------------------
Eval num_timesteps=975000, episode_reward=-5.56 +/- 2.32
Episode length: 35.00 +/- 0.00
------------------------------------------------------
| eval/                                |             |
|    mean_ep_length                    | 35          |
|    mean_reward                       | -5.56       |
| policy/                              |             |
|    ent_coef                          | 0.01        |
|    hold_rate_500                     | 0.95        |
| session/                             |             |
|    london_range_pts                  | 25.6        |
| time/                                |             |
|    total_timesteps                   | 975000      |
| trade/                               |             |
|    avg_first_trade_duration_min      | 112         |
|    avg_first_trade_entry_delay_an... | 302         |
|    episode_pnl                       | 0.747       |
|    first_trade_is_ny_open_rate       | 0           |
|    first_trade_matches_intent_rate   | 0.333       |
|    first_trade_pnl                   | 4.49        |
|    first_trade_win_rate              | 0.833       |
|    ny_open_trade_rate                | 0           |
|    pnl_continuation_days             | 0.622       |
|    pnl_sweep_high_days               | 1.29        |
|    pnl_sweep_low_days                | 0.57        |
|    trades_per_episode                | 0.2         |
|    win_rate                          | 0.833       |
|    win_rate_continuation             | 0.0968      |
|    win_rate_sweep_days               | 0.105       |
| train/                               |             |
|    approx_kl                         | 0.009912768 |
|    clip_fraction                     | 0.0412      |
|    clip_range                        | 0.2         |
|    entropy_loss                      | -0.0606     |
|    explained_variance                | 0.783       |
|    learning_rate                     | 0.0003      |
|    loss                              | 0.00673     |
|    n_updates                         | 4750        |
|    policy_gradient_loss              | -0.0104     |
|    value_loss                        | 0.11        |
------------------------------------------------------
----------------------------------
| session/            |          |
|    london_range_pts | 35.2     |
| time/               |          |
|    fps              | 4        |
|    iterations       | 311      |
|    time_elapsed     | 155651   |
|    total_timesteps  | 976928   |
----------------------------------
------------------------------------------
| session/                |              |
|    london_range_pts     | 20.8         |
| time/                   |              |
|    fps                  | 4            |
|    iterations           | 312          |
|    time_elapsed         | 155919       |
|    total_timesteps      | 978976       |
| train/                  |              |
|    approx_kl            | 0.0108330175 |
|    clip_fraction        | 0.0396       |
|    clip_range           | 0.2          |
|    entropy_loss         | -0.0508      |
|    explained_variance   | 0.779        |
|    learning_rate        | 0.0003       |
|    loss                 | 0.0153       |
|    n_updates            | 4760         |
|    policy_gradient_loss | -0.0157      |
|    value_loss           | 0.0992       |
------------------------------------------
Eval num_timesteps=980000, episode_reward=-2.90 +/- 2.12
Episode length: 35.00 +/- 0.00
------------------------------------------------------
| eval/                                |             |
|    mean_ep_length                    | 35          |
|    mean_reward                       | -2.9        |
| policy/                              |             |
|    ent_coef                          | 0.01        |
|    hold_rate_500                     | 0.961       |
| session/                             |             |
|    london_range_pts                  | 18.6        |
| time/                                |             |
|    total_timesteps                   | 980000      |
| trade/                               |             |
|    avg_first_trade_duration_min      | 178         |
|    avg_first_trade_entry_delay_an... | 275         |
|    episode_pnl                       | 1.45        |
|    first_trade_is_ny_open_rate       | 0.222       |
|    first_trade_matches_intent_rate   | 0.222       |
|    first_trade_pnl                   | 7.23        |
|    first_trade_win_rate              | 0.778       |
|    ny_open_trade_rate                | 0.04        |
|    pnl_continuation_days             | 1.22        |
|    pnl_sweep_high_days               | 1.68        |
|    pnl_sweep_low_days                | 1.96        |
|    trades_per_episode                | 0.26        |
|    win_rate                          | 0.778       |
|    win_rate_continuation             | 0.0667      |
|    win_rate_sweep_days               | 0.25        |
| train/                               |             |
|    approx_kl                         | 0.009371254 |
|    clip_fraction                     | 0.0349      |
|    clip_range                        | 0.2         |
|    entropy_loss                      | -0.0505     |
|    explained_variance                | 0.7         |
|    learning_rate                     | 0.0003      |
|    loss                              | 0.0307      |
|    n_updates                         | 4770        |
|    policy_gradient_loss              | -0.0108     |
|    value_loss                        | 0.136       |
| validation/                          |             |
|    acceptance_passed                 | 0           |
|    avg_first_trade_duration_min      | 176         |
|    avg_first_trade_entry_delay_an... | 230         |
|    first_trade_is_ny_open_rate       | 0.176       |
|    first_trade_matches_intent_rate   | 0.353       |
|    first_trade_win_rate              | 64.7        |
|    ny_open_first_trade_win_rate      | 0           |
|    ny_open_trade_rate                | 0.0261      |
|    pnl_continuation_days             | 0.578       |
|    pnl_sweep_low_days                | 0.643       |
|    profit_factor                     | 1.69        |
|    trades_per_episode                | 0.217       |
|    win_rate                          | 32          |
|    win_rate_continuation             | 4.82        |
|    win_rate_sweep_days               | 25          |
------------------------------------------------------
----------------------------------
| session/            |          |
|    london_range_pts | 34.6     |
| time/               |          |
|    fps              | 4        |
|    iterations       | 313      |
|    time_elapsed     | 156436   |
|    total_timesteps  | 981024   |
----------------------------------
-----------------------------------------
| session/                |             |
|    london_range_pts     | 30.7        |
| time/                   |             |
|    fps                  | 4           |
|    iterations           | 314         |
|    time_elapsed         | 156751      |
|    total_timesteps      | 983072      |
| train/                  |             |
|    approx_kl            | 0.011207623 |
|    clip_fraction        | 0.0261      |
|    clip_range           | 0.2         |
|    entropy_loss         | -0.0419     |
|    explained_variance   | 0.541       |
|    learning_rate        | 0.0003      |
|    loss                 | 0.031       |
|    n_updates            | 4780        |
|    policy_gradient_loss | -0.00804    |
|    value_loss           | 0.153       |
-----------------------------------------
Eval num_timesteps=985000, episode_reward=-4.18 +/- 0.80
Episode length: 35.00 +/- 0.00
-------------------------------------------------------
| eval/                                |              |
|    mean_ep_length                    | 35           |
|    mean_reward                       | -4.18        |
| policy/                              |              |
|    ent_coef                          | 0.01         |
|    hold_rate_500                     | 0.964        |
| session/                             |              |
|    london_range_pts                  | 22.7         |
| time/                                |              |
|    total_timesteps                   | 985000       |
| trade/                               |              |
|    avg_first_trade_duration_min      | 122          |
|    avg_first_trade_entry_delay_an... | 282          |
|    episode_pnl                       | 0.702        |
|    first_trade_is_ny_open_rate       | 0            |
|    first_trade_matches_intent_rate   | 0.111        |
|    first_trade_pnl                   | 1.98         |
|    first_trade_win_rate              | 0.556        |
|    ny_open_trade_rate                | 0            |
|    pnl_continuation_days             | 0.943        |
|    pnl_sweep_high_days               | 0.298        |
|    pnl_sweep_low_days                | 0.419        |
|    trades_per_episode                | 0.3          |
|    win_rate                          | 0.556        |
|    win_rate_continuation             | 0.0667       |
|    win_rate_sweep_days               | 0.15         |
| train/                               |              |
|    approx_kl                         | 0.0073735197 |
|    clip_fraction                     | 0.02         |
|    clip_range                        | 0.2          |
|    entropy_loss                      | -0.0247      |
|    explained_variance                | 0.682        |
|    learning_rate                     | 0.0003       |
|    loss                              | 0.0122       |
|    n_updates                         | 4790         |
|    policy_gradient_loss              | -0.00962     |
|    value_loss                        | 0.101        |
-------------------------------------------------------
----------------------------------
| session/            |          |
|    london_range_pts | 19       |
| time/               |          |
|    fps              | 4        |
|    iterations       | 315      |
|    time_elapsed     | 157087   |
|    total_timesteps  | 985120   |
----------------------------------
------------------------------------------
| session/                |              |
|    london_range_pts     | 29.1         |
| time/                   |              |
|    fps                  | 4            |
|    iterations           | 316          |
|    time_elapsed         | 157435       |
|    total_timesteps      | 987168       |
| train/                  |              |
|    approx_kl            | 0.0070050126 |
|    clip_fraction        | 0.0348       |
|    clip_range           | 0.2          |
|    entropy_loss         | -0.0462      |
|    explained_variance   | 0.506        |
|    learning_rate        | 0.0003       |
|    loss                 | 0.00171      |
|    n_updates            | 4800         |
|    policy_gradient_loss | -0.012       |
|    value_loss           | 0.148        |
------------------------------------------
-----------------------------------------
| session/                |             |
|    london_range_pts     | 34.8        |
| time/                   |             |
|    fps                  | 4           |
|    iterations           | 317         |
|    time_elapsed         | 157800      |
|    total_timesteps      | 989216      |
| train/                  |             |
|    approx_kl            | 0.010981776 |
|    clip_fraction        | 0.034       |
|    clip_range           | 0.2         |
|    entropy_loss         | -0.0519     |
|    explained_variance   | 0.709       |
|    learning_rate        | 0.0003      |
|    loss                 | 0.00349     |
|    n_updates            | 4810        |
|    policy_gradient_loss | -0.011      |
|    value_loss           | 0.126       |
-----------------------------------------
Eval num_timesteps=990000, episode_reward=-4.27 +/- 0.85
Episode length: 35.00 +/- 0.00
------------------------------------------------------
| eval/                                |             |
|    mean_ep_length                    | 35          |
|    mean_reward                       | -4.27       |
| policy/                              |             |
|    ent_coef                          | 0.01        |
|    hold_rate_500                     | 0.962       |
| session/                             |             |
|    london_range_pts                  | 14.2        |
| time/                                |             |
|    total_timesteps                   | 990000      |
| trade/                               |             |
|    avg_first_trade_duration_min      | 148         |
|    avg_first_trade_entry_delay_an... | 230         |
|    episode_pnl                       | 1.62        |
|    first_trade_is_ny_open_rate       | 0.167       |
|    first_trade_matches_intent_rate   | 0           |
|    first_trade_pnl                   | 7.01        |
|    first_trade_win_rate              | 1           |
|    ny_open_trade_rate                | 0.02        |
|    pnl_continuation_days             | 1.96        |
|    pnl_sweep_high_days               | 2.63        |
|    pnl_sweep_low_days                | 0           |
|    trades_per_episode                | 0.2         |
|    win_rate                          | 1           |
|    win_rate_continuation             | 0.139       |
|    win_rate_sweep_days               | 0.0714      |
| train/                               |             |
|    approx_kl                         | 0.018668968 |
|    clip_fraction                     | 0.0435      |
|    clip_range                        | 0.2         |
|    entropy_loss                      | -0.0516     |
|    explained_variance                | 0.669       |
|    learning_rate                     | 0.0003      |
|    loss                              | 0.0141      |
|    n_updates                         | 4820        |
|    policy_gradient_loss              | -0.016      |
|    value_loss                        | 0.0944      |
| validation/                          |             |
|    acceptance_passed                 | 0           |
|    avg_first_trade_duration_min      | 173         |
|    avg_first_trade_entry_delay_an... | 221         |
|    first_trade_is_ny_open_rate       | 0.176       |
|    first_trade_matches_intent_rate   | 0.353       |
|    first_trade_win_rate              | 64.7        |
|    ny_open_first_trade_win_rate      | 0           |
|    ny_open_trade_rate                | 0.0261      |
|    pnl_continuation_days             | 0.633       |
|    pnl_sweep_low_days                | 0.643       |
|    profit_factor                     | 2.14        |
|    trades_per_episode                | 0.226       |
|    win_rate                          | 34.6        |
|    win_rate_continuation             | 4.82        |
|    win_rate_sweep_days               | 25          |
------------------------------------------------------
----------------------------------
| session/            |          |
|    london_range_pts | 44.9     |
| time/               |          |
|    fps              | 4        |
|    iterations       | 318      |
|    time_elapsed     | 158411   |
|    total_timesteps  | 991264   |
----------------------------------
------------------------------------------
| session/                |              |
|    london_range_pts     | 32.8         |
| time/                   |              |
|    fps                  | 4            |
|    iterations           | 319          |
|    time_elapsed         | 158800       |
|    total_timesteps      | 993312       |
| train/                  |              |
|    approx_kl            | 0.0097285155 |
|    clip_fraction        | 0.0439       |
|    clip_range           | 0.2          |
|    entropy_loss         | -0.0591      |
|    explained_variance   | 0.718        |
|    learning_rate        | 0.0003       |
|    loss                 | 0.014        |
|    n_updates            | 4830         |
|    policy_gradient_loss | -0.0137      |
|    value_loss           | 0.124        |
------------------------------------------
Eval num_timesteps=995000, episode_reward=-2.47 +/- 2.05
Episode length: 35.00 +/- 0.00
------------------------------------------------------
| eval/                                |             |
|    mean_ep_length                    | 35          |
|    mean_reward                       | -2.47       |
| policy/                              |             |
|    ent_coef                          | 0.01        |
|    hold_rate_500                     | 0.947       |
| session/                             |             |
|    london_range_pts                  | 29.5        |
| time/                                |             |
|    total_timesteps                   | 995000      |
| trade/                               |             |
|    avg_first_trade_duration_min      | 67.5        |
|    avg_first_trade_entry_delay_an... | 324         |
|    episode_pnl                       | 0.541       |
|    first_trade_is_ny_open_rate       | 0           |
|    first_trade_matches_intent_rate   | 0.625       |
|    first_trade_pnl                   | -1.26       |
|    first_trade_win_rate              | 0.375       |
|    ny_open_trade_rate                | 0           |
|    pnl_continuation_days             | 0.283       |
|    pnl_sweep_high_days               | 1.84        |
|    pnl_sweep_low_days                | 0           |
|    trades_per_episode                | 0.3         |
|    win_rate                          | 0.75        |
|    win_rate_continuation             | 0.0811      |
|    win_rate_sweep_days               | 0.231       |
| train/                               |             |
|    approx_kl                         | 0.014129391 |
|    clip_fraction                     | 0.0475      |
|    clip_range                        | 0.2         |
|    entropy_loss                      | -0.0642     |
|    explained_variance                | 0.656       |
|    learning_rate                     | 0.0003      |
|    loss                              | 0.00144     |
|    n_updates                         | 4840        |
|    policy_gradient_loss              | -0.0162     |
|    value_loss                        | 0.157       |
------------------------------------------------------
----------------------------------
| session/            |          |
|    london_range_pts | 19.5     |
| time/               |          |
|    fps              | 4        |
|    iterations       | 320      |
|    time_elapsed     | 159184   |
|    total_timesteps  | 995360   |
----------------------------------
-----------------------------------------
| session/                |             |
|    london_range_pts     | 26.5        |
| time/                   |             |
|    fps                  | 4           |
|    iterations           | 321         |
|    time_elapsed         | 159459      |
|    total_timesteps      | 997408      |
| train/                  |             |
|    approx_kl            | 0.013267783 |
|    clip_fraction        | 0.0446      |
|    clip_range           | 0.2         |
|    entropy_loss         | -0.0638     |
|    explained_variance   | 0.785       |
|    learning_rate        | 0.0003      |
|    loss                 | -0.00296    |
|    n_updates            | 4850        |
|    policy_gradient_loss | -0.0163     |
|    value_loss           | 0.108       |
-----------------------------------------
-----------------------------------------
| session/                |             |
|    london_range_pts     | 42.4        |
| time/                   |             |
|    fps                  | 4           |
|    iterations           | 322         |
|    time_elapsed         | 159750      |
|    total_timesteps      | 999456      |
| train/                  |             |
|    approx_kl            | 0.005369585 |
|    clip_fraction        | 0.0267      |
|    clip_range           | 0.2         |
|    entropy_loss         | -0.0344     |
|    explained_variance   | 0.751       |
|    learning_rate        | 0.0003      |
|    loss                 | 0.00872     |
|    n_updates            | 4860        |
|    policy_gradient_loss | -0.00946    |
|    value_loss           | 0.116       |
-----------------------------------------
Eval num_timesteps=1000000, episode_reward=-4.30 +/- 0.51
Episode length: 35.00 +/- 0.00
----------------------------------------------------
| eval/                                |           |
|    mean_ep_length                    | 35        |
|    mean_reward                       | -4.3      |
| policy/                              |           |
|    ent_coef                          | 0.01      |
|    hold_rate_500                     | 0.969     |
| session/                             |           |
|    london_range_pts                  | 19.4      |
| time/                                |           |
|    total_timesteps                   | 1000000   |
| trade/                               |           |
|    avg_first_trade_duration_min      | 199       |
|    avg_first_trade_entry_delay_an... | 192       |
|    episode_pnl                       | 1.69      |
|    first_trade_is_ny_open_rate       | 0.364     |
|    first_trade_matches_intent_rate   | 0.455     |
|    first_trade_pnl                   | 3.28      |
|    first_trade_win_rate              | 0.545     |
|    ny_open_trade_rate                | 0.08      |
|    pnl_continuation_days             | 0.622     |
|    pnl_sweep_high_days               | 4.46      |
|    pnl_sweep_low_days                | 2.53      |
|    trades_per_episode                | 0.46      |
|    win_rate                          | 0.909     |
|    win_rate_continuation             | 0.0938    |
|    win_rate_sweep_days               | 0.389     |
| train/                               |           |
|    approx_kl                         | 0.0076923 |
|    clip_fraction                     | 0.0211    |
|    clip_range                        | 0.2       |
|    entropy_loss                      | -0.0358   |
|    explained_variance                | 0.659     |
|    learning_rate                     | 0.0003    |
|    loss                              | 0.0412    |
|    n_updates                         | 4870      |
|    policy_gradient_loss              | -0.00732  |
|    value_loss                        | 0.145     |
| validation/                          |           |
|    acceptance_passed                 | 0         |
|    avg_first_trade_duration_min      | 171       |
|    avg_first_trade_entry_delay_an... | 256       |
|    first_trade_is_ny_open_rate       | 0.0625    |
|    first_trade_matches_intent_rate   | 0.312     |
|    first_trade_win_rate              | 62.5      |
|    ny_open_first_trade_win_rate      | 0         |
|    ny_open_trade_rate                | 0.0087    |
|    pnl_continuation_days             | 0.438     |
|    pnl_sweep_low_days                | 0.643     |
|    profit_factor                     | 1.86      |
|    trades_per_episode                | 0.209     |
|    win_rate                          | 37.5      |
|    win_rate_continuation             | 3.61      |
|    win_rate_sweep_days               | 21.9      |
----------------------------------------------------
----------------------------------
| session/            |          |
|    london_range_pts | 19.5     |
| time/               |          |
|    fps              | 4        |
|    iterations       | 323      |
|    time_elapsed     | 160288   |
|    total_timesteps  | 1001504  |
----------------------------------
