
============================================================
XAUUSD v3 Two-Lens SMC Trading Engine
Mode: train-lens2
Project root: C:\RAHUL BOGI\RL_Session Trainings\xauusd_v3
============================================================

Using cpu device
Logging to C:\RAHUL BOGI\RL_Session Trainings\xauusd_v3\output\tensorboard\lens2\MaskablePPO_1
----------------------------------
| session/            |          |
|    london_range_pts | 19.7     |
| time/               |          |
|    fps              | 6        |
|    iterations       | 1        |
|    time_elapsed     | 299      |
|    total_timesteps  | 2048     |
----------------------------------
------------------------------------------
| session/                |              |
|    london_range_pts     | 20.8         |
| time/                   |              |
|    fps                  | 6            |
|    iterations           | 2            |
|    time_elapsed         | 672          |
|    total_timesteps      | 4096         |
| train/                  |              |
|    approx_kl            | 0.0025772634 |
|    clip_fraction        | 0.0392       |
|    clip_range           | 0.2          |
|    entropy_loss         | -0.168       |
|    explained_variance   | -0.0569      |
|    learning_rate        | 0.0003       |
|    loss                 | 0.0518       |
|    n_updates            | 10           |
|    policy_gradient_loss | -0.0067      |
|    value_loss           | 0.431        |
------------------------------------------
Eval num_timesteps=5000, episode_reward=-4.39 +/- 0.40
Episode length: 35.00 +/- 0.00
-------------------------------------------
| eval/                    |              |
|    mean_ep_length        | 35           |
|    mean_reward           | -4.39        |
| policy/                  |              |
|    ent_coef              | 0.049        |
|    hold_rate_500         | 0.929        |
| session/                 |              |
|    london_range_pts      | 27.3         |
| time/                    |              |
|    total_timesteps       | 5000         |
| trade/                   |              |
|    episode_pnl           | 0.567        |
|    first_trade_pnl       | 3.55         |
|    first_trade_win_rate  | 0.5          |
|    ny_open_trade_rate    | 0            |
|    pnl_continuation_days | 1.04         |
|    pnl_sweep_high_days   | -0.161       |
|    pnl_sweep_low_days    | 0            |
|    trades_per_episode    | 0.16         |
|    win_rate              | 0.5          |
|    win_rate_continuation | 0.103        |
|    win_rate_sweep_days   | 0            |
| train/                   |              |
|    approx_kl             | 0.0013144126 |
|    clip_fraction         | 0.0181       |
|    clip_range            | 0.2          |
|    entropy_loss          | -0.101       |
|    explained_variance    | 0.559        |
|    learning_rate         | 0.0003       |
|    loss                  | 0.161        |
|    n_updates             | 20           |
|    policy_gradient_loss  | -0.00311     |
|    value_loss            | 0.32         |
-------------------------------------------
New best mean reward!
----------------------------------
| session/            |          |
|    london_range_pts | 25.4     |
| time/               |          |
|    fps              | 5        |
|    iterations       | 3        |
|    time_elapsed     | 1094     |
|    total_timesteps  | 6144     |
----------------------------------
------------------------------------------
| session/                |              |
|    london_range_pts     | 40.2         |
| time/                   |              |
|    fps                  | 5            |
|    iterations           | 4            |
|    time_elapsed         | 1582         |
|    total_timesteps      | 8192         |
| train/                  |              |
|    approx_kl            | 0.0025757411 |
|    clip_fraction        | 0.0367       |
|    clip_range           | 0.2          |
|    entropy_loss         | -0.118       |
|    explained_variance   | 0.684        |
|    learning_rate        | 0.0003       |
|    loss                 | 0.0766       |
|    n_updates            | 30           |
|    policy_gradient_loss | -0.00837     |
|    value_loss           | 0.336        |
------------------------------------------
Eval num_timesteps=10000, episode_reward=-4.18 +/- 0.64
Episode length: 35.00 +/- 0.00
-------------------------------------------
| eval/                    |              |
|    mean_ep_length        | 35           |
|    mean_reward           | -4.18        |
| policy/                  |              |
|    ent_coef              | 0.048        |
|    hold_rate_500         | 0.93         |
| session/                 |              |
|    london_range_pts      | 29.9         |
| time/                    |              |
|    total_timesteps       | 10000        |
| trade/                   |              |
|    episode_pnl           | 0.565        |
|    first_trade_pnl       | 5.65         |
|    first_trade_win_rate  | 1            |
|    ny_open_trade_rate    | 0.02         |
|    pnl_continuation_days | 0.4          |
|    pnl_sweep_high_days   | 1.1          |
|    pnl_sweep_low_days    | 1.06         |
|    trades_per_episode    | 0.1          |
|    win_rate              | 1            |
|    win_rate_continuation | 0.0789       |
|    win_rate_sweep_days   | 0.167        |
| train/                   |              |
|    approx_kl             | 0.0022457205 |
|    clip_fraction         | 0.0303       |
|    clip_range            | 0.2          |
|    entropy_loss          | -0.114       |
|    explained_variance    | 0.636        |
|    learning_rate         | 0.0003       |
|    loss                  | 0.0981       |
|    n_updates             | 40           |
|    policy_gradient_loss  | -0.00539     |
|    value_loss            | 0.291        |
| validation/              |              |
|    acceptance_passed     | 0            |
|    first_trade_win_rate  | 70           |
|    ny_open_trade_rate    | 0.0261       |
|    pnl_continuation_days | 0.432        |
|    pnl_sweep_low_days    | 0            |
|    profit_factor         | 3.44         |
|    trades_per_episode    | 0.139        |
|    win_rate              | 43.8         |
|    win_rate_continuation | 3.61         |
|    win_rate_sweep_days   | 18.8         |
-------------------------------------------
New best mean reward!
----------------------------------
| session/            |          |
|    london_range_pts | 23       |
| time/               |          |
|    fps              | 4        |
|    iterations       | 5        |
|    time_elapsed     | 2481     |
|    total_timesteps  | 10240    |
----------------------------------
------------------------------------------
| session/                |              |
|    london_range_pts     | 34.4         |
| time/                   |              |
|    fps                  | 4            |
|    iterations           | 6            |
|    time_elapsed         | 2950         |
|    total_timesteps      | 12288        |
| train/                  |              |
|    approx_kl            | 0.0025850562 |
|    clip_fraction        | 0.0208       |
|    clip_range           | 0.2          |
|    entropy_loss         | -0.0784      |
|    explained_variance   | 0.743        |
|    learning_rate        | 0.0003       |
|    loss                 | 0.0918       |
|    n_updates            | 50           |
|    policy_gradient_loss | -0.00449     |
|    value_loss           | 0.197        |
------------------------------------------
------------------------------------------
| session/                |              |
|    london_range_pts     | 52.7         |
| time/                   |              |
|    fps                  | 4            |
|    iterations           | 7            |
|    time_elapsed         | 3487         |
|    total_timesteps      | 14336        |
| train/                  |              |
|    approx_kl            | 0.0010262971 |
|    clip_fraction        | 0.0191       |
|    clip_range           | 0.2          |
|    entropy_loss         | -0.0614      |
|    explained_variance   | 0.802        |
|    learning_rate        | 0.0003       |
|    loss                 | 0.0265       |
|    n_updates            | 60           |
|    policy_gradient_loss | -0.00363     |
|    value_loss           | 0.158        |
------------------------------------------
Eval num_timesteps=15000, episode_reward=-4.09 +/- 0.78
Episode length: 35.00 +/- 0.00
-------------------------------------------
| eval/                    |              |
|    mean_ep_length        | 35           |
|    mean_reward           | -4.09        |
| policy/                  |              |
|    ent_coef              | 0.047        |
|    hold_rate_500         | 0.967        |
| session/                 |              |
|    london_range_pts      | 22.7         |
| time/                    |              |
|    total_timesteps       | 15000        |
| trade/                   |              |
|    episode_pnl           | 1.14         |
|    first_trade_pnl       | 2.58         |
|    first_trade_win_rate  | 0.444        |
|    ny_open_trade_rate    | 0.02         |
|    pnl_continuation_days | 1.67         |
|    pnl_sweep_high_days   | -1.94        |
|    pnl_sweep_low_days    | -0.013       |
|    trades_per_episode    | 0.28         |
|    win_rate              | 0.444        |
|    win_rate_continuation | 0.075        |
|    win_rate_sweep_days   | 0.1          |
| train/                   |              |
|    approx_kl             | 0.0018193406 |
|    clip_fraction         | 0.0135       |
|    clip_range            | 0.2          |
|    entropy_loss          | -0.0377      |
|    explained_variance    | 0.821        |
|    learning_rate         | 0.0003       |
|    loss                  | 0.0438       |
|    n_updates             | 70           |
|    policy_gradient_loss  | -0.00369     |
|    value_loss            | 0.123        |
-------------------------------------------
New best mean reward!
----------------------------------
| session/            |          |
|    london_range_pts | 43       |
| time/               |          |
|    fps              | 4        |
|    iterations       | 8        |
|    time_elapsed     | 4091     |
|    total_timesteps  | 16384    |
----------------------------------
------------------------------------------
| session/                |              |
|    london_range_pts     | 17.9         |
| time/                   |              |
|    fps                  | 4            |
|    iterations           | 9            |
|    time_elapsed         | 4592         |
|    total_timesteps      | 18432        |
| train/                  |              |
|    approx_kl            | 0.0027360655 |
|    clip_fraction        | 0.0393       |
|    clip_range           | 0.2          |
|    entropy_loss         | -0.167       |
|    explained_variance   | 0.751        |
|    learning_rate        | 0.0003       |
|    loss                 | 0.0536       |
|    n_updates            | 80           |
|    policy_gradient_loss | -0.00767     |
|    value_loss           | 0.261        |
------------------------------------------
Eval num_timesteps=20000, episode_reward=-4.18 +/- 0.88
Episode length: 35.00 +/- 0.00
-------------------------------------------
| eval/                    |              |
|    mean_ep_length        | 35           |
|    mean_reward           | -4.18        |
| policy/                  |              |
|    ent_coef              | 0.046        |
|    hold_rate_500         | 0.935        |
| session/                 |              |
|    london_range_pts      | 33.6         |
| time/                    |              |
|    total_timesteps       | 20000        |
| trade/                   |              |
|    episode_pnl           | 0.0981       |
|    first_trade_pnl       | 1.23         |
|    first_trade_win_rate  | 0.25         |
|    ny_open_trade_rate    | 0            |
|    pnl_continuation_days | 0.205        |
|    pnl_sweep_high_days   | -0.234       |
|    pnl_sweep_low_days    | 0            |
|    trades_per_episode    | 0.08         |
|    win_rate              | 0.25         |
|    win_rate_continuation | 0.0303       |
|    win_rate_sweep_days   | 0            |
| train/                   |              |
|    approx_kl             | 0.0014674522 |
|    clip_fraction         | 0.016        |
|    clip_range            | 0.2          |
|    entropy_loss          | -0.0836      |
|    explained_variance    | 0.751        |
|    learning_rate         | 0.0003       |
|    loss                  | 0.081        |
|    n_updates             | 90           |
|    policy_gradient_loss  | -0.00381     |
|    value_loss            | 0.174        |
| validation/              |              |
|    acceptance_passed     | 0            |
|    first_trade_win_rate  | 80           |
|    ny_open_trade_rate    | 0.0174       |
|    pnl_continuation_days | 0.361        |
|    pnl_sweep_low_days    | 1.52         |
|    profit_factor         | 5.84         |
|    trades_per_episode    | 0.13         |
|    win_rate              | 53.3         |
|    win_rate_continuation | 2.41         |
|    win_rate_sweep_days   | 21.9         |
-------------------------------------------
----------------------------------
| session/            |          |
|    london_range_pts | 18.2     |
| time/               |          |
|    fps              | 3        |
|    iterations       | 10       |
|    time_elapsed     | 5213     |
|    total_timesteps  | 20480    |
----------------------------------
-----------------------------------------
| session/                |             |
|    london_range_pts     | 29.3        |
| time/                   |             |
|    fps                  | 4           |
|    iterations           | 11          |
|    time_elapsed         | 5595        |
|    total_timesteps      | 22528       |
| train/                  |             |
|    approx_kl            | 0.002241149 |
|    clip_fraction        | 0.0387      |
|    clip_range           | 0.2         |
|    entropy_loss         | -0.119      |
|    explained_variance   | 0.756       |
|    learning_rate        | 0.0003      |
|    loss                 | 0.0438      |
|    n_updates            | 100         |
|    policy_gradient_loss | -0.00741    |
|    value_loss           | 0.159       |
-----------------------------------------
------------------------------------------
| session/                |              |
|    london_range_pts     | 20.3         |
| time/                   |              |
|    fps                  | 4            |
|    iterations           | 12           |
|    time_elapsed         | 5993         |
|    total_timesteps      | 24576        |
| train/                  |              |
|    approx_kl            | 0.0015290261 |
|    clip_fraction        | 0.0177       |
|    clip_range           | 0.2          |
|    entropy_loss         | -0.076       |
|    explained_variance   | 0.794        |
|    learning_rate        | 0.0003       |
|    loss                 | 0.0199       |
|    n_updates            | 110          |
|    policy_gradient_loss | -0.00577     |
|    value_loss           | 0.124        |
------------------------------------------
Eval num_timesteps=25000, episode_reward=-4.06 +/- 1.02
Episode length: 35.00 +/- 0.00
-------------------------------------------
| eval/                    |              |
|    mean_ep_length        | 35           |
|    mean_reward           | -4.06        |
| policy/                  |              |
|    ent_coef              | 0.045        |
|    hold_rate_500         | 0.96         |
| session/                 |              |
|    london_range_pts      | 28           |
| time/                    |              |
|    total_timesteps       | 25000        |
| trade/                   |              |
|    episode_pnl           | 0.858        |
|    first_trade_pnl       | 3.34         |
|    first_trade_win_rate  | 0.4          |
|    ny_open_trade_rate    | 0            |
|    pnl_continuation_days | 1.37         |
|    pnl_sweep_high_days   | 0.497        |
|    pnl_sweep_low_days    | -0.295       |
|    trades_per_episode    | 0.14         |
|    win_rate              | 0.6          |
|    win_rate_continuation | 0.0357       |
|    win_rate_sweep_days   | 0.0909       |
| train/                   |              |
|    approx_kl             | 0.0015065549 |
|    clip_fraction         | 0.021        |
|    clip_range            | 0.2          |
|    entropy_loss          | -0.0858      |
|    explained_variance    | 0.779        |
|    learning_rate         | 0.0003       |
|    loss                  | 0.0048       |
|    n_updates             | 120          |
|    policy_gradient_loss  | -0.00605     |
|    value_loss            | 0.136        |
-------------------------------------------
New best mean reward!
----------------------------------
| session/            |          |
|    london_range_pts | 19.4     |
| time/               |          |
|    fps              | 4        |
|    iterations       | 13       |
|    time_elapsed     | 6425     |
|    total_timesteps  | 26624    |
----------------------------------
------------------------------------------
| session/                |              |
|    london_range_pts     | 29.8         |
| time/                   |              |
|    fps                  | 4            |
|    iterations           | 14           |
|    time_elapsed         | 6862         |
|    total_timesteps      | 28672        |
| train/                  |              |
|    approx_kl            | 0.0034792009 |
|    clip_fraction        | 0.0248       |
|    clip_range           | 0.2          |
|    entropy_loss         | -0.0627      |
|    explained_variance   | 0.736        |
|    learning_rate        | 0.0003       |
|    loss                 | 0.0276       |
|    n_updates            | 130          |
|    policy_gradient_loss | -0.0064      |
|    value_loss           | 0.105        |
------------------------------------------
Eval num_timesteps=30000, episode_reward=-3.38 +/- 1.47
Episode length: 35.00 +/- 0.00
-------------------------------------------
| eval/                    |              |
|    mean_ep_length        | 35           |
|    mean_reward           | -3.38        |
| policy/                  |              |
|    ent_coef              | 0.044        |
|    hold_rate_500         | 0.974        |
| session/                 |              |
|    london_range_pts      | 18.7         |
| time/                    |              |
|    total_timesteps       | 30000        |
| trade/                   |              |
|    episode_pnl           | -0.00837     |
|    first_trade_pnl       | -0.139       |
|    first_trade_win_rate  | 0.333        |
|    ny_open_trade_rate    | 0            |
|    pnl_continuation_days | -0.174       |
|    pnl_sweep_high_days   | 0            |
|    pnl_sweep_low_days    | 0.787        |
|    trades_per_episode    | 0.06         |
|    win_rate              | 0.333        |
|    win_rate_continuation | 0            |
|    win_rate_sweep_days   | 0.0625       |
| train/                   |              |
|    approx_kl             | 0.0016452125 |
|    clip_fraction         | 0.0209       |
|    clip_range            | 0.2          |
|    entropy_loss          | -0.0937      |
|    explained_variance    | 0.825        |
|    learning_rate         | 0.0003       |
|    loss                  | 0.0088       |
|    n_updates             | 140          |
|    policy_gradient_loss  | -0.00464     |
|    value_loss            | 0.0866       |
| validation/              |              |
|    acceptance_passed     | 0            |
|    first_trade_win_rate  | 62.5         |
|    ny_open_trade_rate    | 0.0174       |
|    pnl_continuation_days | 0.243        |
|    pnl_sweep_low_days    | 0            |
|    profit_factor         | 3.76         |
|    trades_per_episode    | 0.113        |
|    win_rate              | 46.2         |
|    win_rate_continuation | 2.41         |
|    win_rate_sweep_days   | 12.5         |
-------------------------------------------
New best mean reward!
----------------------------------
| session/            |          |
|    london_range_pts | 20       |
| time/               |          |
|    fps              | 4        |
|    iterations       | 15       |
|    time_elapsed     | 7578     |
|    total_timesteps  | 30720    |
----------------------------------
------------------------------------------
| session/                |              |
|    london_range_pts     | 27.2         |
| time/                   |              |
|    fps                  | 4            |
|    iterations           | 16           |
|    time_elapsed         | 8007         |
|    total_timesteps      | 32768        |
| train/                  |              |
|    approx_kl            | 0.0013119136 |
|    clip_fraction        | 0.0118       |
|    clip_range           | 0.2          |
|    entropy_loss         | -0.0386      |
|    explained_variance   | 0.8          |
|    learning_rate        | 0.0003       |
|    loss                 | -0.0027      |
|    n_updates            | 150          |
|    policy_gradient_loss | -0.00301     |
|    value_loss           | 0.076        |
------------------------------------------
------------------------------------------
| session/                |              |
|    london_range_pts     | 19.5         |
| time/                   |              |
|    fps                  | 4            |
|    iterations           | 17           |
|    time_elapsed         | 8469         |
|    total_timesteps      | 34816        |
| train/                  |              |
|    approx_kl            | 0.0023610145 |
|    clip_fraction        | 0.0131       |
|    clip_range           | 0.2          |
|    entropy_loss         | -0.0594      |
|    explained_variance   | 0.712        |
|    learning_rate        | 0.0003       |
|    loss                 | 0.0321       |
|    n_updates            | 160          |
|    policy_gradient_loss | -0.00413     |
|    value_loss           | 0.119        |
------------------------------------------
Eval num_timesteps=35000, episode_reward=-3.14 +/- 1.46
Episode length: 35.00 +/- 0.00
-------------------------------------------
| eval/                    |              |
|    mean_ep_length        | 35           |
|    mean_reward           | -3.14        |
| policy/                  |              |
|    ent_coef              | 0.043        |
|    hold_rate_500         | 0.974        |
| session/                 |              |
|    london_range_pts      | 18.3         |
| time/                    |              |
|    total_timesteps       | 35000        |
| trade/                   |              |
|    episode_pnl           | 1.45         |
|    first_trade_pnl       | 5.03         |
|    first_trade_win_rate  | 0.75         |
|    ny_open_trade_rate    | 0.04         |
|    pnl_continuation_days | 0.201        |
|    pnl_sweep_high_days   | 3.86         |
|    pnl_sweep_low_days    | 3.47         |
|    trades_per_episode    | 0.3          |
|    win_rate              | 0.875        |
|    win_rate_continuation | 0.0312       |
|    win_rate_sweep_days   | 0.333        |
| train/                   |              |
|    approx_kl             | 0.0018097104 |
|    clip_fraction         | 0.0224       |
|    clip_range            | 0.2          |
|    entropy_loss          | -0.0805      |
|    explained_variance    | 0.672        |
|    learning_rate         | 0.0003       |
|    loss                  | 0.0198       |
|    n_updates             | 170          |
|    policy_gradient_loss  | -0.00417     |
|    value_loss            | 0.117        |
-------------------------------------------
New best mean reward!
----------------------------------
| session/            |          |
|    london_range_pts | 42.4     |
| time/               |          |
|    fps              | 4        |
|    iterations       | 18       |
|    time_elapsed     | 8917     |
|    total_timesteps  | 36864    |
----------------------------------
------------------------------------------
| session/                |              |
|    london_range_pts     | 20.2         |
| time/                   |              |
|    fps                  | 4            |
|    iterations           | 19           |
|    time_elapsed         | 9225         |
|    total_timesteps      | 38912        |
| train/                  |              |
|    approx_kl            | 0.0034703035 |
|    clip_fraction        | 0.0207       |
|    clip_range           | 0.2          |
|    entropy_loss         | -0.061       |
|    explained_variance   | 0.762        |
|    learning_rate        | 0.0003       |
|    loss                 | 0.0325       |
|    n_updates            | 180          |
|    policy_gradient_loss | -0.00515     |
|    value_loss           | 0.105        |
------------------------------------------
Eval num_timesteps=40000, episode_reward=-3.58 +/- 1.15
Episode length: 35.00 +/- 0.00
-------------------------------------------
| eval/                    |              |
|    mean_ep_length        | 35           |
|    mean_reward           | -3.58        |
| policy/                  |              |
|    ent_coef              | 0.042        |
|    hold_rate_500         | 0.975        |
| session/                 |              |
|    london_range_pts      | 34.8         |
| time/                    |              |
|    total_timesteps       | 40000        |
| trade/                   |              |
|    episode_pnl           | 1.13         |
|    first_trade_pnl       | 4.02         |
|    first_trade_win_rate  | 0.667        |
|    ny_open_trade_rate    | 0            |
|    pnl_continuation_days | 0.784        |
|    pnl_sweep_high_days   | 2.75         |
|    pnl_sweep_low_days    | 0            |
|    trades_per_episode    | 0.2          |
|    win_rate              | 0.833        |
|    win_rate_continuation | 0.0667       |
|    win_rate_sweep_days   | 0.15         |
| train/                   |              |
|    approx_kl             | 0.0013815076 |
|    clip_fraction         | 0.011        |
|    clip_range            | 0.2          |
|    entropy_loss          | -0.0417      |
|    explained_variance    | 0.748        |
|    learning_rate         | 0.0003       |
|    loss                  | 0.0105       |
|    n_updates             | 190          |
|    policy_gradient_loss  | -0.00335     |
|    value_loss            | 0.0856       |
| validation/              |              |
|    acceptance_passed     | 0            |
|    first_trade_win_rate  | 70           |
|    ny_open_trade_rate    | 0.0261       |
|    pnl_continuation_days | 0.516        |
|    pnl_sweep_low_days    | 0.443        |
|    profit_factor         | 3.13         |
|    trades_per_episode    | 0.139        |
|    win_rate              | 43.8         |
|    win_rate_continuation | 3.61         |
|    win_rate_sweep_days   | 15.6         |
-------------------------------------------
----------------------------------
| session/            |          |
|    london_range_pts | 35.2     |
| time/               |          |
|    fps              | 4        |
|    iterations       | 20       |
|    time_elapsed     | 9839     |
|    total_timesteps  | 40960    |
----------------------------------
------------------------------------------
| session/                |              |
|    london_range_pts     | 36.4         |
| time/                   |              |
|    fps                  | 4            |
|    iterations           | 21           |
|    time_elapsed         | 10231        |
|    total_timesteps      | 43008        |
| train/                  |              |
|    approx_kl            | 0.0014614041 |
|    clip_fraction        | 0.0227       |
|    clip_range           | 0.2          |
|    entropy_loss         | -0.0722      |
|    explained_variance   | 0.752        |
|    learning_rate        | 0.0003       |
|    loss                 | 0.0172       |
|    n_updates            | 200          |
|    policy_gradient_loss | -0.00668     |
|    value_loss           | 0.114        |
------------------------------------------
Eval num_timesteps=45000, episode_reward=-3.58 +/- 0.97
Episode length: 35.00 +/- 0.00
------------------------------------------
| eval/                    |             |
|    mean_ep_length        | 35          |
|    mean_reward           | -3.58       |
| policy/                  |             |
|    ent_coef              | 0.041       |
|    hold_rate_500         | 0.963       |
| session/                 |             |
|    london_range_pts      | 13.4        |
| time/                    |             |
|    total_timesteps       | 45000       |
| trade/                   |             |
|    episode_pnl           | 0.775       |
|    first_trade_pnl       | 2.36        |
|    first_trade_win_rate  | 0.5         |
|    ny_open_trade_rate    | 0.02        |
|    pnl_continuation_days | 1.1         |
|    pnl_sweep_high_days   | 0.796       |
|    pnl_sweep_low_days    | -1.15       |
|    trades_per_episode    | 0.32        |
|    win_rate              | 0.667       |
|    win_rate_continuation | 0.0857      |
|    win_rate_sweep_days   | 0.0667      |
| train/                   |             |
|    approx_kl             | 0.002825643 |
|    clip_fraction         | 0.0198      |
|    clip_range            | 0.2         |
|    entropy_loss          | -0.0835     |
|    explained_variance    | 0.772       |
|    learning_rate         | 0.0003      |
|    loss                  | 0.0171      |
|    n_updates             | 210         |
|    policy_gradient_loss  | -0.00625    |
|    value_loss            | 0.0942      |
------------------------------------------
----------------------------------
| session/            |          |
|    london_range_pts | 17.6     |
| time/               |          |
|    fps              | 4        |
|    iterations       | 22       |
|    time_elapsed     | 10627    |
|    total_timesteps  | 45056    |
----------------------------------
------------------------------------------
| session/                |              |
|    london_range_pts     | 70.3         |
| time/                   |              |
|    fps                  | 4            |
|    iterations           | 23           |
|    time_elapsed         | 11029        |
|    total_timesteps      | 47104        |
| train/                  |              |
|    approx_kl            | 0.0019175789 |
|    clip_fraction        | 0.0221       |
|    clip_range           | 0.2          |
|    entropy_loss         | -0.0609      |
|    explained_variance   | 0.759        |
|    learning_rate        | 0.0003       |
|    loss                 | -0.00166     |
|    n_updates            | 220          |
|    policy_gradient_loss | -0.00557     |
|    value_loss           | 0.086        |
------------------------------------------
------------------------------------------
| session/                |              |
|    london_range_pts     | 29.1         |
| time/                   |              |
|    fps                  | 4            |
|    iterations           | 24           |
|    time_elapsed         | 11486        |
|    total_timesteps      | 49152        |
| train/                  |              |
|    approx_kl            | 0.0031249588 |
|    clip_fraction        | 0.03         |
|    clip_range           | 0.2          |
|    entropy_loss         | -0.0935      |
|    explained_variance   | 0.765        |
|    learning_rate        | 0.0003       |
|    loss                 | 0.00115      |
|    n_updates            | 230          |
|    policy_gradient_loss | -0.00795     |
|    value_loss           | 0.0744       |
------------------------------------------
Eval num_timesteps=50000, episode_reward=-4.20 +/- 1.01
Episode length: 35.00 +/- 0.00
-------------------------------------------
| eval/                    |              |
|    mean_ep_length        | 35           |
|    mean_reward           | -4.2         |
| policy/                  |              |
|    ent_coef              | 0.04         |
|    hold_rate_500         | 0.958        |
| session/                 |              |
|    london_range_pts      | 21.8         |
| time/                    |              |
|    total_timesteps       | 50000        |
| trade/                   |              |
|    episode_pnl           | 0.694        |
|    first_trade_pnl       | 2.19         |
|    first_trade_win_rate  | 0.5          |
|    ny_open_trade_rate    | 0            |
|    pnl_continuation_days | 0.666        |
|    pnl_sweep_high_days   | 1.28         |
|    pnl_sweep_low_days    | 0.246        |
|    trades_per_episode    | 0.24         |
|    win_rate              | 0.5          |
|    win_rate_continuation | 0.0556       |
|    win_rate_sweep_days   | 0.143        |
| train/                   |              |
|    approx_kl             | 0.0023769385 |
|    clip_fraction         | 0.0252       |
|    clip_range            | 0.2          |
|    entropy_loss          | -0.0784      |
|    explained_variance    | 0.745        |
|    learning_rate         | 0.0003       |
|    loss                  | 6.76e-05     |
|    n_updates             | 240          |
|    policy_gradient_loss  | -0.0075      |
|    value_loss            | 0.107        |
| validation/              |              |
|    acceptance_passed     | 0            |
|    first_trade_win_rate  | 60           |
|    ny_open_trade_rate    | 0.0087       |
|    pnl_continuation_days | 0.327        |
|    pnl_sweep_low_days    | 0.975        |
|    profit_factor         | 2.41         |
|    trades_per_episode    | 0.191        |
|    win_rate              | 45.5         |
|    win_rate_continuation | 2.41         |
|    win_rate_sweep_days   | 25           |
-------------------------------------------
----------------------------------
| session/            |          |
|    london_range_pts | 15.6     |
| time/               |          |
|    fps              | 4        |
|    iterations       | 25       |
|    time_elapsed     | 12190    |
|    total_timesteps  | 51200    |
----------------------------------
-----------------------------------------
| session/                |             |
|    london_range_pts     | 16.8        |
| time/                   |             |
|    fps                  | 4           |
|    iterations           | 26          |
|    time_elapsed         | 12696       |
|    total_timesteps      | 53248       |
| train/                  |             |
|    approx_kl            | 0.002846958 |
|    clip_fraction        | 0.02        |
|    clip_range           | 0.2         |
|    entropy_loss         | -0.0837     |
|    explained_variance   | 0.767       |
|    learning_rate        | 0.0003      |
|    loss                 | 0.00949     |
|    n_updates            | 250         |
|    policy_gradient_loss | -0.00611    |
|    value_loss           | 0.113       |
-----------------------------------------
Eval num_timesteps=55000, episode_reward=-4.36 +/- 0.71
Episode length: 35.00 +/- 0.00
-------------------------------------------
| eval/                    |              |
|    mean_ep_length        | 35           |
|    mean_reward           | -4.36        |
| policy/                  |              |
|    ent_coef              | 0.039        |
|    hold_rate_500         | 0.967        |
| session/                 |              |
|    london_range_pts      | 18.6         |
| time/                    |              |
|    total_timesteps       | 55000        |
| trade/                   |              |
|    episode_pnl           | 1.63         |
|    first_trade_pnl       | 4.22         |
|    first_trade_win_rate  | 1            |
|    ny_open_trade_rate    | 0            |
|    pnl_continuation_days | 2.33         |
|    pnl_sweep_high_days   | 0.0393       |
|    pnl_sweep_low_days    | 0.401        |
|    trades_per_episode    | 0.22         |
|    win_rate              | 1            |
|    win_rate_continuation | 0.0909       |
|    win_rate_sweep_days   | 0.118        |
| train/                   |              |
|    approx_kl             | 0.0022262996 |
|    clip_fraction         | 0.0184       |
|    clip_range            | 0.2          |
|    entropy_loss          | -0.0668      |
|    explained_variance    | 0.789        |
|    learning_rate         | 0.0003       |
|    loss                  | 0.0199       |
|    n_updates             | 260          |
|    policy_gradient_loss  | -0.00534     |
|    value_loss            | 0.0966       |
-------------------------------------------
----------------------------------
| session/            |          |
|    london_range_pts | 26.5     |
| time/               |          |
|    fps              | 4        |
|    iterations       | 27       |
|    time_elapsed     | 13180    |
|    total_timesteps  | 55296    |
----------------------------------
------------------------------------------
| session/                |              |
|    london_range_pts     | 30.7         |
| time/                   |              |
|    fps                  | 4            |
|    iterations           | 28           |
|    time_elapsed         | 13565        |
|    total_timesteps      | 57344        |
| train/                  |              |
|    approx_kl            | 0.0020782657 |
|    clip_fraction        | 0.0192       |
|    clip_range           | 0.2          |
|    entropy_loss         | -0.05        |
|    explained_variance   | 0.711        |
|    learning_rate        | 0.0003       |
|    loss                 | 0.00791      |
|    n_updates            | 270          |
|    policy_gradient_loss | -0.00611     |
|    value_loss           | 0.102        |
------------------------------------------
------------------------------------------
| session/                |              |
|    london_range_pts     | 19.6         |
| time/                   |              |
|    fps                  | 4            |
|    iterations           | 29           |
|    time_elapsed         | 13959        |
|    total_timesteps      | 59392        |
| train/                  |              |
|    approx_kl            | 0.0029391344 |
|    clip_fraction        | 0.0168       |
|    clip_range           | 0.2          |
|    entropy_loss         | -0.0576      |
|    explained_variance   | 0.729        |
|    learning_rate        | 0.0003       |
|    loss                 | 0.00728      |
|    n_updates            | 280          |
|    policy_gradient_loss | -0.00647     |
|    value_loss           | 0.0837       |
------------------------------------------
Eval num_timesteps=60000, episode_reward=-4.33 +/- 0.44
Episode length: 35.00 +/- 0.00
-------------------------------------------
| eval/                    |              |
|    mean_ep_length        | 35           |
|    mean_reward           | -4.33        |
| policy/                  |              |
|    ent_coef              | 0.038        |
|    hold_rate_500         | 0.972        |
| session/                 |              |
|    london_range_pts      | 22.6         |
| time/                    |              |
|    total_timesteps       | 60000        |
| trade/                   |              |
|    episode_pnl           | 0.122        |
|    first_trade_pnl       | 0.87         |
|    first_trade_win_rate  | 0.429        |
|    ny_open_trade_rate    | 0            |
|    pnl_continuation_days | -0.0392      |
|    pnl_sweep_high_days   | 0.734        |
|    pnl_sweep_low_days    | -0.604       |
|    trades_per_episode    | 0.14         |
|    win_rate              | 0.429        |
|    win_rate_continuation | 0.0312       |
|    win_rate_sweep_days   | 0.111        |
| train/                   |              |
|    approx_kl             | 0.0022399167 |
|    clip_fraction         | 0.0153       |
|    clip_range            | 0.2          |
|    entropy_loss          | -0.0491      |
|    explained_variance    | 0.832        |
|    learning_rate         | 0.0003       |
|    loss                  | 0.0132       |
|    n_updates             | 290          |
|    policy_gradient_loss  | -0.00564     |
|    value_loss            | 0.0572       |
| validation/              |              |
|    acceptance_passed     | 0            |
|    first_trade_win_rate  | 60           |
|    ny_open_trade_rate    | 0            |
|    pnl_continuation_days | 0.318        |
|    pnl_sweep_low_days    | 0.643        |
|    profit_factor         | 1.8          |
|    trades_per_episode    | 0.2          |
|    win_rate              | 43.5         |
|    win_rate_continuation | 2.41         |
|    win_rate_sweep_days   | 28.1         |
-------------------------------------------
----------------------------------
| session/            |          |
|    london_range_pts | 39.6     |
| time/               |          |
|    fps              | 4        |
|    iterations       | 30       |
|    time_elapsed     | 14687    |
|    total_timesteps  | 61440    |
----------------------------------
-----------------------------------------
| session/                |             |
|    london_range_pts     | 24.2        |
| time/                   |             |
|    fps                  | 4           |
|    iterations           | 31          |
|    time_elapsed         | 15115       |
|    total_timesteps      | 63488       |
| train/                  |             |
|    approx_kl            | 0.002490874 |
|    clip_fraction        | 0.0265      |
|    clip_range           | 0.2         |
|    entropy_loss         | -0.0584     |
|    explained_variance   | 0.768       |
|    learning_rate        | 0.0003      |
|    loss                 | -0.0234     |
|    n_updates            | 300         |
|    policy_gradient_loss | -0.00702    |
|    value_loss           | 0.0693      |
-----------------------------------------
Eval num_timesteps=65000, episode_reward=-3.85 +/- 0.88
Episode length: 35.00 +/- 0.00
-------------------------------------------
| eval/                    |              |
|    mean_ep_length        | 35           |
|    mean_reward           | -3.85        |
| policy/                  |              |
|    ent_coef              | 0.037        |
|    hold_rate_500         | 0.968        |
| session/                 |              |
|    london_range_pts      | 25.3         |
| time/                    |              |
|    total_timesteps       | 65000        |
| trade/                   |              |
|    episode_pnl           | 0.528        |
|    first_trade_pnl       | -1.2         |
|    first_trade_win_rate  | 0.333        |
|    ny_open_trade_rate    | 0            |
|    pnl_continuation_days | 0.792        |
|    pnl_sweep_high_days   | 0.141        |
|    pnl_sweep_low_days    | -0.124       |
|    trades_per_episode    | 0.28         |
|    win_rate              | 0.444        |
|    win_rate_continuation | 0.0909       |
|    win_rate_sweep_days   | 0.0588       |
| train/                   |              |
|    approx_kl             | 0.0018500625 |
|    clip_fraction         | 0.0208       |
|    clip_range            | 0.2          |
|    entropy_loss          | -0.0585      |
|    explained_variance    | 0.777        |
|    learning_rate         | 0.0003       |
|    loss                  | 0.000359     |
|    n_updates             | 310          |
|    policy_gradient_loss  | -0.00751     |
|    value_loss            | 0.0822       |
-------------------------------------------
----------------------------------
| session/            |          |
|    london_range_pts | 39.9     |
| time/               |          |
|    fps              | 4        |
|    iterations       | 32       |
|    time_elapsed     | 15587    |
|    total_timesteps  | 65536    |
----------------------------------
------------------------------------------
| session/                |              |
|    london_range_pts     | 30.5         |
| time/                   |              |
|    fps                  | 4            |
|    iterations           | 33           |
|    time_elapsed         | 16112        |
|    total_timesteps      | 67584        |
| train/                  |              |
|    approx_kl            | 0.0035384665 |
|    clip_fraction        | 0.023        |
|    clip_range           | 0.2          |
|    entropy_loss         | -0.0714      |
|    explained_variance   | 0.722        |
|    learning_rate        | 0.0003       |
|    loss                 | 0.0164       |
|    n_updates            | 320          |
|    policy_gradient_loss | -0.00704     |
|    value_loss           | 0.0922       |
------------------------------------------
------------------------------------------
| session/                |              |
|    london_range_pts     | 39.2         |
| time/                   |              |
|    fps                  | 4            |
|    iterations           | 34           |
|    time_elapsed         | 16611        |
|    total_timesteps      | 69632        |
| train/                  |              |
|    approx_kl            | 0.0023858242 |
|    clip_fraction        | 0.0254       |
|    clip_range           | 0.2          |
|    entropy_loss         | -0.0483      |
|    explained_variance   | 0.746        |
|    learning_rate        | 0.0003       |
|    loss                 | 0.000315     |
|    n_updates            | 330          |
|    policy_gradient_loss | -0.00658     |
|    value_loss           | 0.0783       |
------------------------------------------
Eval num_timesteps=70000, episode_reward=-2.20 +/- 1.94
Episode length: 35.00 +/- 0.00
------------------------------------------
| eval/                    |             |
|    mean_ep_length        | 35          |
|    mean_reward           | -2.2        |
| policy/                  |             |
|    ent_coef              | 0.036       |
|    hold_rate_500         | 0.966       |
| session/                 |             |
|    london_range_pts      | 24          |
| time/                    |             |
|    total_timesteps       | 70000       |
| trade/                   |             |
|    episode_pnl           | 0.562       |
|    first_trade_pnl       | 4.46        |
|    first_trade_win_rate  | 0.5         |
|    ny_open_trade_rate    | 0.02        |
|    pnl_continuation_days | 0.591       |
|    pnl_sweep_high_days   | 0.879       |
|    pnl_sweep_low_days    | -0.33       |
|    trades_per_episode    | 0.16        |
|    win_rate              | 0.5         |
|    win_rate_continuation | 0.0588      |
|    win_rate_sweep_days   | 0.0625      |
| train/                   |             |
|    approx_kl             | 0.002424175 |
|    clip_fraction         | 0.0244      |
|    clip_range            | 0.2         |
|    entropy_loss          | -0.0811     |
|    explained_variance    | 0.682       |
|    learning_rate         | 0.0003      |
|    loss                  | -0.0065     |
|    n_updates             | 340         |
|    policy_gradient_loss  | -0.00675    |
|    value_loss            | 0.1         |
| validation/              |             |
|    acceptance_passed     | 0           |
|    first_trade_win_rate  | 64.7        |
|    ny_open_trade_rate    | 0.0261      |
|    pnl_continuation_days | 0.578       |
|    pnl_sweep_low_days    | 0.643       |
|    profit_factor         | 1.72        |
|    trades_per_episode    | 0.226       |
|    win_rate              | 34.6        |
|    win_rate_continuation | 4.82        |
|    win_rate_sweep_days   | 28.1        |
------------------------------------------
New best mean reward!
----------------------------------
| session/            |          |
|    london_range_pts | 26.3     |
| time/               |          |
|    fps              | 4        |
|    iterations       | 35       |
|    time_elapsed     | 17451    |
|    total_timesteps  | 71680    |
----------------------------------
------------------------------------------
| session/                |              |
|    london_range_pts     | 15.2         |
| time/                   |              |
|    fps                  | 4            |
|    iterations           | 36           |
|    time_elapsed         | 17914        |
|    total_timesteps      | 73728        |
| train/                  |              |
|    approx_kl            | 0.0023512393 |
|    clip_fraction        | 0.0179       |
|    clip_range           | 0.2          |
|    entropy_loss         | -0.0608      |
|    explained_variance   | 0.645        |
|    learning_rate        | 0.0003       |
|    loss                 | 0.00697      |
|    n_updates            | 350          |
|    policy_gradient_loss | -0.0051      |
|    value_loss           | 0.0946       |
------------------------------------------
Eval num_timesteps=75000, episode_reward=-3.79 +/- 0.45
Episode length: 35.00 +/- 0.00
-------------------------------------------
| eval/                    |              |
|    mean_ep_length        | 35           |
|    mean_reward           | -3.79        |
| policy/                  |              |
|    ent_coef              | 0.035        |
|    hold_rate_500         | 0.958        |
| session/                 |              |
|    london_range_pts      | 20.8         |
| time/                    |              |
|    total_timesteps       | 75000        |
| trade/                   |              |
|    episode_pnl           | 1.3          |
|    first_trade_pnl       | 0.0596       |
|    first_trade_win_rate  | 0.3          |
|    ny_open_trade_rate    | 0.02         |
|    pnl_continuation_days | 1.65         |
|    pnl_sweep_high_days   | -0.361       |
|    pnl_sweep_low_days    | 1.04         |
|    trades_per_episode    | 0.4          |
|    win_rate              | 0.5          |
|    win_rate_continuation | 0.0909       |
|    win_rate_sweep_days   | 0.118        |
| train/                   |              |
|    approx_kl             | 0.0064489273 |
|    clip_fraction         | 0.0308       |
|    clip_range            | 0.2          |
|    entropy_loss          | -0.0918      |
|    explained_variance    | 0.717        |
|    learning_rate         | 0.0003       |
|    loss                  | 0.000476     |
|    n_updates             | 360          |
|    policy_gradient_loss  | -0.00819     |
|    value_loss            | 0.103        |
-------------------------------------------
----------------------------------
| session/            |          |
|    london_range_pts | 24.3     |
| time/               |          |
|    fps              | 4        |
|    iterations       | 37       |
|    time_elapsed     | 18310    |
|    total_timesteps  | 75776    |
----------------------------------
------------------------------------------
| session/                |              |
|    london_range_pts     | 27.1         |
| time/                   |              |
|    fps                  | 4            |
|    iterations           | 38           |
|    time_elapsed         | 18699        |
|    total_timesteps      | 77824        |
| train/                  |              |
|    approx_kl            | 0.0014783717 |
|    clip_fraction        | 0.0131       |
|    clip_range           | 0.2          |
|    entropy_loss         | -0.0419      |
|    explained_variance   | 0.627        |
|    learning_rate        | 0.0003       |
|    loss                 | 0.0183       |
|    n_updates            | 370          |
|    policy_gradient_loss | -0.00439     |
|    value_loss           | 0.0941       |
------------------------------------------
------------------------------------------
| session/                |              |
|    london_range_pts     | 21.8         |
| time/                   |              |
|    fps                  | 4            |
|    iterations           | 39           |
|    time_elapsed         | 19104        |
|    total_timesteps      | 79872        |
| train/                  |              |
|    approx_kl            | 0.0031177208 |
|    clip_fraction        | 0.0255       |
|    clip_range           | 0.2          |
|    entropy_loss         | -0.0717      |
|    explained_variance   | 0.594        |
|    learning_rate        | 0.0003       |
|    loss                 | 0.0321       |
|    n_updates            | 380          |
|    policy_gradient_loss | -0.00813     |
|    value_loss           | 0.106        |
------------------------------------------
Eval num_timesteps=80000, episode_reward=-3.22 +/- 1.44
Episode length: 35.00 +/- 0.00
------------------------------------------
| eval/                    |             |
|    mean_ep_length        | 35          |
|    mean_reward           | -3.22       |
| policy/                  |             |
|    ent_coef              | 0.034       |
|    hold_rate_500         | 0.948       |
| session/                 |             |
|    london_range_pts      | 26.5        |
| time/                    |             |
|    total_timesteps       | 80000       |
| trade/                   |             |
|    episode_pnl           | 1.07        |
|    first_trade_pnl       | 1.42        |
|    first_trade_win_rate  | 0.556       |
|    ny_open_trade_rate    | 0           |
|    pnl_continuation_days | 1.66        |
|    pnl_sweep_high_days   | 0.483       |
|    pnl_sweep_low_days    | -0.367      |
|    trades_per_episode    | 0.32        |
|    win_rate              | 0.667       |
|    win_rate_continuation | 0.129       |
|    win_rate_sweep_days   | 0.105       |
| train/                   |             |
|    approx_kl             | 0.005419082 |
|    clip_fraction         | 0.0454      |
|    clip_range            | 0.2         |
|    entropy_loss          | -0.104      |
|    explained_variance    | 0.581       |
|    learning_rate         | 0.0003      |
|    loss                  | -0.0172     |
|    n_updates             | 390         |
|    policy_gradient_loss  | -0.0136     |
|    value_loss            | 0.105       |
| validation/              |             |
|    acceptance_passed     | 0           |
|    first_trade_win_rate  | 62.5        |
|    ny_open_trade_rate    | 0.0261      |
|    pnl_continuation_days | 0.516       |
|    pnl_sweep_low_days    | 0.643       |
|    profit_factor         | 1.72        |
|    trades_per_episode    | 0.217       |
|    win_rate              | 36          |
|    win_rate_continuation | 3.61        |
|    win_rate_sweep_days   | 28.1        |
------------------------------------------
----------------------------------
| session/            |          |
|    london_range_pts | 37.1     |
| time/               |          |
|    fps              | 4        |
|    iterations       | 40       |
|    time_elapsed     | 19854    |
|    total_timesteps  | 81920    |
----------------------------------
------------------------------------------
| session/                |              |
|    london_range_pts     | 18.7         |
| time/                   |              |
|    fps                  | 4            |
|    iterations           | 41           |
|    time_elapsed         | 20339        |
|    total_timesteps      | 83968        |
| train/                  |              |
|    approx_kl            | 0.0020362001 |
|    clip_fraction        | 0.0166       |
|    clip_range           | 0.2          |
|    entropy_loss         | -0.0398      |
|    explained_variance   | 0.712        |
|    learning_rate        | 0.0003       |
|    loss                 | 0.0192       |
|    n_updates            | 400          |
|    policy_gradient_loss | -0.00565     |
|    value_loss           | 0.0877       |
------------------------------------------
Eval num_timesteps=85000, episode_reward=-4.17 +/- 0.61
Episode length: 35.00 +/- 0.00
------------------------------------------
| eval/                    |             |
|    mean_ep_length        | 35          |
|    mean_reward           | -4.17       |
| policy/                  |             |
|    ent_coef              | 0.033       |
|    hold_rate_500         | 0.966       |
| session/                 |             |
|    london_range_pts      | 23.5        |
| time/                    |             |
|    total_timesteps       | 85000       |
| trade/                   |             |
|    episode_pnl           | 0.545       |
|    first_trade_pnl       | 4           |
|    first_trade_win_rate  | 0.75        |
|    ny_open_trade_rate    | 0           |
|    pnl_continuation_days | 0.402       |
|    pnl_sweep_high_days   | -0.512      |
|    pnl_sweep_low_days    | 4.94        |
|    trades_per_episode    | 0.18        |
|    win_rate              | 0.75        |
|    win_rate_continuation | 0.0294      |
|    win_rate_sweep_days   | 0.312       |
| train/                   |             |
|    approx_kl             | 0.002281225 |
|    clip_fraction         | 0.0213      |
|    clip_range            | 0.2         |
|    entropy_loss          | -0.0635     |
|    explained_variance    | 0.611       |
|    learning_rate         | 0.0003      |
|    loss                  | 0.00317     |
|    n_updates             | 410         |
|    policy_gradient_loss  | -0.0065     |
|    value_loss            | 0.0957      |
------------------------------------------
----------------------------------
| session/            |          |
|    london_range_pts | 32.3     |
| time/               |          |
|    fps              | 4        |
|    iterations       | 42       |
|    time_elapsed     | 20834    |
|    total_timesteps  | 86016    |
----------------------------------
-----------------------------------------
| session/                |             |
|    london_range_pts     | 29.5        |
| time/                   |             |
|    fps                  | 4           |
|    iterations           | 43          |
|    time_elapsed         | 21343       |
|    total_timesteps      | 88064       |
| train/                  |             |
|    approx_kl            | 0.002911922 |
|    clip_fraction        | 0.0204      |
|    clip_range           | 0.2         |
|    entropy_loss         | -0.0452     |
|    explained_variance   | 0.765       |
|    learning_rate        | 0.0003      |
|    loss                 | 0.0099      |
|    n_updates            | 420         |
|    policy_gradient_loss | -0.00788    |
|    value_loss           | 0.0593      |
-----------------------------------------
Eval num_timesteps=90000, episode_reward=-4.51 +/- 0.59
Episode length: 35.00 +/- 0.00
-------------------------------------------
| eval/                    |              |
|    mean_ep_length        | 35           |
|    mean_reward           | -4.51        |
| policy/                  |              |
|    ent_coef              | 0.032        |
|    hold_rate_500         | 0.966        |
| session/                 |              |
|    london_range_pts      | 25.1         |
| time/                    |              |
|    total_timesteps       | 90000        |
| trade/                   |              |
|    episode_pnl           | 1.48         |
|    first_trade_pnl       | 4.32         |
|    first_trade_win_rate  | 0.714        |
|    ny_open_trade_rate    | 0            |
|    pnl_continuation_days | 1.85         |
|    pnl_sweep_high_days   | 1.19         |
|    pnl_sweep_low_days    | -0.604       |
|    trades_per_episode    | 0.24         |
|    win_rate              | 0.714        |
|    win_rate_continuation | 0.111        |
|    win_rate_sweep_days   | 0.0714       |
| train/                   |              |
|    approx_kl             | 0.0019609083 |
|    clip_fraction         | 0.019        |
|    clip_range            | 0.2          |
|    entropy_loss          | -0.0639      |
|    explained_variance    | 0.716        |
|    learning_rate         | 0.0003       |
|    loss                  | 0.00712      |
|    n_updates             | 430          |
|    policy_gradient_loss  | -0.00571     |
|    value_loss            | 0.091        |
| validation/              |              |
|    acceptance_passed     | 0            |
|    first_trade_win_rate  | 64.7         |
|    ny_open_trade_rate    | 0.0261       |
|    pnl_continuation_days | 0.633        |
|    pnl_sweep_low_days    | 0.643        |
|    profit_factor         | 1.86         |
|    trades_per_episode    | 0.226        |
|    win_rate              | 34.6         |
|    win_rate_continuation | 4.82         |
|    win_rate_sweep_days   | 25           |
-------------------------------------------
----------------------------------
| session/            |          |
|    london_range_pts | 21.8     |
| time/               |          |
|    fps              | 4        |
|    iterations       | 44       |
|    time_elapsed     | 22209    |
|    total_timesteps  | 90112    |
----------------------------------
------------------------------------------
| session/                |              |
|    london_range_pts     | 26           |
| time/                   |              |
|    fps                  | 4            |
|    iterations           | 45           |
|    time_elapsed         | 22698        |
|    total_timesteps      | 92160        |
| train/                  |              |
|    approx_kl            | 0.0022797373 |
|    clip_fraction        | 0.0226       |
|    clip_range           | 0.2          |
|    entropy_loss         | -0.0566      |
|    explained_variance   | 0.724        |
|    learning_rate        | 0.0003       |
|    loss                 | -0.00151     |
|    n_updates            | 440          |
|    policy_gradient_loss | -0.00686     |
|    value_loss           | 0.114        |
------------------------------------------
-----------------------------------------
| session/                |             |
|    london_range_pts     | 29.7        |
| time/                   |             |
|    fps                  | 4           |
|    iterations           | 46          |
|    time_elapsed         | 23099       |
|    total_timesteps      | 94208       |
| train/                  |             |
|    approx_kl            | 0.002435681 |
|    clip_fraction        | 0.0208      |
|    clip_range           | 0.2         |
|    entropy_loss         | -0.0592     |
|    explained_variance   | 0.696       |
|    learning_rate        | 0.0003      |
|    loss                 | 0.0052      |
|    n_updates            | 450         |
|    policy_gradient_loss | -0.00373    |
|    value_loss           | 0.0762      |
-----------------------------------------
Eval num_timesteps=95000, episode_reward=-4.09 +/- 0.51
Episode length: 35.00 +/- 0.00
-------------------------------------------
| eval/                    |              |
|    mean_ep_length        | 35           |
|    mean_reward           | -4.09        |
| policy/                  |              |
|    ent_coef              | 0.031        |
|    hold_rate_500         | 0.954        |
| session/                 |              |
|    london_range_pts      | 22.6         |
| time/                    |              |
|    total_timesteps       | 95000        |
| trade/                   |              |
|    episode_pnl           | 1.26         |
|    first_trade_pnl       | 2.97         |
|    first_trade_win_rate  | 0.636        |
|    ny_open_trade_rate    | 0.06         |
|    pnl_continuation_days | 0.98         |
|    pnl_sweep_high_days   | 2.17         |
|    pnl_sweep_low_days    | 1.07         |
|    trades_per_episode    | 0.38         |
|    win_rate              | 0.909        |
|    win_rate_continuation | 0.1          |
|    win_rate_sweep_days   | 0.35         |
| train/                   |              |
|    approx_kl             | 0.0030624208 |
|    clip_fraction         | 0.0293       |
|    clip_range            | 0.2          |
|    entropy_loss          | -0.0836      |
|    explained_variance    | 0.688        |
|    learning_rate         | 0.0003       |
|    loss                  | 0.000935     |
|    n_updates             | 460          |
|    policy_gradient_loss  | -0.00798     |
|    value_loss            | 0.0938       |
-------------------------------------------
----------------------------------
| session/            |          |
|    london_range_pts | 40.8     |
| time/               |          |
|    fps              | 4        |
|    iterations       | 47       |
|    time_elapsed     | 23574    |
|    total_timesteps  | 96256    |
----------------------------------
------------------------------------------
| session/                |              |
|    london_range_pts     | 44.9         |
| time/                   |              |
|    fps                  | 4            |
|    iterations           | 48           |
|    time_elapsed         | 24020        |
|    total_timesteps      | 98304        |
| train/                  |              |
|    approx_kl            | 0.0034473287 |
|    clip_fraction        | 0.0236       |
|    clip_range           | 0.2          |
|    entropy_loss         | -0.0829      |
|    explained_variance   | 0.634        |
|    learning_rate        | 0.0003       |
|    loss                 | -0.00732     |
|    n_updates            | 470          |
|    policy_gradient_loss | -0.0069      |
|    value_loss           | 0.0915       |
------------------------------------------
Eval num_timesteps=100000, episode_reward=-2.80 +/- 2.66
Episode length: 35.00 +/- 0.00
-------------------------------------------
| eval/                    |              |
|    mean_ep_length        | 35           |
|    mean_reward           | -2.8         |
| policy/                  |              |
|    ent_coef              | 0.03         |
|    hold_rate_500         | 0.971        |
| session/                 |              |
|    london_range_pts      | 18.6         |
| time/                    |              |
|    total_timesteps       | 100000       |
| trade/                   |              |
|    episode_pnl           | 1.03         |
|    first_trade_pnl       | 1.16         |
|    first_trade_win_rate  | 0.571        |
|    ny_open_trade_rate    | 0            |
|    pnl_continuation_days | 1.41         |
|    pnl_sweep_high_days   | -0.492       |
|    pnl_sweep_low_days    | 0.822        |
|    trades_per_episode    | 0.22         |
|    win_rate              | 0.571        |
|    win_rate_continuation | 0.0606       |
|    win_rate_sweep_days   | 0.118        |
| train/                   |              |
|    approx_kl             | 0.0045701554 |
|    clip_fraction         | 0.0305       |
|    clip_range            | 0.2          |
|    entropy_loss          | -0.0778      |
|    explained_variance    | 0.789        |
|    learning_rate         | 0.0003       |
|    loss                  | 0.0153       |
|    n_updates             | 480          |
|    policy_gradient_loss  | -0.00901     |
|    value_loss            | 0.0722       |
| validation/              |              |
|    acceptance_passed     | 0            |
|    first_trade_win_rate  | 71.4         |
|    ny_open_trade_rate    | 0.0174       |
|    pnl_continuation_days | 0.389        |
|    pnl_sweep_low_days    | 0.643        |
|    profit_factor         | 2.28         |
|    trades_per_episode    | 0.191        |
|    win_rate              | 40.9         |
|    win_rate_continuation | 3.61         |
|    win_rate_sweep_days   | 25           |
-------------------------------------------
----------------------------------
| session/            |          |
|    london_range_pts | 30.2     |
| time/               |          |
|    fps              | 4        |
|    iterations       | 49       |
|    time_elapsed     | 24841    |
|    total_timesteps  | 100352   |
----------------------------------
-----------------------------------------
| session/                |             |
|    london_range_pts     | 25.8        |
| time/                   |             |
|    fps                  | 4           |
|    iterations           | 50          |
|    time_elapsed         | 25299       |
|    total_timesteps      | 102400      |
| train/                  |             |
|    approx_kl            | 0.002374889 |
|    clip_fraction        | 0.0198      |
|    clip_range           | 0.2         |
|    entropy_loss         | -0.0645     |
|    explained_variance   | 0.763       |
|    learning_rate        | 0.0003      |
|    loss                 | 0.00695     |
|    n_updates            | 490         |
|    policy_gradient_loss | -0.00617    |
|    value_loss           | 0.0752      |
-----------------------------------------
------------------------------------------
| session/                |              |
|    london_range_pts     | 44.8         |
| time/                   |              |
|    fps                  | 4            |
|    iterations           | 51           |
|    time_elapsed         | 25714        |
|    total_timesteps      | 104448       |
| train/                  |              |
|    approx_kl            | 0.0028979592 |
|    clip_fraction        | 0.0189       |
|    clip_range           | 0.2          |
|    entropy_loss         | -0.0477      |
|    explained_variance   | 0.766        |
|    learning_rate        | 0.0003       |
|    loss                 | 0.0136       |
|    n_updates            | 500          |
|    policy_gradient_loss | -0.00601     |
|    value_loss           | 0.0737       |
------------------------------------------
Eval num_timesteps=105000, episode_reward=-4.04 +/- 1.45
Episode length: 35.00 +/- 0.00
-------------------------------------------
| eval/                    |              |
|    mean_ep_length        | 35           |
|    mean_reward           | -4.04        |
| policy/                  |              |
|    ent_coef              | 0.029        |
|    hold_rate_500         | 0.972        |
| session/                 |              |
|    london_range_pts      | 22.6         |
| time/                    |              |
|    total_timesteps       | 105000       |
| trade/                   |              |
|    episode_pnl           | 0.798        |
|    first_trade_pnl       | 3.51         |
|    first_trade_win_rate  | 0.625        |
|    ny_open_trade_rate    | 0            |
|    pnl_continuation_days | 0.266        |
|    pnl_sweep_high_days   | 2.95         |
|    pnl_sweep_low_days    | 0            |
|    trades_per_episode    | 0.22         |
|    win_rate              | 0.75         |
|    win_rate_continuation | 0.0769       |
|    win_rate_sweep_days   | 0.273        |
| train/                   |              |
|    approx_kl             | 0.0026359993 |
|    clip_fraction         | 0.0187       |
|    clip_range            | 0.2          |
|    entropy_loss          | -0.0561      |
|    explained_variance    | 0.759        |
|    learning_rate         | 0.0003       |
|    loss                  | -0.0302      |
|    n_updates             | 510          |
|    policy_gradient_loss  | -0.00639     |
|    value_loss            | 0.0836       |
-------------------------------------------
----------------------------------
| session/            |          |
|    london_range_pts | 27.3     |
| time/               |          |
|    fps              | 4        |
|    iterations       | 52       |
|    time_elapsed     | 26172    |
|    total_timesteps  | 106496   |
----------------------------------
------------------------------------------
| session/                |              |
|    london_range_pts     | 19.7         |
| time/                   |              |
|    fps                  | 4            |
|    iterations           | 53           |
|    time_elapsed         | 26641        |
|    total_timesteps      | 108544       |
| train/                  |              |
|    approx_kl            | 0.0031494568 |
|    clip_fraction        | 0.022        |
|    clip_range           | 0.2          |
|    entropy_loss         | -0.0523      |
|    explained_variance   | 0.748        |
|    learning_rate        | 0.0003       |
|    loss                 | 0.0293       |
|    n_updates            | 520          |
|    policy_gradient_loss | -0.00608     |
|    value_loss           | 0.0655       |
------------------------------------------
Eval num_timesteps=110000, episode_reward=-4.63 +/- 0.20
Episode length: 35.00 +/- 0.00
-------------------------------------------
| eval/                    |              |
|    mean_ep_length        | 35           |
|    mean_reward           | -4.63        |
| policy/                  |              |
|    ent_coef              | 0.028        |
|    hold_rate_500         | 0.974        |
| session/                 |              |
|    london_range_pts      | 28           |
| time/                    |              |
|    total_timesteps       | 110000       |
| trade/                   |              |
|    episode_pnl           | 1.62         |
|    first_trade_pnl       | 1.89         |
|    first_trade_win_rate  | 0.556        |
|    ny_open_trade_rate    | 0.02         |
|    pnl_continuation_days | 1.05         |
|    pnl_sweep_high_days   | 1.52         |
|    pnl_sweep_low_days    | 3.29         |
|    trades_per_episode    | 0.34         |
|    win_rate              | 0.889        |
|    win_rate_continuation | 0.111        |
|    win_rate_sweep_days   | 0.217        |
| train/                   |              |
|    approx_kl             | 0.0035775607 |
|    clip_fraction         | 0.015        |
|    clip_range            | 0.2          |
|    entropy_loss          | -0.041       |
|    explained_variance    | 0.676        |
|    learning_rate         | 0.0003       |
|    loss                  | -0.00566     |
|    n_updates             | 530          |
|    policy_gradient_loss  | -0.00647     |
|    value_loss            | 0.069        |
| validation/              |              |
|    acceptance_passed     | 0            |
|    first_trade_win_rate  | 68.8         |
|    ny_open_trade_rate    | 0.0261       |
|    pnl_continuation_days | 0.578        |
|    pnl_sweep_low_days    | 0.643        |
|    profit_factor         | 2.06         |
|    trades_per_episode    | 0.209        |
|    win_rate              | 37.5         |
|    win_rate_continuation | 4.82         |
|    win_rate_sweep_days   | 25           |
-------------------------------------------
----------------------------------
| session/            |          |
|    london_range_pts | 20.3     |
| time/               |          |
|    fps              | 4        |
|    iterations       | 54       |
|    time_elapsed     | 27305    |
|    total_timesteps  | 110592   |
----------------------------------
------------------------------------------
| session/                |              |
|    london_range_pts     | 18.2         |
| time/                   |              |
|    fps                  | 4            |
|    iterations           | 55           |
|    time_elapsed         | 27665        |
|    total_timesteps      | 112640       |
| train/                  |              |
|    approx_kl            | 0.0071714027 |
|    clip_fraction        | 0.0313       |
|    clip_range           | 0.2          |
|    entropy_loss         | -0.0709      |
|    explained_variance   | 0.679        |
|    learning_rate        | 0.0003       |
|    loss                 | 0.00214      |
|    n_updates            | 540          |
|    policy_gradient_loss | -0.00997     |
|    value_loss           | 0.0777       |
------------------------------------------
------------------------------------------
| session/                |              |
|    london_range_pts     | 44.8         |
| time/                   |              |
|    fps                  | 4            |
|    iterations           | 56           |
|    time_elapsed         | 28047        |
|    total_timesteps      | 114688       |
| train/                  |              |
|    approx_kl            | 0.0025234655 |
|    clip_fraction        | 0.0245       |
|    clip_range           | 0.2          |
|    entropy_loss         | -0.0661      |
|    explained_variance   | 0.763        |
|    learning_rate        | 0.0003       |
|    loss                 | 0.00749      |
|    n_updates            | 550          |
|    policy_gradient_loss | -0.00612     |
|    value_loss           | 0.082        |
------------------------------------------
Eval num_timesteps=115000, episode_reward=-4.00 +/- 1.58
Episode length: 35.00 +/- 0.00
-------------------------------------------
| eval/                    |              |
|    mean_ep_length        | 35           |
|    mean_reward           | -4           |
| policy/                  |              |
|    ent_coef              | 0.027        |
|    hold_rate_500         | 0.974        |
| session/                 |              |
|    london_range_pts      | 22.2         |
| time/                    |              |
|    total_timesteps       | 115000       |
| trade/                   |              |
|    episode_pnl           | 0.0182       |
|    first_trade_pnl       | 0.303        |
|    first_trade_win_rate  | 0.667        |
|    ny_open_trade_rate    | 0            |
|    pnl_continuation_days | -0.0286      |
|    pnl_sweep_high_days   | 0.399        |
|    pnl_sweep_low_days    | 0            |
|    trades_per_episode    | 0.06         |
|    win_rate              | 0.667        |
|    win_rate_continuation | 0.0263       |
|    win_rate_sweep_days   | 0.0833       |
| train/                   |              |
|    approx_kl             | 0.0017998018 |
|    clip_fraction         | 0.0113       |
|    clip_range            | 0.2          |
|    entropy_loss          | -0.0189      |
|    explained_variance    | 0.8          |
|    learning_rate         | 0.0003       |
|    loss                  | 0.00398      |
|    n_updates             | 560          |
|    policy_gradient_loss  | -0.00388     |
|    value_loss            | 0.0463       |
-------------------------------------------
----------------------------------
| session/            |          |
|    london_range_pts | 29.6     |
| time/               |          |
|    fps              | 4        |
|    iterations       | 57       |
|    time_elapsed     | 28496    |
|    total_timesteps  | 116736   |
----------------------------------
-----------------------------------------
| session/                |             |
|    london_range_pts     | 39.5        |
| time/                   |             |
|    fps                  | 4           |
|    iterations           | 58          |
|    time_elapsed         | 28940       |
|    total_timesteps      | 118784      |
| train/                  |             |
|    approx_kl            | 0.003402891 |
|    clip_fraction        | 0.025       |
|    clip_range           | 0.2         |
|    entropy_loss         | -0.0631     |
|    explained_variance   | 0.751       |
|    learning_rate        | 0.0003      |
|    loss                 | -0.00883    |
|    n_updates            | 570         |
|    policy_gradient_loss | -0.00572    |
|    value_loss           | 0.083       |
-----------------------------------------
Eval num_timesteps=120000, episode_reward=-3.88 +/- 0.99
Episode length: 35.00 +/- 0.00
------------------------------------------
| eval/                    |             |
|    mean_ep_length        | 35          |
|    mean_reward           | -3.88       |
| policy/                  |             |
|    ent_coef              | 0.026       |
|    hold_rate_500         | 0.958       |
| session/                 |             |
|    london_range_pts      | 20.5        |
| time/                    |             |
|    total_timesteps       | 120000      |
| trade/                   |             |
|    episode_pnl           | 2.54        |
|    first_trade_pnl       | 6.44        |
|    first_trade_win_rate  | 0.8         |
|    ny_open_trade_rate    | 0.02        |
|    pnl_continuation_days | 3.09        |
|    pnl_sweep_high_days   | 1.79        |
|    pnl_sweep_low_days    | 0.724       |
|    trades_per_episode    | 0.36        |
|    win_rate              | 1           |
|    win_rate_continuation | 0.176       |
|    win_rate_sweep_days   | 0.25        |
| train/                   |             |
|    approx_kl             | 0.004364714 |
|    clip_fraction         | 0.0213      |
|    clip_range            | 0.2         |
|    entropy_loss          | -0.0527     |
|    explained_variance    | 0.715       |
|    learning_rate         | 0.0003      |
|    loss                  | 0.018       |
|    n_updates             | 580         |
|    policy_gradient_loss  | -0.00511    |
|    value_loss            | 0.102       |
| validation/              |             |
|    acceptance_passed     | 0           |
|    first_trade_win_rate  | 68.8        |
|    ny_open_trade_rate    | 0.0261      |
|    pnl_continuation_days | 0.633       |
|    pnl_sweep_low_days    | 0.643       |
|    profit_factor         | 2.37        |
|    trades_per_episode    | 0.209       |
|    win_rate              | 37.5        |
|    win_rate_continuation | 4.82        |
|    win_rate_sweep_days   | 25          |
------------------------------------------
----------------------------------
| session/            |          |
|    london_range_pts | 13.4     |
| time/               |          |
|    fps              | 4        |
|    iterations       | 59       |
|    time_elapsed     | 29809    |
|    total_timesteps  | 120832   |
----------------------------------
------------------------------------------
| session/                |              |
|    london_range_pts     | 22.6         |
| time/                   |              |
|    fps                  | 4            |
|    iterations           | 60           |
|    time_elapsed         | 30281        |
|    total_timesteps      | 122880       |
| train/                  |              |
|    approx_kl            | 0.0038790843 |
|    clip_fraction        | 0.0246       |
|    clip_range           | 0.2          |
|    entropy_loss         | -0.056       |
|    explained_variance   | 0.671        |
|    learning_rate        | 0.0003       |
|    loss                 | 0.0162       |
|    n_updates            | 590          |
|    policy_gradient_loss | -0.0077      |
|    value_loss           | 0.088        |
------------------------------------------
------------------------------------------
| session/                |              |
|    london_range_pts     | 16.3         |
| time/                   |              |
|    fps                  | 4            |
|    iterations           | 61           |
|    time_elapsed         | 30783        |
|    total_timesteps      | 124928       |
| train/                  |              |
|    approx_kl            | 0.0022331462 |
|    clip_fraction        | 0.0172       |
|    clip_range           | 0.2          |
|    entropy_loss         | -0.037       |
|    explained_variance   | 0.702        |
|    learning_rate        | 0.0003       |
|    loss                 | 0.0131       |
|    n_updates            | 600          |
|    policy_gradient_loss | -0.00506     |
|    value_loss           | 0.0802       |
------------------------------------------
Eval num_timesteps=125000, episode_reward=-4.09 +/- 0.56
Episode length: 35.00 +/- 0.00
-------------------------------------------
| eval/                    |              |
|    mean_ep_length        | 35           |
|    mean_reward           | -4.09        |
| policy/                  |              |
|    ent_coef              | 0.025        |
|    hold_rate_500         | 0.975        |
| session/                 |              |
|    london_range_pts      | 17.1         |
| time/                    |              |
|    total_timesteps       | 125000       |
| trade/                   |              |
|    episode_pnl           | 1.2          |
|    first_trade_pnl       | 5.18         |
|    first_trade_win_rate  | 0.857        |
|    ny_open_trade_rate    | 0.02         |
|    pnl_continuation_days | 0.719        |
|    pnl_sweep_high_days   | 2.93         |
|    pnl_sweep_low_days    | 1.08         |
|    trades_per_episode    | 0.24         |
|    win_rate              | 1            |
|    win_rate_continuation | 0.0667       |
|    win_rate_sweep_days   | 0.25         |
| train/                   |              |
|    approx_kl             | 0.0025205154 |
|    clip_fraction         | 0.0178       |
|    clip_range            | 0.2          |
|    entropy_loss          | -0.0329      |
|    explained_variance    | 0.659        |
|    learning_rate         | 0.0003       |
|    loss                  | 0.00102      |
|    n_updates             | 610          |
|    policy_gradient_loss  | -0.00685     |
|    value_loss            | 0.0807       |
-------------------------------------------
----------------------------------
| session/            |          |
|    london_range_pts | 18.3     |
| time/               |          |
|    fps              | 4        |
|    iterations       | 62       |
|    time_elapsed     | 31290    |
|    total_timesteps  | 126976   |
----------------------------------
------------------------------------------
| session/                |              |
|    london_range_pts     | 23.6         |
| time/                   |              |
|    fps                  | 4            |
|    iterations           | 63           |
|    time_elapsed         | 31657        |
|    total_timesteps      | 129024       |
| train/                  |              |
|    approx_kl            | 0.0022222917 |
|    clip_fraction        | 0.0109       |
|    clip_range           | 0.2          |
|    entropy_loss         | -0.0177      |
|    explained_variance   | 0.754        |
|    learning_rate        | 0.0003       |
|    loss                 | 0.0191       |
|    n_updates            | 620          |
|    policy_gradient_loss | -0.00425     |
|    value_loss           | 0.0737       |
------------------------------------------
Eval num_timesteps=130000, episode_reward=-2.58 +/- 1.40
Episode length: 35.00 +/- 0.00
-------------------------------------------
| eval/                    |              |
|    mean_ep_length        | 35           |
|    mean_reward           | -2.58        |
| policy/                  |              |
|    ent_coef              | 0.024        |
|    hold_rate_500         | 0.978        |
| session/                 |              |
|    london_range_pts      | 28.8         |
| time/                    |              |
|    total_timesteps       | 130000       |
| trade/                   |              |
|    episode_pnl           | 0.346        |
|    first_trade_pnl       | 1.73         |
|    first_trade_win_rate  | 0.5          |
|    ny_open_trade_rate    | 0.02         |
|    pnl_continuation_days | 0.273        |
|    pnl_sweep_high_days   | 0.956        |
|    pnl_sweep_low_days    | 0.0693       |
|    trades_per_episode    | 0.2          |
|    win_rate              | 0.667        |
|    win_rate_continuation | 0.0606       |
|    win_rate_sweep_days   | 0.118        |
| train/                   |              |
|    approx_kl             | 0.0020847511 |
|    clip_fraction         | 0.0185       |
|    clip_range            | 0.2          |
|    entropy_loss          | -0.04        |
|    explained_variance    | 0.759        |
|    learning_rate         | 0.0003       |
|    loss                  | -0.00029     |
|    n_updates             | 630          |
|    policy_gradient_loss  | -0.00695     |
|    value_loss            | 0.0702       |
| validation/              |              |
|    acceptance_passed     | 0            |
|    first_trade_win_rate  | 68.8         |
|    ny_open_trade_rate    | 0.0261       |
|    pnl_continuation_days | 0.578        |
|    pnl_sweep_low_days    | 0.643        |
|    profit_factor         | 2.06         |
|    trades_per_episode    | 0.209        |
|    win_rate              | 37.5         |
|    win_rate_continuation | 4.82         |
|    win_rate_sweep_days   | 25           |
-------------------------------------------
----------------------------------
| session/            |          |
|    london_range_pts | 14.3     |
| time/               |          |
|    fps              | 4        |
|    iterations       | 64       |
|    time_elapsed     | 32328    |
|    total_timesteps  | 131072   |
----------------------------------
------------------------------------------
| session/                |              |
|    london_range_pts     | 26.3         |
| time/                   |              |
|    fps                  | 4            |
|    iterations           | 65           |
|    time_elapsed         | 32697        |
|    total_timesteps      | 133120       |
| train/                  |              |
|    approx_kl            | 0.0049040443 |
|    clip_fraction        | 0.0302       |
|    clip_range           | 0.2          |
|    entropy_loss         | -0.0645      |
|    explained_variance   | 0.721        |
|    learning_rate        | 0.0003       |
|    loss                 | -0.00449     |
|    n_updates            | 640          |
|    policy_gradient_loss | -0.0083      |
|    value_loss           | 0.0975       |
------------------------------------------
Eval num_timesteps=135000, episode_reward=-3.47 +/- 1.87
Episode length: 35.00 +/- 0.00
------------------------------------------
| eval/                    |             |
|    mean_ep_length        | 35          |
|    mean_reward           | -3.47       |
| policy/                  |             |
|    ent_coef              | 0.023       |
|    hold_rate_500         | 0.968       |
| session/                 |             |
|    london_range_pts      | 54.1        |
| time/                    |             |
|    total_timesteps       | 135000      |
| trade/                   |             |
|    episode_pnl           | 1.2         |
|    first_trade_pnl       | 8.3         |
|    first_trade_win_rate  | 1           |
|    ny_open_trade_rate    | 0.02        |
|    pnl_continuation_days | 1.13        |
|    pnl_sweep_high_days   | 2.25        |
|    pnl_sweep_low_days    | 0.671       |
|    trades_per_episode    | 0.18        |
|    win_rate              | 1           |
|    win_rate_continuation | 0.0909      |
|    win_rate_sweep_days   | 0.176       |
| train/                   |             |
|    approx_kl             | 0.005230919 |
|    clip_fraction         | 0.0306      |
|    clip_range            | 0.2         |
|    entropy_loss          | -0.055      |
|    explained_variance    | 0.733       |
|    learning_rate         | 0.0003      |
|    loss                  | -0.00279    |
|    n_updates             | 650         |
|    policy_gradient_loss  | -0.0117     |
|    value_loss            | 0.0799      |
------------------------------------------
----------------------------------
| session/            |          |
|    london_range_pts | 28.2     |
| time/               |          |
|    fps              | 4        |
|    iterations       | 66       |
|    time_elapsed     | 33119    |
|    total_timesteps  | 135168   |
----------------------------------
------------------------------------------
| session/                |              |
|    london_range_pts     | 24.2         |
| time/                   |              |
|    fps                  | 4            |
|    iterations           | 67           |
|    time_elapsed         | 33536        |
|    total_timesteps      | 137216       |
| train/                  |              |
|    approx_kl            | 0.0028369692 |
|    clip_fraction        | 0.0191       |
|    clip_range           | 0.2          |
|    entropy_loss         | -0.0449      |
|    explained_variance   | 0.765        |
|    learning_rate        | 0.0003       |
|    loss                 | 0.00211      |
|    n_updates            | 660          |
|    policy_gradient_loss | -0.00618     |
|    value_loss           | 0.0678       |
------------------------------------------
------------------------------------------
| session/                |              |
|    london_range_pts     | 31.2         |
| time/                   |              |
|    fps                  | 4            |
|    iterations           | 68           |
|    time_elapsed         | 33988        |
|    total_timesteps      | 139264       |
| train/                  |              |
|    approx_kl            | 0.0014220676 |
|    clip_fraction        | 0.0124       |
|    clip_range           | 0.2          |
|    entropy_loss         | -0.0365      |
|    explained_variance   | 0.756        |
|    learning_rate        | 0.0003       |
|    loss                 | 0.00156      |
|    n_updates            | 670          |
|    policy_gradient_loss | -0.00313     |
|    value_loss           | 0.071        |
------------------------------------------
Eval num_timesteps=140000, episode_reward=-3.52 +/- 2.07
Episode length: 35.00 +/- 0.00
-------------------------------------------
| eval/                    |              |
|    mean_ep_length        | 35           |
|    mean_reward           | -3.52        |
| policy/                  |              |
|    ent_coef              | 0.022        |
|    hold_rate_500         | 0.973        |
| session/                 |              |
|    london_range_pts      | 26.4         |
| time/                    |              |
|    total_timesteps       | 140000       |
| trade/                   |              |
|    episode_pnl           | 1.44         |
|    first_trade_pnl       | 3.19         |
|    first_trade_win_rate  | 0.727        |
|    ny_open_trade_rate    | 0.02         |
|    pnl_continuation_days | 1.7          |
|    pnl_sweep_high_days   | 1.07         |
|    pnl_sweep_low_days    | 0.832        |
|    trades_per_episode    | 0.3          |
|    win_rate              | 0.727        |
|    win_rate_continuation | 0.121        |
|    win_rate_sweep_days   | 0.235        |
| train/                   |              |
|    approx_kl             | 0.0034181946 |
|    clip_fraction         | 0.024        |
|    clip_range            | 0.2          |
|    entropy_loss          | -0.05        |
|    explained_variance    | 0.67         |
|    learning_rate         | 0.0003       |
|    loss                  | -0.00684     |
|    n_updates             | 680          |
|    policy_gradient_loss  | -0.00692     |
|    value_loss            | 0.083        |
| validation/              |              |
|    acceptance_passed     | 0            |
|    first_trade_win_rate  | 64.7         |
|    ny_open_trade_rate    | 0.0261       |
|    pnl_continuation_days | 0.578        |
|    pnl_sweep_low_days    | 0.643        |
|    profit_factor         | 1.72         |
|    trades_per_episode    | 0.226        |
|    win_rate              | 34.6         |
|    win_rate_continuation | 4.82         |
|    win_rate_sweep_days   | 28.1         |
-------------------------------------------
----------------------------------
| session/            |          |
|    london_range_pts | 27.6     |
| time/               |          |
|    fps              | 4        |
|    iterations       | 69       |
|    time_elapsed     | 34749    |
|    total_timesteps  | 141312   |
----------------------------------
------------------------------------------
| session/                |              |
|    london_range_pts     | 30.7         |
| time/                   |              |
|    fps                  | 4            |
|    iterations           | 70           |
|    time_elapsed         | 35265        |
|    total_timesteps      | 143360       |
| train/                  |              |
|    approx_kl            | 0.0038692765 |
|    clip_fraction        | 0.0296       |
|    clip_range           | 0.2          |
|    entropy_loss         | -0.0512      |
|    explained_variance   | 0.692        |
|    learning_rate        | 0.0003       |
|    loss                 | -0.000144    |
|    n_updates            | 690          |
|    policy_gradient_loss | -0.00968     |
|    value_loss           | 0.101        |
------------------------------------------
Eval num_timesteps=145000, episode_reward=-4.15 +/- 0.60
Episode length: 35.00 +/- 0.00
-------------------------------------------
| eval/                    |              |
|    mean_ep_length        | 35           |
|    mean_reward           | -4.15        |
| policy/                  |              |
|    ent_coef              | 0.021        |
|    hold_rate_500         | 0.974        |
| session/                 |              |
|    london_range_pts      | 27.4         |
| time/                    |              |
|    total_timesteps       | 145000       |
| trade/                   |              |
|    episode_pnl           | 0.986        |
|    first_trade_pnl       | 0.46         |
|    first_trade_win_rate  | 0.556        |
|    ny_open_trade_rate    | 0            |
|    pnl_continuation_days | 0.845        |
|    pnl_sweep_high_days   | 2.21         |
|    pnl_sweep_low_days    | -0.0343      |
|    trades_per_episode    | 0.36         |
|    win_rate              | 0.778        |
|    win_rate_continuation | 0.114        |
|    win_rate_sweep_days   | 0.2          |
| train/                   |              |
|    approx_kl             | 0.0044144276 |
|    clip_fraction         | 0.0164       |
|    clip_range            | 0.2          |
|    entropy_loss          | -0.0241      |
|    explained_variance    | 0.801        |
|    learning_rate         | 0.0003       |
|    loss                  | -0.00258     |
|    n_updates             | 700          |
|    policy_gradient_loss  | -0.00734     |
|    value_loss            | 0.0589       |
-------------------------------------------
----------------------------------
| session/            |          |
|    london_range_pts | 21.1     |
| time/               |          |
|    fps              | 4        |
|    iterations       | 71       |
|    time_elapsed     | 35798    |
|    total_timesteps  | 145408   |
----------------------------------
------------------------------------------
| session/                |              |
|    london_range_pts     | 21.6         |
| time/                   |              |
|    fps                  | 4            |
|    iterations           | 72           |
|    time_elapsed         | 36256        |
|    total_timesteps      | 147456       |
| train/                  |              |
|    approx_kl            | 0.0032716724 |
|    clip_fraction        | 0.0115       |
|    clip_range           | 0.2          |
|    entropy_loss         | -0.032       |
|    explained_variance   | 0.781        |
|    learning_rate        | 0.0003       |
|    loss                 | -0.00458     |
|    n_updates            | 710          |
|    policy_gradient_loss | -0.00288     |
|    value_loss           | 0.0679       |
------------------------------------------
------------------------------------------
| session/                |              |
|    london_range_pts     | 37.5         |
| time/                   |              |
|    fps                  | 4            |
|    iterations           | 73           |
|    time_elapsed         | 36702        |
|    total_timesteps      | 149504       |
| train/                  |              |
|    approx_kl            | 0.0032916712 |
|    clip_fraction        | 0.0143       |
|    clip_range           | 0.2          |
|    entropy_loss         | -0.0221      |
|    explained_variance   | 0.759        |
|    learning_rate        | 0.0003       |
|    loss                 | -0.00357     |
|    n_updates            | 720          |
|    policy_gradient_loss | -0.00352     |
|    value_loss           | 0.0697       |
------------------------------------------
Eval num_timesteps=150000, episode_reward=-3.79 +/- 1.21
Episode length: 35.00 +/- 0.00
------------------------------------------
| eval/                    |             |
|    mean_ep_length        | 35          |
|    mean_reward           | -3.79       |
| policy/                  |             |
|    ent_coef              | 0.02        |
|    hold_rate_500         | 0.972       |
| session/                 |             |
|    london_range_pts      | 18          |
| time/                    |             |
|    total_timesteps       | 150000      |
| trade/                   |             |
|    episode_pnl           | 0.654       |
|    first_trade_pnl       | 2.28        |
|    first_trade_win_rate  | 0.667       |
|    ny_open_trade_rate    | 0.02        |
|    pnl_continuation_days | 0.796       |
|    pnl_sweep_high_days   | 0           |
|    pnl_sweep_low_days    | 0.691       |
|    trades_per_episode    | 0.18        |
|    win_rate              | 1           |
|    win_rate_continuation | 0.114       |
|    win_rate_sweep_days   | 0.133       |
| train/                   |             |
|    approx_kl             | 0.010466386 |
|    clip_fraction         | 0.032       |
|    clip_range            | 0.2         |
|    entropy_loss          | -0.0558     |
|    explained_variance    | 0.789       |
|    learning_rate         | 0.0003      |
|    loss                  | 0.0156      |
|    n_updates             | 730         |
|    policy_gradient_loss  | -0.00858    |
|    value_loss            | 0.0729      |
| validation/              |             |
|    acceptance_passed     | 0           |
|    first_trade_win_rate  | 68.8        |
|    ny_open_trade_rate    | 0.0261      |
|    pnl_continuation_days | 0.578       |
|    pnl_sweep_low_days    | 0.643       |
|    profit_factor         | 2.37        |
|    trades_per_episode    | 0.2         |
|    win_rate              | 39.1        |
|    win_rate_continuation | 4.82        |
|    win_rate_sweep_days   | 25          |
------------------------------------------
----------------------------------
| session/            |          |
|    london_range_pts | 28.8     |
| time/               |          |
|    fps              | 4        |
|    iterations       | 74       |
|    time_elapsed     | 37501    |
|    total_timesteps  | 151552   |
----------------------------------
-----------------------------------------
| session/                |             |
|    london_range_pts     | 31.9        |
| time/                   |             |
|    fps                  | 4           |
|    iterations           | 75          |
|    time_elapsed         | 38017       |
|    total_timesteps      | 153600      |
| train/                  |             |
|    approx_kl            | 0.009787186 |
|    clip_fraction        | 0.0297      |
|    clip_range           | 0.2         |
|    entropy_loss         | -0.0482     |
|    explained_variance   | 0.708       |
|    learning_rate        | 0.0003      |
|    loss                 | -0.00757    |
|    n_updates            | 740         |
|    policy_gradient_loss | -0.00791    |
|    value_loss           | 0.0664      |
-----------------------------------------
Eval num_timesteps=155000, episode_reward=-4.09 +/- 0.62
Episode length: 35.00 +/- 0.00
------------------------------------------
| eval/                    |             |
|    mean_ep_length        | 35          |
|    mean_reward           | -4.09       |
| policy/                  |             |
|    ent_coef              | 0.019       |
|    hold_rate_500         | 0.958       |
| session/                 |             |
|    london_range_pts      | 39.4        |
| time/                    |             |
|    total_timesteps       | 155000      |
| trade/                   |             |
|    episode_pnl           | 0.992       |
|    first_trade_pnl       | 4.1         |
|    first_trade_win_rate  | 0.714       |
|    ny_open_trade_rate    | 0.02        |
|    pnl_continuation_days | 0.792       |
|    pnl_sweep_high_days   | 2.96        |
|    pnl_sweep_low_days    | 0.142       |
|    trades_per_episode    | 0.26        |
|    win_rate              | 0.857       |
|    win_rate_continuation | 0.0571      |
|    win_rate_sweep_days   | 0.267       |
| train/                   |             |
|    approx_kl             | 0.004407166 |
|    clip_fraction         | 0.0388      |
|    clip_range            | 0.2         |
|    entropy_loss          | -0.0844     |
|    explained_variance    | 0.656       |
|    learning_rate         | 0.0003      |
|    loss                  | -0.025      |
|    n_updates             | 750         |
|    policy_gradient_loss  | -0.0114     |
|    value_loss            | 0.0863      |
------------------------------------------
----------------------------------
| session/            |          |
|    london_range_pts | 24.4     |
| time/               |          |
|    fps              | 4        |
|    iterations       | 76       |
|    time_elapsed     | 38556    |
|    total_timesteps  | 155648   |
----------------------------------
------------------------------------------
| session/                |              |
|    london_range_pts     | 22.1         |
| time/                   |              |
|    fps                  | 4            |
|    iterations           | 77           |
|    time_elapsed         | 39098        |
|    total_timesteps      | 157696       |
| train/                  |              |
|    approx_kl            | 0.0040427917 |
|    clip_fraction        | 0.0316       |
|    clip_range           | 0.2          |
|    entropy_loss         | -0.0697      |
|    explained_variance   | 0.736        |
|    learning_rate        | 0.0003       |
|    loss                 | 0.00146      |
|    n_updates            | 760          |
|    policy_gradient_loss | -0.0105      |
|    value_loss           | 0.088        |
------------------------------------------
------------------------------------------
| session/                |              |
|    london_range_pts     | 27.3         |
| time/                   |              |
|    fps                  | 4            |
|    iterations           | 78           |
|    time_elapsed         | 39654        |
|    total_timesteps      | 159744       |
| train/                  |              |
|    approx_kl            | 0.0033552018 |
|    clip_fraction        | 0.0289       |
|    clip_range           | 0.2          |
|    entropy_loss         | -0.0723      |
|    explained_variance   | 0.715        |
|    learning_rate        | 0.0003       |
|    loss                 | -0.00687     |
|    n_updates            | 770          |
|    policy_gradient_loss | -0.0111      |
|    value_loss           | 0.0946       |
------------------------------------------
Eval num_timesteps=160000, episode_reward=-4.20 +/- 1.05
Episode length: 35.00 +/- 0.00
-------------------------------------------
| eval/                    |              |
|    mean_ep_length        | 35           |
|    mean_reward           | -4.2         |
| policy/                  |              |
|    ent_coef              | 0.018        |
|    hold_rate_500         | 0.956        |
| session/                 |              |
|    london_range_pts      | 26.3         |
| time/                    |              |
|    total_timesteps       | 160000       |
| trade/                   |              |
|    episode_pnl           | 1.39         |
|    first_trade_pnl       | 3.96         |
|    first_trade_win_rate  | 0.667        |
|    ny_open_trade_rate    | 0            |
|    pnl_continuation_days | 1.16         |
|    pnl_sweep_high_days   | 3.86         |
|    pnl_sweep_low_days    | -0.251       |
|    trades_per_episode    | 0.26         |
|    win_rate              | 0.778        |
|    win_rate_continuation | 0.0938       |
|    win_rate_sweep_days   | 0.222        |
| train/                   |              |
|    approx_kl             | 0.0032423323 |
|    clip_fraction         | 0.0359       |
|    clip_range            | 0.2          |
|    entropy_loss          | -0.093       |
|    explained_variance    | 0.708        |
|    learning_rate         | 0.0003       |
|    loss                  | 0.0134       |
|    n_updates             | 780          |
|    policy_gradient_loss  | -0.0135      |
|    value_loss            | 0.106        |
| validation/              |              |
|    acceptance_passed     | 0            |
|    first_trade_win_rate  | 68.8         |
|    ny_open_trade_rate    | 0.0261       |
|    pnl_continuation_days | 0.578        |
|    pnl_sweep_low_days    | 0.643        |
|    profit_factor         | 2.06         |
|    trades_per_episode    | 0.209        |
|    win_rate              | 37.5         |
|    win_rate_continuation | 4.82         |
|    win_rate_sweep_days   | 25           |
-------------------------------------------
----------------------------------
| session/            |          |
|    london_range_pts | 17.1     |
| time/               |          |
|    fps              | 3        |
|    iterations       | 79       |
|    time_elapsed     | 40571    |
|    total_timesteps  | 161792   |
----------------------------------
------------------------------------------
| session/                |              |
|    london_range_pts     | 24.3         |
| time/                   |              |
|    fps                  | 3            |
|    iterations           | 80           |
|    time_elapsed         | 41078        |
|    total_timesteps      | 163840       |
| train/                  |              |
|    approx_kl            | 0.0062538846 |
|    clip_fraction        | 0.0475       |
|    clip_range           | 0.2          |
|    entropy_loss         | -0.115       |
|    explained_variance   | 0.765        |
|    learning_rate        | 0.0003       |
|    loss                 | -0.00287     |
|    n_updates            | 790          |
|    policy_gradient_loss | -0.0148      |
|    value_loss           | 0.0796       |
------------------------------------------
Eval num_timesteps=165000, episode_reward=-3.14 +/- 0.91
Episode length: 35.00 +/- 0.00
-------------------------------------------
| eval/                    |              |
|    mean_ep_length        | 35           |
|    mean_reward           | -3.14        |
| policy/                  |              |
|    ent_coef              | 0.017        |
|    hold_rate_500         | 0.956        |
| session/                 |              |
|    london_range_pts      | 18.9         |
| time/                    |              |
|    total_timesteps       | 165000       |
| trade/                   |              |
|    episode_pnl           | 1.67         |
|    first_trade_pnl       | 2.88         |
|    first_trade_win_rate  | 0.667        |
|    ny_open_trade_rate    | 0            |
|    pnl_continuation_days | 2.11         |
|    pnl_sweep_high_days   | 0.21         |
|    pnl_sweep_low_days    | 0.669        |
|    trades_per_episode    | 0.28         |
|    win_rate              | 0.667        |
|    win_rate_continuation | 0.0811       |
|    win_rate_sweep_days   | 0.231        |
| train/                   |              |
|    approx_kl             | 0.0032368556 |
|    clip_fraction         | 0.0302       |
|    clip_range            | 0.2          |
|    entropy_loss          | -0.0503      |
|    explained_variance    | 0.657        |
|    learning_rate         | 0.0003       |
|    loss                  | 0.0205       |
|    n_updates             | 800          |
|    policy_gradient_loss  | -0.00921     |
|    value_loss            | 0.0898       |
-------------------------------------------
----------------------------------
| session/            |          |
|    london_range_pts | 28.8     |
| time/               |          |
|    fps              | 4        |
|    iterations       | 81       |
|    time_elapsed     | 41465    |
|    total_timesteps  | 165888   |
----------------------------------
------------------------------------------
| session/                |              |
|    london_range_pts     | 18.1         |
| time/                   |              |
|    fps                  | 4            |
|    iterations           | 82           |
|    time_elapsed         | 41868        |
|    total_timesteps      | 167936       |
| train/                  |              |
|    approx_kl            | 0.0040586544 |
|    clip_fraction        | 0.023        |
|    clip_range           | 0.2          |
|    entropy_loss         | -0.0555      |
|    explained_variance   | 0.664        |
|    learning_rate        | 0.0003       |
|    loss                 | 0.023        |
|    n_updates            | 810          |
|    policy_gradient_loss | -0.00766     |
|    value_loss           | 0.0919       |
------------------------------------------
-----------------------------------------
| session/                |             |
|    london_range_pts     | 13.4        |
| time/                   |             |
|    fps                  | 4           |
|    iterations           | 83          |
|    time_elapsed         | 42306       |
|    total_timesteps      | 169984      |
| train/                  |             |
|    approx_kl            | 0.001997251 |
|    clip_fraction        | 0.0154      |
|    clip_range           | 0.2         |
|    entropy_loss         | -0.0299     |
|    explained_variance   | 0.691       |
|    learning_rate        | 0.0003      |
|    loss                 | 0.0151      |
|    n_updates            | 820         |
|    policy_gradient_loss | -0.00662    |
|    value_loss           | 0.0996      |
-----------------------------------------
Eval num_timesteps=170000, episode_reward=-3.04 +/- 2.79
Episode length: 35.00 +/- 0.00
------------------------------------------
| eval/                    |             |
|    mean_ep_length        | 35          |
|    mean_reward           | -3.04       |
| policy/                  |             |
|    ent_coef              | 0.016       |
|    hold_rate_500         | 0.975       |
| session/                 |             |
|    london_range_pts      | 13.4        |
| time/                    |             |
|    total_timesteps       | 170000      |
| trade/                   |             |
|    episode_pnl           | 1.16        |
|    first_trade_pnl       | 2.21        |
|    first_trade_win_rate  | 0.75        |
|    ny_open_trade_rate    | 0           |
|    pnl_continuation_days | 1.16        |
|    pnl_sweep_high_days   | 0.748       |
|    pnl_sweep_low_days    | 1.81        |
|    trades_per_episode    | 0.32        |
|    win_rate              | 0.75        |
|    win_rate_continuation | 0.0882      |
|    win_rate_sweep_days   | 0.188       |
| train/                   |             |
|    approx_kl             | 0.002767174 |
|    clip_fraction         | 0.018       |
|    clip_range            | 0.2         |
|    entropy_loss          | -0.041      |
|    explained_variance    | 0.738       |
|    learning_rate         | 0.0003      |
|    loss                  | 0.0156      |
|    n_updates             | 830         |
|    policy_gradient_loss  | -0.005      |
|    value_loss            | 0.0885      |
| validation/              |             |
|    acceptance_passed     | 0           |
|    first_trade_win_rate  | 62.5        |
|    ny_open_trade_rate    | 0.0261      |
|    pnl_continuation_days | 0.516       |
|    pnl_sweep_low_days    | 0.975       |
|    profit_factor         | 2.26        |
|    trades_per_episode    | 0.2         |
|    win_rate              | 39.1        |
|    win_rate_continuation | 3.61        |
|    win_rate_sweep_days   | 28.1        |
------------------------------------------
----------------------------------
| session/            |          |
|    london_range_pts | 18.8     |
| time/               |          |
|    fps              | 3        |
|    iterations       | 84       |
|    time_elapsed     | 43104    |
|    total_timesteps  | 172032   |
----------------------------------
-----------------------------------------
| session/                |             |
|    london_range_pts     | 24.3        |
| time/                   |             |
|    fps                  | 3           |
|    iterations           | 85          |
|    time_elapsed         | 43550       |
|    total_timesteps      | 174080      |
| train/                  |             |
|    approx_kl            | 0.002639491 |
|    clip_fraction        | 0.0179      |
|    clip_range           | 0.2         |
|    entropy_loss         | -0.0409     |
|    explained_variance   | 0.773       |
|    learning_rate        | 0.0003      |
|    loss                 | 0.0046      |
|    n_updates            | 840         |
|    policy_gradient_loss | -0.00727    |
|    value_loss           | 0.0731      |
-----------------------------------------
Eval num_timesteps=175000, episode_reward=-4.48 +/- 0.28
Episode length: 35.00 +/- 0.00
-------------------------------------------
| eval/                    |              |
|    mean_ep_length        | 35           |
|    mean_reward           | -4.48        |
| policy/                  |              |
|    ent_coef              | 0.015        |
|    hold_rate_500         | 0.967        |
| session/                 |              |
|    london_range_pts      | 28.3         |
| time/                    |              |
|    total_timesteps       | 175000       |
| trade/                   |              |
|    episode_pnl           | 1.35         |
|    first_trade_pnl       | 4.06         |
|    first_trade_win_rate  | 0.667        |
|    ny_open_trade_rate    | 0.04         |
|    pnl_continuation_days | 0.796        |
|    pnl_sweep_high_days   | 1.73         |
|    pnl_sweep_low_days    | 2.83         |
|    trades_per_episode    | 0.38         |
|    win_rate              | 0.75         |
|    win_rate_continuation | 0.0667       |
|    win_rate_sweep_days   | 0.35         |
| train/                   |              |
|    approx_kl             | 0.0066251257 |
|    clip_fraction         | 0.0273       |
|    clip_range            | 0.2          |
|    entropy_loss          | -0.0491      |
|    explained_variance    | 0.658        |
|    learning_rate         | 0.0003       |
|    loss                  | -0.0118      |
|    n_updates             | 850          |
|    policy_gradient_loss  | -0.00892     |
|    value_loss            | 0.0874       |
-------------------------------------------
----------------------------------
| session/            |          |
|    london_range_pts | 34.3     |
| time/               |          |
|    fps              | 4        |
|    iterations       | 86       |
|    time_elapsed     | 44025    |
|    total_timesteps  | 176128   |
----------------------------------
------------------------------------------
| session/                |              |
|    london_range_pts     | 26.2         |
| time/                   |              |
|    fps                  | 4            |
|    iterations           | 87           |
|    time_elapsed         | 44506        |
|    total_timesteps      | 178176       |
| train/                  |              |
|    approx_kl            | 0.0062021283 |
|    clip_fraction        | 0.0365       |
|    clip_range           | 0.2          |
|    entropy_loss         | -0.0814      |
|    explained_variance   | 0.67         |
|    learning_rate        | 0.0003       |
|    loss                 | -0.00376     |
|    n_updates            | 860          |
|    policy_gradient_loss | -0.0121      |
|    value_loss           | 0.0991       |
------------------------------------------
Eval num_timesteps=180000, episode_reward=-3.01 +/- 2.15
Episode length: 35.00 +/- 0.00
-------------------------------------------
| eval/                    |              |
|    mean_ep_length        | 35           |
|    mean_reward           | -3.01        |
| policy/                  |              |
|    ent_coef              | 0.014        |
|    hold_rate_500         | 0.97         |
| session/                 |              |
|    london_range_pts      | 20.7         |
| time/                    |              |
|    total_timesteps       | 180000       |
| trade/                   |              |
|    episode_pnl           | 0.366        |
|    first_trade_pnl       | 1.59         |
|    first_trade_win_rate  | 0.556        |
|    ny_open_trade_rate    | 0            |
|    pnl_continuation_days | 0.561        |
|    pnl_sweep_high_days   | 0.356        |
|    pnl_sweep_low_days    | -0.513       |
|    trades_per_episode    | 0.24         |
|    win_rate              | 0.444        |
|    win_rate_continuation | 0.0625       |
|    win_rate_sweep_days   | 0.111        |
| train/                   |              |
|    approx_kl             | 0.0032145092 |
|    clip_fraction         | 0.0209       |
|    clip_range            | 0.2          |
|    entropy_loss          | -0.0488      |
|    explained_variance    | 0.649        |
|    learning_rate         | 0.0003       |
|    loss                  | 0.00938      |
|    n_updates             | 870          |
|    policy_gradient_loss  | -0.00987     |
|    value_loss            | 0.107        |
| validation/              |              |
|    acceptance_passed     | 0            |
|    first_trade_win_rate  | 62.5         |
|    ny_open_trade_rate    | 0.0261       |
|    pnl_continuation_days | 0.516        |
|    pnl_sweep_low_days    | 0.975        |
|    profit_factor         | 2.17         |
|    trades_per_episode    | 0.2          |
|    win_rate              | 39.1         |
|    win_rate_continuation | 3.61         |
|    win_rate_sweep_days   | 25           |
-------------------------------------------
----------------------------------
| session/            |          |
|    london_range_pts | 19.6     |
| time/               |          |
|    fps              | 3        |
|    iterations       | 88       |
|    time_elapsed     | 45420    |
|    total_timesteps  | 180224   |
----------------------------------
------------------------------------------
| session/                |              |
|    london_range_pts     | 31.2         |
| time/                   |              |
|    fps                  | 3            |
|    iterations           | 89           |
|    time_elapsed         | 45927        |
|    total_timesteps      | 182272       |
| train/                  |              |
|    approx_kl            | 0.0065992274 |
|    clip_fraction        | 0.0328       |
|    clip_range           | 0.2          |
|    entropy_loss         | -0.0648      |
|    explained_variance   | 0.754        |
|    learning_rate        | 0.0003       |
|    loss                 | 0.0138       |
|    n_updates            | 880          |
|    policy_gradient_loss | -0.0101      |
|    value_loss           | 0.0977       |
------------------------------------------
------------------------------------------
| session/                |              |
|    london_range_pts     | 29.5         |
| time/                   |              |
|    fps                  | 3            |
|    iterations           | 90           |
|    time_elapsed         | 46281        |
|    total_timesteps      | 184320       |
| train/                  |              |
|    approx_kl            | 0.0056170104 |
|    clip_fraction        | 0.027        |
|    clip_range           | 0.2          |
|    entropy_loss         | -0.0406      |
|    explained_variance   | 0.746        |
|    learning_rate        | 0.0003       |
|    loss                 | -0.00519     |
|    n_updates            | 890          |
|    policy_gradient_loss | -0.00676     |
|    value_loss           | 0.0797       |
------------------------------------------
Eval num_timesteps=185000, episode_reward=-4.75 +/- 0.50
Episode length: 35.00 +/- 0.00
------------------------------------------
| eval/                    |             |
|    mean_ep_length        | 35          |
|    mean_reward           | -4.75       |
| policy/                  |             |
|    ent_coef              | 0.013       |
|    hold_rate_500         | 0.973       |
| session/                 |             |
|    london_range_pts      | 50.9        |
| time/                    |             |
|    total_timesteps       | 185000      |
| trade/                   |             |
|    episode_pnl           | 1.03        |
|    first_trade_pnl       | 7.66        |
|    first_trade_win_rate  | 0.8         |
|    ny_open_trade_rate    | 0           |
|    pnl_continuation_days | 1.67        |
|    pnl_sweep_high_days   | 0           |
|    pnl_sweep_low_days    | -0.459      |
|    trades_per_episode    | 0.16        |
|    win_rate              | 0.8         |
|    win_rate_continuation | 0.118       |
|    win_rate_sweep_days   | 0           |
| train/                   |             |
|    approx_kl             | 0.006636638 |
|    clip_fraction         | 0.0164      |
|    clip_range            | 0.2         |
|    entropy_loss          | -0.0299     |
|    explained_variance    | 0.683       |
|    learning_rate         | 0.0003      |
|    loss                  | 0.00664     |
|    n_updates             | 900         |
|    policy_gradient_loss  | -0.00402    |
|    value_loss            | 0.0749      |
------------------------------------------
----------------------------------
| session/            |          |
|    london_range_pts | 19.6     |
| time/               |          |
|    fps              | 3        |
|    iterations       | 91       |
|    time_elapsed     | 46623    |
|    total_timesteps  | 186368   |
----------------------------------
------------------------------------------
| session/                |              |
|    london_range_pts     | 15.8         |
| time/                   |              |
|    fps                  | 4            |
|    iterations           | 92           |
|    time_elapsed         | 46991        |
|    total_timesteps      | 188416       |
| train/                  |              |
|    approx_kl            | 0.0028723995 |
|    clip_fraction        | 0.0189       |
|    clip_range           | 0.2          |
|    entropy_loss         | -0.0437      |
|    explained_variance   | 0.776        |
|    learning_rate        | 0.0003       |
|    loss                 | 0.0113       |
|    n_updates            | 910          |
|    policy_gradient_loss | -0.00491     |
|    value_loss           | 0.0681       |
------------------------------------------
Eval num_timesteps=190000, episode_reward=-3.43 +/- 0.97
Episode length: 35.00 +/- 0.00
------------------------------------------
| eval/                    |             |
|    mean_ep_length        | 35          |
|    mean_reward           | -3.43       |
| policy/                  |             |
|    ent_coef              | 0.012       |
|    hold_rate_500         | 0.967       |
| session/                 |             |
|    london_range_pts      | 16.4        |
| time/                    |             |
|    total_timesteps       | 190000      |
| trade/                   |             |
|    episode_pnl           | 0.928       |
|    first_trade_pnl       | 0.491       |
|    first_trade_win_rate  | 0.444       |
|    ny_open_trade_rate    | 0.02        |
|    pnl_continuation_days | 0.632       |
|    pnl_sweep_high_days   | 0.428       |
|    pnl_sweep_low_days    | 2.41        |
|    trades_per_episode    | 0.34        |
|    win_rate              | 0.667       |
|    win_rate_continuation | 0.0571      |
|    win_rate_sweep_days   | 0.267       |
| train/                   |             |
|    approx_kl             | 0.004806053 |
|    clip_fraction         | 0.0286      |
|    clip_range            | 0.2         |
|    entropy_loss          | -0.0618     |
|    explained_variance    | 0.652       |
|    learning_rate         | 0.0003      |
|    loss                  | 0.0317      |
|    n_updates             | 920         |
|    policy_gradient_loss  | -0.00749    |
|    value_loss            | 0.111       |
| validation/              |             |
|    acceptance_passed     | 0           |
|    first_trade_win_rate  | 66.7        |
|    ny_open_trade_rate    | 0.0174      |
|    pnl_continuation_days | 0.507       |
|    pnl_sweep_low_days    | 0.643       |
|    profit_factor         | 2.11        |
|    trades_per_episode    | 0.191       |
|    win_rate              | 36.4        |
|    win_rate_continuation | 3.61        |
|    win_rate_sweep_days   | 25          |
------------------------------------------
----------------------------------
| session/            |          |
|    london_range_pts | 41.2     |
| time/               |          |
|    fps              | 3        |
|    iterations       | 93       |
|    time_elapsed     | 47705    |
|    total_timesteps  | 190464   |
----------------------------------
-----------------------------------------
| session/                |             |
|    london_range_pts     | 20.8        |
| time/                   |             |
|    fps                  | 3           |
|    iterations           | 94          |
|    time_elapsed         | 48134       |
|    total_timesteps      | 192512      |
| train/                  |             |
|    approx_kl            | 0.004607536 |
|    clip_fraction        | 0.0238      |
|    clip_range           | 0.2         |
|    entropy_loss         | -0.0482     |
|    explained_variance   | 0.698       |
|    learning_rate        | 0.0003      |
|    loss                 | 0.00208     |
|    n_updates            | 930         |
|    policy_gradient_loss | -0.011      |
|    value_loss           | 0.0809      |
-----------------------------------------
------------------------------------------
| session/                |              |
|    london_range_pts     | 18.9         |
| time/                   |              |
|    fps                  | 4            |
|    iterations           | 95           |
|    time_elapsed         | 48581        |
|    total_timesteps      | 194560       |
| train/                  |              |
|    approx_kl            | 0.0022455514 |
|    clip_fraction        | 0.0132       |
|    clip_range           | 0.2          |
|    entropy_loss         | -0.0228      |
|    explained_variance   | 0.736        |
|    learning_rate        | 0.0003       |
|    loss                 | 0.00587      |
|    n_updates            | 940          |
|    policy_gradient_loss | -0.00537     |
|    value_loss           | 0.0631       |
------------------------------------------
Eval num_timesteps=195000, episode_reward=-4.06 +/- 0.63
Episode length: 35.00 +/- 0.00
-------------------------------------------
| eval/                    |              |
|    mean_ep_length        | 35           |
|    mean_reward           | -4.06        |
| policy/                  |              |
|    ent_coef              | 0.011        |
|    hold_rate_500         | 0.98         |
| session/                 |              |
|    london_range_pts      | 28.7         |
| time/                    |              |
|    total_timesteps       | 195000       |
| trade/                   |              |
|    episode_pnl           | 2.27         |
|    first_trade_pnl       | 4.28         |
|    first_trade_win_rate  | 0.727        |
|    ny_open_trade_rate    | 0.02         |
|    pnl_continuation_days | 2.21         |
|    pnl_sweep_high_days   | 2.31         |
|    pnl_sweep_low_days    | 2.87         |
|    trades_per_episode    | 0.36         |
|    win_rate              | 0.909        |
|    win_rate_continuation | 0.162        |
|    win_rate_sweep_days   | 0.308        |
| train/                   |              |
|    approx_kl             | 0.0068194903 |
|    clip_fraction         | 0.0186       |
|    clip_range            | 0.2          |
|    entropy_loss          | -0.0315      |
|    explained_variance    | 0.745        |
|    learning_rate         | 0.0003       |
|    loss                  | 0.00913      |
|    n_updates             | 950          |
|    policy_gradient_loss  | -0.00562     |
|    value_loss            | 0.0854       |
-------------------------------------------
----------------------------------
| session/            |          |
|    london_range_pts | 22.4     |
| time/               |          |
|    fps              | 4        |
|    iterations       | 96       |
|    time_elapsed     | 49081    |
|    total_timesteps  | 196608   |
----------------------------------
-----------------------------------------
| session/                |             |
|    london_range_pts     | 25.9        |
| time/                   |             |
|    fps                  | 4           |
|    iterations           | 97          |
|    time_elapsed         | 49574       |
|    total_timesteps      | 198656      |
| train/                  |             |
|    approx_kl            | 0.003631344 |
|    clip_fraction        | 0.0185      |
|    clip_range           | 0.2         |
|    entropy_loss         | -0.0259     |
|    explained_variance   | 0.715       |
|    learning_rate        | 0.0003      |
|    loss                 | 0.0112      |
|    n_updates            | 960         |
|    policy_gradient_loss | -0.00629    |
|    value_loss           | 0.0798      |
-----------------------------------------
Eval num_timesteps=200000, episode_reward=-4.33 +/- 0.65
Episode length: 35.00 +/- 0.00
-------------------------------------------
| eval/                    |              |
|    mean_ep_length        | 35           |
|    mean_reward           | -4.33        |
| policy/                  |              |
|    ent_coef              | 0.01         |
|    hold_rate_500         | 0.968        |
| session/                 |              |
|    london_range_pts      | 37.7         |
| time/                    |              |
|    total_timesteps       | 200000       |
| trade/                   |              |
|    episode_pnl           | 0.174        |
|    first_trade_pnl       | 0.165        |
|    first_trade_win_rate  | 0.5          |
|    ny_open_trade_rate    | 0.02         |
|    pnl_continuation_days | 0            |
|    pnl_sweep_high_days   | 0.503        |
|    pnl_sweep_low_days    | 0.444        |
|    trades_per_episode    | 0.1          |
|    win_rate              | 0.5          |
|    win_rate_continuation | 0            |
|    win_rate_sweep_days   | 0.111        |
| train/                   |              |
|    approx_kl             | 0.0028765672 |
|    clip_fraction         | 0.0187       |
|    clip_range            | 0.2          |
|    entropy_loss          | -0.0275      |
|    explained_variance    | 0.743        |
|    learning_rate         | 0.0003       |
|    loss                  | 0.00821      |
|    n_updates             | 970          |
|    policy_gradient_loss  | -0.00682     |
|    value_loss            | 0.0846       |
| validation/              |              |
|    acceptance_passed     | 0            |
|    first_trade_win_rate  | 68.8         |
|    ny_open_trade_rate    | 0.0261       |
|    pnl_continuation_days | 0.578        |
|    pnl_sweep_low_days    | 0.643        |
|    profit_factor         | 2.11         |
|    trades_per_episode    | 0.209        |
|    win_rate              | 37.5         |
|    win_rate_continuation | 4.82         |
|    win_rate_sweep_days   | 28.1         |
-------------------------------------------
----------------------------------
| session/            |          |
|    london_range_pts | 24.3     |
| time/               |          |
|    fps              | 3        |
|    iterations       | 98       |
|    time_elapsed     | 50333    |
|    total_timesteps  | 200704   |
----------------------------------
-----------------------------------------
| session/                |             |
|    london_range_pts     | 21.8        |
| time/                   |             |
|    fps                  | 4           |
|    iterations           | 99          |
|    time_elapsed         | 50679       |
|    total_timesteps      | 202752      |
| train/                  |             |
|    approx_kl            | 0.009488734 |
|    clip_fraction        | 0.0414      |
|    clip_range           | 0.2         |
|    entropy_loss         | -0.0648     |
|    explained_variance   | 0.714       |
|    learning_rate        | 0.0003      |
|    loss                 | -0.0124     |
|    n_updates            | 980         |
|    policy_gradient_loss | -0.0131     |
|    value_loss           | 0.0856      |
-----------------------------------------
------------------------------------------
| session/                |              |
|    london_range_pts     | 28.9         |
| time/                   |              |
|    fps                  | 4            |
|    iterations           | 100          |
|    time_elapsed         | 51053        |
|    total_timesteps      | 204800       |
| train/                  |              |
|    approx_kl            | 0.0066055986 |
|    clip_fraction        | 0.0311       |
|    clip_range           | 0.2          |
|    entropy_loss         | -0.0551      |
|    explained_variance   | 0.729        |
|    learning_rate        | 0.0003       |
|    loss                 | -0.00583     |
|    n_updates            | 990          |
|    policy_gradient_loss | -0.00962     |
|    value_loss           | 0.0821       |
------------------------------------------
Eval num_timesteps=205000, episode_reward=-3.72 +/- 0.97
Episode length: 35.00 +/- 0.00
-------------------------------------------
| eval/                    |              |
|    mean_ep_length        | 35           |
|    mean_reward           | -3.72        |
| policy/                  |              |
|    ent_coef              | 0.01         |
|    hold_rate_500         | 0.964        |
| session/                 |              |
|    london_range_pts      | 23.9         |
| time/                    |              |
|    total_timesteps       | 205000       |
| trade/                   |              |
|    episode_pnl           | 1.14         |
|    first_trade_pnl       | 3.36         |
|    first_trade_win_rate  | 0.875        |
|    ny_open_trade_rate    | 0.02         |
|    pnl_continuation_days | 0.657        |
|    pnl_sweep_high_days   | 1.36         |
|    pnl_sweep_low_days    | 3.02         |
|    trades_per_episode    | 0.3          |
|    win_rate              | 1            |
|    win_rate_continuation | 0.0938       |
|    win_rate_sweep_days   | 0.278        |
| train/                   |              |
|    approx_kl             | 0.0056211827 |
|    clip_fraction         | 0.0352       |
|    clip_range            | 0.2          |
|    entropy_loss          | -0.056       |
|    explained_variance    | 0.758        |
|    learning_rate         | 0.0003       |
|    loss                  | 0.00471      |
|    n_updates             | 1000         |
|    policy_gradient_loss  | -0.0132      |
|    value_loss            | 0.0852       |
-------------------------------------------
----------------------------------
| session/            |          |
|    london_range_pts | 31.5     |
| time/               |          |
|    fps              | 4        |
|    iterations       | 101      |
|    time_elapsed     | 51453    |
|    total_timesteps  | 206848   |
----------------------------------
------------------------------------------
| session/                |              |
|    london_range_pts     | 42.1         |
| time/                   |              |
|    fps                  | 4            |
|    iterations           | 102          |
|    time_elapsed         | 51880        |
|    total_timesteps      | 208896       |
| train/                  |              |
|    approx_kl            | 0.0030506449 |
|    clip_fraction        | 0.0223       |
|    clip_range           | 0.2          |
|    entropy_loss         | -0.037       |
|    explained_variance   | 0.75         |
|    learning_rate        | 0.0003       |
|    loss                 | 0.00595      |
|    n_updates            | 1010         |
|    policy_gradient_loss | -0.00816     |
|    value_loss           | 0.0797       |
------------------------------------------
Eval num_timesteps=210000, episode_reward=-3.94 +/- 0.27
Episode length: 35.00 +/- 0.00
-------------------------------------------
| eval/                    |              |
|    mean_ep_length        | 35           |
|    mean_reward           | -3.94        |
| policy/                  |              |
|    ent_coef              | 0.01         |
|    hold_rate_500         | 0.971        |
| session/                 |              |
|    london_range_pts      | 16.3         |
| time/                    |              |
|    total_timesteps       | 210000       |
| trade/                   |              |
|    episode_pnl           | 1.57         |
|    first_trade_pnl       | 5.87         |
|    first_trade_win_rate  | 0.778        |
|    ny_open_trade_rate    | 0            |
|    pnl_continuation_days | 2.6          |
|    pnl_sweep_high_days   | 0.652        |
|    pnl_sweep_low_days    | 0            |
|    trades_per_episode    | 0.28         |
|    win_rate              | 0.778        |
|    win_rate_continuation | 0.222        |
|    win_rate_sweep_days   | 0.0435       |
| train/                   |              |
|    approx_kl             | 0.0039806096 |
|    clip_fraction         | 0.0216       |
|    clip_range            | 0.2          |
|    entropy_loss          | -0.0388      |
|    explained_variance    | 0.703        |
|    learning_rate         | 0.0003       |
|    loss                  | 0.018        |
|    n_updates             | 1020         |
|    policy_gradient_loss  | -0.00699     |
|    value_loss            | 0.106        |
| validation/              |              |
|    acceptance_passed     | 0            |
|    first_trade_win_rate  | 68.8         |
|    ny_open_trade_rate    | 0.0261       |
|    pnl_continuation_days | 0.578        |
|    pnl_sweep_low_days    | 0.643        |
|    profit_factor         | 1.93         |
|    trades_per_episode    | 0.209        |
|    win_rate              | 33.3         |
|    win_rate_continuation | 4.82         |
|    win_rate_sweep_days   | 28.1         |
-------------------------------------------
----------------------------------
| session/            |          |
|    london_range_pts | 55.2     |
| time/               |          |
|    fps              | 4        |
|    iterations       | 103      |
|    time_elapsed     | 52595    |
|    total_timesteps  | 210944   |
----------------------------------
------------------------------------------
| session/                |              |
|    london_range_pts     | 19.4         |
| time/                   |              |
|    fps                  | 4            |
|    iterations           | 104          |
|    time_elapsed         | 53041        |
|    total_timesteps      | 212992       |
| train/                  |              |
|    approx_kl            | 0.0038513397 |
|    clip_fraction        | 0.0203       |
|    clip_range           | 0.2          |
|    entropy_loss         | -0.033       |
|    explained_variance   | 0.725        |
|    learning_rate        | 0.0003       |
|    loss                 | -0.000369    |
|    n_updates            | 1030         |
|    policy_gradient_loss | -0.00873     |
|    value_loss           | 0.113        |
------------------------------------------
Eval num_timesteps=215000, episode_reward=-3.71 +/- 0.86
Episode length: 35.00 +/- 0.00
-------------------------------------------
| eval/                    |              |
|    mean_ep_length        | 35           |
|    mean_reward           | -3.71        |
| policy/                  |              |
|    ent_coef              | 0.01         |
|    hold_rate_500         | 0.956        |
| session/                 |              |
|    london_range_pts      | 24.6         |
| time/                    |              |
|    total_timesteps       | 215000       |
| trade/                   |              |
|    episode_pnl           | 1.6          |
|    first_trade_pnl       | 1.86         |
|    first_trade_win_rate  | 0.636        |
|    ny_open_trade_rate    | 0            |
|    pnl_continuation_days | 2.29         |
|    pnl_sweep_high_days   | 0.41         |
|    pnl_sweep_low_days    | 0.501        |
|    trades_per_episode    | 0.42         |
|    win_rate              | 0.727        |
|    win_rate_continuation | 0.161        |
|    win_rate_sweep_days   | 0.158        |
| train/                   |              |
|    approx_kl             | 0.0045969505 |
|    clip_fraction         | 0.0323       |
|    clip_range            | 0.2          |
|    entropy_loss          | -0.0545      |
|    explained_variance    | 0.66         |
|    learning_rate         | 0.0003       |
|    loss                  | 0.00458      |
|    n_updates             | 1040         |
|    policy_gradient_loss  | -0.0113      |
|    value_loss            | 0.115        |
-------------------------------------------
----------------------------------
| session/            |          |
|    london_range_pts | 14.8     |
| time/               |          |
|    fps              | 4        |
|    iterations       | 105      |
|    time_elapsed     | 53528    |
|    total_timesteps  | 215040   |
----------------------------------
----------------------------------------
| session/                |            |
|    london_range_pts     | 25.6       |
| time/                   |            |
|    fps                  | 4          |
|    iterations           | 106        |
|    time_elapsed         | 54012      |
|    total_timesteps      | 217088     |
| train/                  |            |
|    approx_kl            | 0.00865965 |
|    clip_fraction        | 0.048      |
|    clip_range           | 0.2        |
|    entropy_loss         | -0.085     |
|    explained_variance   | 0.673      |
|    learning_rate        | 0.0003     |
|    loss                 | -0.0248    |
|    n_updates            | 1050       |
|    policy_gradient_loss | -0.0105    |
|    value_loss           | 0.112      |
----------------------------------------
-----------------------------------------
| session/                |             |
|    london_range_pts     | 36.6        |
| time/                   |             |
|    fps                  | 4           |
|    iterations           | 107         |
|    time_elapsed         | 54459       |
|    total_timesteps      | 219136      |
| train/                  |             |
|    approx_kl            | 0.006811475 |
|    clip_fraction        | 0.0351      |
|    clip_range           | 0.2         |
|    entropy_loss         | -0.0622     |
|    explained_variance   | 0.684       |
|    learning_rate        | 0.0003      |
|    loss                 | -0.00321    |
|    n_updates            | 1060        |
|    policy_gradient_loss | -0.016      |
|    value_loss           | 0.105       |
-----------------------------------------
Eval num_timesteps=220000, episode_reward=-3.27 +/- 1.65
Episode length: 35.00 +/- 0.00
-------------------------------------------
| eval/                    |              |
|    mean_ep_length        | 35           |
|    mean_reward           | -3.27        |
| policy/                  |              |
|    ent_coef              | 0.01         |
|    hold_rate_500         | 0.958        |
| session/                 |              |
|    london_range_pts      | 22.6         |
| time/                    |              |
|    total_timesteps       | 220000       |
| trade/                   |              |
|    episode_pnl           | 3.07         |
|    first_trade_pnl       | 8.86         |
|    first_trade_win_rate  | 1            |
|    ny_open_trade_rate    | 0.02         |
|    pnl_continuation_days | 2.95         |
|    pnl_sweep_high_days   | 5.24         |
|    pnl_sweep_low_days    | 0            |
|    trades_per_episode    | 0.28         |
|    win_rate              | 1            |
|    win_rate_continuation | 0.139        |
|    win_rate_sweep_days   | 0.143        |
| train/                   |              |
|    approx_kl             | 0.0054760342 |
|    clip_fraction         | 0.0322       |
|    clip_range            | 0.2          |
|    entropy_loss          | -0.0634      |
|    explained_variance    | 0.684        |
|    learning_rate         | 0.0003       |
|    loss                  | -0.0112      |
|    n_updates             | 1070         |
|    policy_gradient_loss  | -0.0111      |
|    value_loss            | 0.107        |
| validation/              |              |
|    acceptance_passed     | 0            |
|    first_trade_win_rate  | 64.7         |
|    ny_open_trade_rate    | 0.0261       |
|    pnl_continuation_days | 0.578        |
|    pnl_sweep_low_days    | 0.643        |
|    profit_factor         | 1.72         |
|    trades_per_episode    | 0.226        |
|    win_rate              | 34.6         |
|    win_rate_continuation | 4.82         |
|    win_rate_sweep_days   | 28.1         |
-------------------------------------------
----------------------------------
| session/            |          |
|    london_range_pts | 17.9     |
| time/               |          |
|    fps              | 4        |
|    iterations       | 108      |
|    time_elapsed     | 55099    |
|    total_timesteps  | 221184   |
----------------------------------
-----------------------------------------
| session/                |             |
|    london_range_pts     | 28.8        |
| time/                   |             |
|    fps                  | 4           |
|    iterations           | 109         |
|    time_elapsed         | 55459       |
|    total_timesteps      | 223232      |
| train/                  |             |
|    approx_kl            | 0.001879155 |
|    clip_fraction        | 0.015       |
|    clip_range           | 0.2         |
|    entropy_loss         | -0.029      |
|    explained_variance   | 0.688       |
|    learning_rate        | 0.0003      |
|    loss                 | 0.00025     |
|    n_updates            | 1080        |
|    policy_gradient_loss | -0.0057     |
|    value_loss           | 0.0953      |
-----------------------------------------
Eval num_timesteps=225000, episode_reward=-3.85 +/- 0.92
Episode length: 35.00 +/- 0.00
------------------------------------------
| eval/                    |             |
|    mean_ep_length        | 35          |
|    mean_reward           | -3.85       |
| policy/                  |             |
|    ent_coef              | 0.01        |
|    hold_rate_500         | 0.965       |
| session/                 |             |
|    london_range_pts      | 21.4        |
| time/                    |             |
|    total_timesteps       | 225000      |
| trade/                   |             |
|    episode_pnl           | 0.432       |
|    first_trade_pnl       | 3.91        |
|    first_trade_win_rate  | 0.833       |
|    ny_open_trade_rate    | 0           |
|    pnl_continuation_days | 1           |
|    pnl_sweep_high_days   | -0.516      |
|    pnl_sweep_low_days    | -0.983      |
|    trades_per_episode    | 0.2         |
|    win_rate              | 0.667       |
|    nwin_rate_cotinuation | 0.0968      |
|    win_rate_sweep_days   | 0.0526      |
| train/                   |             |
|    approx_kl             | 0.006620151 |
|    clip_fraction         | 0.0354      |
|    clip_range            | 0.2         |
|    entropy_loss          | -0.0532     |
|    explained_variance    | 0.702       |
|    learning_rate         | 0.0003      |
|    loss                  | 0.0125      |
|    n_updates             | 1090        |
|    policy_gradient_loss  | -0.0129     |
|    value_loss            | 0.0882      |
------------------------------------------
----------------------------------
| session/            |          |
|    london_range_pts | 27.8     |
| time/               |          |
|    fps              | 4        |
|    iterations       | 110      |
|    time_elapsed     | 55856    |
|    total_timesteps  | 225280   |
----------------------------------
