
============================================================
XAUUSD v3 Two-Lens SMC Trading Engine
Mode: train-lens2
Project root: C:\RAHUL BOGI\RL_Session Trainings\xauusd_v3
============================================================

Logging to C:\RAHUL BOGI\RL_Session Trainings\xauusd_v3\output\tensorboard\lens2\MaskablePPO_2
----------------------------------
| session/            |          |
|    london_range_pts | 19.7     |
| time/               |          |
|    fps              | 43       |
|    iterations       | 1        |
|    time_elapsed     | 47       |
|    total_timesteps  | 1077048  |
----------------------------------
-----------------------------------------
| session/                |             |
|    london_range_pts     | 20.8        |
| time/                   |             |
|    fps                  | 37          |
|    iterations           | 2           |
|    time_elapsed         | 109         |
|    total_timesteps      | 1079096     |
| train/                  |             |
|    approx_kl            | 0.020979006 |
|    clip_fraction        | 0.0798      |
|    clip_range           | 0.2         |
|    entropy_loss         | -0.106      |
|    explained_variance   | 0.763       |
|    learning_rate        | 0.0003      |
|    loss                 | -0.0188     |
|    n_updates            | 5220        |
|    policy_gradient_loss | -0.0223     |
|    value_loss           | 0.12        |
-----------------------------------------
------------------------------------------------------
| policy/                              |             |
|    ent_coef                          | 0.01        |
|    hold_rate_500                     | 0.948       |
| session/                             |             |
|    london_range_pts                  | 25.4        |
| time/                                |             |
|    fps                               | 36          |
|    iterations                        | 3           |
|    time_elapsed                      | 166         |
|    total_timesteps                   | 1081144     |
| trade/                               |             |
|    avg_first_trade_duration_min      | 159         |
|    avg_first_trade_entry_delay_an... | 276         |
|    episode_pnl                       | 0.944       |
|    first_trade_is_ny_open_rate       | 0.143       |
|    first_trade_matches_intent_rate   | 0.429       |
|    first_trade_pnl                   | 4.27        |
|    first_trade_win_rate              | 0.571       |
|    ny_open_trade_rate                | 0.02        |
|    pnl_continuation_days             | 1.01        |
|    pnl_sweep_high_days               | 1.16        |
|    pnl_sweep_low_days                | 0.446       |
|    trades_per_episode                | 0.22        |
|    win_rate                          | 0.857       |
|    win_rate_continuation             | 0.103       |
|    win_rate_sweep_days               | 0.143       |
| train/                               |             |
|    approx_kl                         | 0.008969088 |
|    clip_fraction                     | 0.0433      |
|    clip_range                        | 0.2         |
|    entropy_loss                      | -0.0682     |
|    explained_variance                | 0.802       |
|    learning_rate                     | 0.0003      |
|    loss                              | 0.0447      |
|    n_updates                         | 5230        |
|    policy_gradient_loss              | -0.0132     |
|    value_loss                        | 0.148       |
------------------------------------------------------
----------------------------------------
| session/                |            |
|    london_range_pts     | 40.2       |
| time/                   |            |
|    fps                  | 36         |
|    iterations           | 4          |
|    time_elapsed         | 222        |
|    total_timesteps      | 1083192    |
| train/                  |            |
|    approx_kl            | 0.01072275 |
|    clip_fraction        | 0.049      |
|    clip_range           | 0.2        |
|    entropy_loss         | -0.0682    |
|    explained_variance   | 0.771      |
|    learning_rate        | 0.0003     |
|    loss                 | 0.0273     |
|    n_updates            | 5240       |
|    policy_gradient_loss | -0.0145    |
|    value_loss           | 0.139      |
----------------------------------------
------------------------------------------------------
| policy/                              |             |
|    ent_coef                          | 0.01        |
|    hold_rate_500                     | 0.95        |
| session/                             |             |
|    london_range_pts                  | 23          |
| time/                                |             |
|    fps                               | 36          |
|    iterations                        | 5           |
|    time_elapsed                      | 277         |
|    total_timesteps                   | 1085240     |
| trade/                               |             |
|    avg_first_trade_duration_min      | 227         |
|    avg_first_trade_entry_delay_an... | 195         |
|    episode_pnl                       | 0.595       |
|    first_trade_is_ny_open_rate       | 0.286       |
|    first_trade_matches_intent_rate   | 0.429       |
|    first_trade_pnl                   | 4.87        |
|    first_trade_win_rate              | 0.857       |
|    ny_open_trade_rate                | 0.04        |
|    pnl_continuation_days             | 0.62        |
|    pnl_sweep_high_days               | 0.789       |
|    pnl_sweep_low_days                | -0.0278     |
|    trades_per_episode                | 0.16        |
|    win_rate                          | 0.714       |
|    win_rate_continuation             | 0.105       |
|    win_rate_sweep_days               | 0.0833      |
| train/                               |             |
|    approx_kl                         | 0.008932015 |
|    clip_fraction                     | 0.0431      |
|    clip_range                        | 0.2         |
|    entropy_loss                      | -0.0687     |
|    explained_variance                | 0.67        |
|    learning_rate                     | 0.0003      |
|    loss                              | 0.0197      |
|    n_updates                         | 5250        |
|    policy_gradient_loss              | -0.0144     |
|    value_loss                        | 0.148       |
------------------------------------------------------
------------------------------------------
| session/                |              |
|    london_range_pts     | 34.4         |
| time/                   |              |
|    fps                  | 36           |
|    iterations           | 6            |
|    time_elapsed         | 333          |
|    total_timesteps      | 1087288      |
| train/                  |              |
|    approx_kl            | 0.0075698006 |
|    clip_fraction        | 0.029        |
|    clip_range           | 0.2          |
|    entropy_loss         | -0.0407      |
|    explained_variance   | 0.694        |
|    learning_rate        | 0.0003       |
|    loss                 | 0.0238       |
|    n_updates            | 5260         |
|    policy_gradient_loss | -0.00938     |
|    value_loss           | 0.0967       |
------------------------------------------
-----------------------------------------
| session/                |             |
|    london_range_pts     | 52.7        |
| time/                   |             |
|    fps                  | 36          |
|    iterations           | 7           |
|    time_elapsed         | 390         |
|    total_timesteps      | 1089336     |
| train/                  |             |
|    approx_kl            | 0.008812964 |
|    clip_fraction        | 0.0266      |
|    clip_range           | 0.2         |
|    entropy_loss         | -0.03       |
|    explained_variance   | 0.771       |
|    learning_rate        | 0.0003      |
|    loss                 | 0.00221     |
|    n_updates            | 5270        |
|    policy_gradient_loss | -0.0114     |
|    value_loss           | 0.106       |
-----------------------------------------
-------------------------------------------------------
| policy/                              |              |
|    ent_coef                          | 0.01         |
|    hold_rate_500                     | 0.979        |
| session/                             |              |
|    london_range_pts                  | 43           |
| time/                                |              |
|    fps                               | 36           |
|    iterations                        | 8            |
|    time_elapsed                      | 445          |
|    total_timesteps                   | 1091384      |
| trade/                               |              |
|    avg_first_trade_duration_min      | 179          |
|    avg_first_trade_entry_delay_an... | 230          |
|    episode_pnl                       | 1.14         |
|    first_trade_is_ny_open_rate       | 0.273        |
|    first_trade_matches_intent_rate   | 0.545        |
|    first_trade_pnl                   | 2.77         |
|    first_trade_win_rate              | 0.545        |
|    ny_open_trade_rate                | 0.06         |
|    pnl_continuation_days             | 1.46         |
|    pnl_sweep_high_days               | -2.49        |
|    pnl_sweep_low_days                | 0.9          |
|    trades_per_episode                | 0.36         |
|    win_rate                          | 0.545        |
|    win_rate_continuation             | 0.1          |
|    win_rate_sweep_days               | 0.2          |
| train/                               |              |
|    approx_kl                         | 0.0006407562 |
|    clip_fraction                     | 0.00454      |
|    clip_range                        | 0.2          |
|    entropy_loss                      | -0.00951     |
|    explained_variance                | 0.778        |
|    learning_rate                     | 0.0003       |
|    loss                              | 0.0237       |
|    n_updates                         | 5280         |
|    policy_gradient_loss              | -0.00243     |
|    value_loss                        | 0.11         |
-------------------------------------------------------
-----------------------------------------
| session/                |             |
|    london_range_pts     | 17.9        |
| time/                   |             |
|    fps                  | 37          |
|    iterations           | 9           |
|    time_elapsed         | 496         |
|    total_timesteps      | 1093432     |
| train/                  |             |
|    approx_kl            | 0.021842299 |
|    clip_fraction        | 0.053       |
|    clip_range           | 0.2         |
|    entropy_loss         | -0.0684     |
|    explained_variance   | 0.683       |
|    learning_rate        | 0.0003      |
|    loss                 | 0.0225      |
|    n_updates            | 5290        |
|    policy_gradient_loss | -0.0167     |
|    value_loss           | 0.138       |
-----------------------------------------
------------------------------------------------------
| policy/                              |             |
|    ent_coef                          | 0.01        |
|    hold_rate_500                     | 0.957       |
| session/                             |             |
|    london_range_pts                  | 18.2        |
| time/                                |             |
|    fps                               | 39          |
|    iterations                        | 10          |
|    time_elapsed                      | 521         |
|    total_timesteps                   | 1095480     |
| trade/                               |             |
|    avg_first_trade_duration_min      | 242         |
|    avg_first_trade_entry_delay_an... | 225         |
|    episode_pnl                       | 1.49        |
|    first_trade_is_ny_open_rate       | 0.3         |
|    first_trade_matches_intent_rate   | 0.6         |
|    first_trade_pnl                   | 5.4         |
|    first_trade_win_rate              | 0.7         |
|    ny_open_trade_rate                | 0.06        |
|    pnl_continuation_days             | 0.898       |
|    pnl_sweep_high_days               | 1.99        |
|    pnl_sweep_low_days                | 3.24        |
|    trades_per_episode                | 0.28        |
|    win_rate                          | 0.8         |
|    win_rate_continuation             | 0.0909      |
|    win_rate_sweep_days               | 0.294       |
| train/                               |             |
|    approx_kl                         | 0.015285915 |
|    clip_fraction                     | 0.0372      |
|    clip_range                        | 0.2         |
|    entropy_loss                      | -0.0444     |
|    explained_variance                | 0.718       |
|    learning_rate                     | 0.0003      |
|    loss                              | 0.0649      |
|    n_updates                         | 5300        |
|    policy_gradient_loss              | -0.0136     |
|    value_loss                        | 0.168       |
------------------------------------------------------
-----------------------------------------
| session/                |             |
|    london_range_pts     | 29.3        |
| time/                   |             |
|    fps                  | 41          |
|    iterations           | 11          |
|    time_elapsed         | 545         |
|    total_timesteps      | 1097528     |
| train/                  |             |
|    approx_kl            | 0.011317922 |
|    clip_fraction        | 0.043       |
|    clip_range           | 0.2         |
|    entropy_loss         | -0.0637     |
|    explained_variance   | 0.754       |
|    learning_rate        | 0.0003      |
|    loss                 | 0.0377      |
|    n_updates            | 5310        |
|    policy_gradient_loss | -0.0126     |
|    value_loss           | 0.185       |
-----------------------------------------
-----------------------------------------
| session/                |             |
|    london_range_pts     | 20.3        |
| time/                   |             |
|    fps                  | 43          |
|    iterations           | 12          |
|    time_elapsed         | 569         |
|    total_timesteps      | 1099576     |
| train/                  |             |
|    approx_kl            | 0.014508582 |
|    clip_fraction        | 0.0293      |
|    clip_range           | 0.2         |
|    entropy_loss         | -0.0398     |
|    explained_variance   | 0.716       |
|    learning_rate        | 0.0003      |
|    loss                 | 0.0145      |
|    n_updates            | 5320        |
|    policy_gradient_loss | -0.00782    |
|    value_loss           | 0.116       |
-----------------------------------------
Eval num_timesteps=1100000, episode_reward=-4.64 +/- 0.17
Episode length: 35.00 +/- 0.00
------------------------------------------------------
| eval/                                |             |
|    mean_ep_length                    | 35          |
|    mean_reward                       | -4.64       |
| policy/                              |             |
|    ent_coef                          | 0.01        |
|    hold_rate_500                     | 0.96        |
| session/                             |             |
|    london_range_pts                  | 28          |
| time/                                |             |
|    total_timesteps                   | 1100000     |
| trade/                               |             |
|    avg_first_trade_duration_min      | 110         |
|    avg_first_trade_entry_delay_an... | 338         |
|    episode_pnl                       | 1.48        |
|    first_trade_is_ny_open_rate       | 0           |
|    first_trade_matches_intent_rate   | 0.111       |
|    first_trade_pnl                   | 3.29        |
|    first_trade_win_rate              | 0.556       |
|    ny_open_trade_rate                | 0           |
|    pnl_continuation_days             | 2.07        |
|    pnl_sweep_high_days               | 0.294       |
|    pnl_sweep_low_days                | 1.5         |
|    trades_per_episode                | 0.3         |
|    win_rate                          | 0.556       |
|    win_rate_continuation             | 0.0714      |
|    win_rate_sweep_days               | 0.136       |
| train/                               |             |
|    approx_kl                         | 0.009856441 |
|    clip_fraction                     | 0.038       |
|    clip_range                        | 0.2         |
|    entropy_loss                      | -0.049      |
|    explained_variance                | 0.787       |
|    learning_rate                     | 0.0003      |
|    loss                              | 0.0113      |
|    n_updates                         | 5330        |
|    policy_gradient_loss              | -0.0125     |
|    value_loss                        | 0.142       |
| validation/                          |             |
|    acceptance_passed                 | 0           |
|    avg_first_trade_duration_min      | 180         |
|    avg_first_trade_entry_delay_an... | 227         |
|    first_trade_is_ny_open_rate       | 0.294       |
|    first_trade_matches_intent_rate   | 0.529       |
|    first_trade_win_rate              | 64.7        |
|    ny_open_first_trade_win_rate      | 20          |
|    ny_open_trade_rate                | 0.0435      |
|    pnl_continuation_days             | 0.578       |
|    pnl_sweep_low_days                | 0.643       |
|    profit_factor                     | 1.69        |
|    trades_per_episode                | 0.217       |
|    win_rate                          | 32          |
|    win_rate_continuation             | 4.82        |
|    win_rate_sweep_days               | 25          |
------------------------------------------------------
New best mean reward!
----------------------------------
| session/            |          |
|    london_range_pts | 19.4     |
| time/               |          |
|    fps              | 37       |
|    iterations       | 13       |
|    time_elapsed     | 713      |
|    total_timesteps  | 1101624  |
----------------------------------
-----------------------------------------
| session/                |             |
|    london_range_pts     | 29.8        |
| time/                   |             |
|    fps                  | 38          |
|    iterations           | 14          |
|    time_elapsed         | 750         |
|    total_timesteps      | 1103672     |
| train/                  |             |
|    approx_kl            | 0.012253942 |
|    clip_fraction        | 0.031       |
|    clip_range           | 0.2         |
|    entropy_loss         | -0.0354     |
|    explained_variance   | 0.582       |
|    learning_rate        | 0.0003      |
|    loss                 | 0.0186      |
|    n_updates            | 5340        |
|    policy_gradient_loss | -0.0103     |
|    value_loss           | 0.112       |
-----------------------------------------
------------------------------------------------------
| policy/                              |             |
|    ent_coef                          | 0.01        |
|    hold_rate_500                     | 0.968       |
| session/                             |             |
|    london_range_pts                  | 20          |
| time/                                |             |
|    fps                               | 39          |
|    iterations                        | 15          |
|    time_elapsed                      | 775         |
|    total_timesteps                   | 1105720     |
| trade/                               |             |
|    avg_first_trade_duration_min      | 310         |
|    avg_first_trade_entry_delay_an... | 125         |
|    episode_pnl                       | 0.196       |
|    first_trade_is_ny_open_rate       | 0.667       |
|    first_trade_matches_intent_rate   | 0.333       |
|    first_trade_pnl                   | 3.36        |
|    first_trade_win_rate              | 0.667       |
|    ny_open_trade_rate                | 0.04        |
|    pnl_continuation_days             | -0.174      |
|    pnl_sweep_high_days               | 0           |
|    pnl_sweep_low_days                | 2.25        |
|    trades_per_episode                | 0.1         |
|    win_rate                          | 0.667       |
|    win_rate_continuation             | 0           |
|    win_rate_sweep_days               | 0.125       |
| train/                               |             |
|    approx_kl                         | 0.015726209 |
|    clip_fraction                     | 0.0632      |
|    clip_range                        | 0.2         |
|    entropy_loss                      | -0.0837     |
|    explained_variance                | 0.685       |
|    learning_rate                     | 0.0003      |
|    loss                              | 0.0444      |
|    n_updates                         | 5350        |
|    policy_gradient_loss              | -0.0225     |
|    value_loss                        | 0.129       |
------------------------------------------------------
-----------------------------------------
| session/                |             |
|    london_range_pts     | 27.2        |
| time/                   |             |
|    fps                  | 40          |
|    iterations           | 16          |
|    time_elapsed         | 800         |
|    total_timesteps      | 1107768     |
| train/                  |             |
|    approx_kl            | 0.010342515 |
|    clip_fraction        | 0.0338      |
|    clip_range           | 0.2         |
|    entropy_loss         | -0.0403     |
|    explained_variance   | 0.734       |
|    learning_rate        | 0.0003      |
|    loss                 | 0.00965     |
|    n_updates            | 5360        |
|    policy_gradient_loss | -0.0132     |
|    value_loss           | 0.0889      |
-----------------------------------------
-----------------------------------------
| session/                |             |
|    london_range_pts     | 19.5        |
| time/                   |             |
|    fps                  | 42          |
|    iterations           | 17          |
|    time_elapsed         | 824         |
|    total_timesteps      | 1109816     |
| train/                  |             |
|    approx_kl            | 0.010364777 |
|    clip_fraction        | 0.0409      |
|    clip_range           | 0.2         |
|    entropy_loss         | -0.0668     |
|    explained_variance   | 0.769       |
|    learning_rate        | 0.0003      |
|    loss                 | 0.0163      |
|    n_updates            | 5370        |
|    policy_gradient_loss | -0.0123     |
|    value_loss           | 0.144       |
-----------------------------------------
------------------------------------------------------
| policy/                              |             |
|    ent_coef                          | 0.01        |
|    hold_rate_500                     | 0.949       |
| session/                             |             |
|    london_range_pts                  | 42.4        |
| time/                                |             |
|    fps                               | 43          |
|    iterations                        | 18          |
|    time_elapsed                      | 847         |
|    total_timesteps                   | 1111864     |
| trade/                               |             |
|    avg_first_trade_duration_min      | 164         |
|    avg_first_trade_entry_delay_an... | 230         |
|    episode_pnl                       | 2.32        |
|    first_trade_is_ny_open_rate       | 0.2         |
|    first_trade_matches_intent_rate   | 0.467       |
|    first_trade_pnl                   | 4.49        |
|    first_trade_win_rate              | 0.733       |
|    ny_open_trade_rate                | 0.06        |
|    pnl_continuation_days             | 1.07        |
|    pnl_sweep_high_days               | 6.8         |
|    pnl_sweep_low_days                | 2.29        |
|    trades_per_episode                | 0.54        |
|    win_rate                          | 0.8         |
|    win_rate_continuation             | 0.156       |
|    win_rate_sweep_days               | 0.389       |
| train/                               |             |
|    approx_kl                         | 0.012458832 |
|    clip_fraction                     | 0.0485      |
|    clip_range                        | 0.2         |
|    entropy_loss                      | -0.0682     |
|    explained_variance                | 0.677       |
|    learning_rate                     | 0.0003      |
|    loss                              | 0.024       |
|    n_updates                         | 5380        |
|    policy_gradient_loss              | -0.0145     |
|    value_loss                        | 0.167       |
------------------------------------------------------
-----------------------------------------
| session/                |             |
|    london_range_pts     | 20.2        |
| time/                   |             |
|    fps                  | 44          |
|    iterations           | 19          |
|    time_elapsed         | 873         |
|    total_timesteps      | 1113912     |
| train/                  |             |
|    approx_kl            | 0.011381121 |
|    clip_fraction        | 0.0371      |
|    clip_range           | 0.2         |
|    entropy_loss         | -0.0459     |
|    explained_variance   | 0.801       |
|    learning_rate        | 0.0003      |
|    loss                 | 0.00263     |
|    n_updates            | 5390        |
|    policy_gradient_loss | -0.0136     |
|    value_loss           | 0.0984      |
-----------------------------------------
-------------------------------------------------------
| policy/                              |              |
|    ent_coef                          | 0.01         |
|    hold_rate_500                     | 0.957        |
| session/                             |              |
|    london_range_pts                  | 35.2         |
| time/                                |              |
|    fps                               | 45           |
|    iterations                        | 20           |
|    time_elapsed                      | 897          |
|    total_timesteps                   | 1115960      |
| trade/                               |              |
|    avg_first_trade_duration_min      | 225          |
|    avg_first_trade_entry_delay_an... | 192          |
|    episode_pnl                       | 1.8          |
|    first_trade_is_ny_open_rate       | 0.111        |
|    first_trade_matches_intent_rate   | 0.667        |
|    first_trade_pnl                   | 6.86         |
|    first_trade_win_rate              | 0.889        |
|    ny_open_trade_rate                | 0.02         |
|    pnl_continuation_days             | 1.09         |
|    pnl_sweep_high_days               | 4.77         |
|    pnl_sweep_low_days                | 0            |
|    trades_per_episode                | 0.28         |
|    win_rate                          | 0.889        |
|    win_rate_continuation             | 0.133        |
|    win_rate_sweep_days               | 0.2          |
| train/                               |              |
|    approx_kl                         | 0.0045353128 |
|    clip_fraction                     | 0.0243       |
|    clip_range                        | 0.2          |
|    entropy_loss                      | -0.0299      |
|    explained_variance                | 0.788        |
|    learning_rate                     | 0.0003       |
|    loss                              | 0.0338       |
|    n_updates                         | 5400         |
|    policy_gradient_loss              | -0.00916     |
|    value_loss                        | 0.107        |
-------------------------------------------------------
----------------------------------------
| session/                |            |
|    london_range_pts     | 36.4       |
| time/                   |            |
|    fps                  | 46         |
|    iterations           | 21         |
|    time_elapsed         | 921        |
|    total_timesteps      | 1118008    |
| train/                  |            |
|    approx_kl            | 0.00784801 |
|    clip_fraction        | 0.0295     |
|    clip_range           | 0.2        |
|    entropy_loss         | -0.0418    |
|    explained_variance   | 0.783      |
|    learning_rate        | 0.0003     |
|    loss                 | 0.0212     |
|    n_updates            | 5410       |
|    policy_gradient_loss | -0.00818   |
|    value_loss           | 0.135      |
----------------------------------------
------------------------------------------------------
| policy/                              |             |
|    ent_coef                          | 0.01        |
|    hold_rate_500                     | 0.947       |
| session/                             |             |
|    london_range_pts                  | 17.6        |
| time/                                |             |
|    fps                               | 47          |
|    iterations                        | 22          |
|    time_elapsed                      | 945         |
|    total_timesteps                   | 1120056     |
| trade/                               |             |
|    avg_first_trade_duration_min      | 176         |
|    avg_first_trade_entry_delay_an... | 206         |
|    episode_pnl                       | 1.18        |
|    first_trade_is_ny_open_rate       | 0.125       |
|    first_trade_matches_intent_rate   | 0.5         |
|    first_trade_pnl                   | 4.95        |
|    first_trade_win_rate              | 0.625       |
|    ny_open_trade_rate                | 0.02        |
|    pnl_continuation_days             | 1.51        |
|    pnl_sweep_high_days               | 0.48        |
|    pnl_sweep_low_days                | 0.309       |
|    trades_per_episode                | 0.38        |
|    win_rate                          | 0.75        |
|    win_rate_continuation             | 0.114       |
|    win_rate_sweep_days               | 0.133       |
| train/                               |             |
|    approx_kl                         | 0.009686638 |
|    clip_fraction                     | 0.0345      |
|    clip_range                        | 0.2         |
|    entropy_loss                      | -0.0412     |
|    explained_variance                | 0.784       |
|    learning_rate                     | 0.0003      |
|    loss                              | 0.0301      |
|    n_updates                         | 5420        |
|    policy_gradient_loss              | -0.0103     |
|    value_loss                        | 0.124       |
------------------------------------------------------
-----------------------------------------
| session/                |             |
|    london_range_pts     | 70.3        |
| time/                   |             |
|    fps                  | 48          |
|    iterations           | 23          |
|    time_elapsed         | 970         |
|    total_timesteps      | 1122104     |
| train/                  |             |
|    approx_kl            | 0.012451376 |
|    clip_fraction        | 0.0396      |
|    clip_range           | 0.2         |
|    entropy_loss         | -0.0528     |
|    explained_variance   | 0.682       |
|    learning_rate        | 0.0003      |
|    loss                 | -0.00963    |
|    n_updates            | 5430        |
|    policy_gradient_loss | -0.0144     |
|    value_loss           | 0.131       |
-----------------------------------------
-----------------------------------------
| session/                |             |
|    london_range_pts     | 29.1        |
| time/                   |             |
|    fps                  | 49          |
|    iterations           | 24          |
|    time_elapsed         | 995         |
|    total_timesteps      | 1124152     |
| train/                  |             |
|    approx_kl            | 0.019150224 |
|    clip_fraction        | 0.0658      |
|    clip_range           | 0.2         |
|    entropy_loss         | -0.0863     |
|    explained_variance   | 0.624       |
|    learning_rate        | 0.0003      |
|    loss                 | 0.00486     |
|    n_updates            | 5440        |
|    policy_gradient_loss | -0.0225     |
|    value_loss           | 0.151       |
-----------------------------------------
Eval num_timesteps=1125000, episode_reward=-4.09 +/- 1.24
Episode length: 35.00 +/- 0.00
-----------------------------------------------------
| eval/                                |            |
|    mean_ep_length                    | 35         |
|    mean_reward                       | -4.09      |
| policy/                              |            |
|    ent_coef                          | 0.01       |
|    hold_rate_500                     | 0.924      |
| session/                             |            |
|    london_range_pts                  | 21.8       |
| time/                                |            |
|    total_timesteps                   | 1125000    |
| trade/                               |            |
|    avg_first_trade_duration_min      | 183        |
|    avg_first_trade_entry_delay_an... | 244        |
|    episode_pnl                       | 1.77       |
|    first_trade_is_ny_open_rate       | 0.0909     |
|    first_trade_matches_intent_rate   | 0.545      |
|    first_trade_pnl                   | 5.9        |
|    first_trade_win_rate              | 0.818      |
|    ny_open_trade_rate                | 0.02       |
|    pnl_continuation_days             | 1.04       |
|    pnl_sweep_high_days               | 5.02       |
|    pnl_sweep_low_days                | 2.26       |
|    trades_per_episode                | 0.32       |
|    win_rate                          | 0.909      |
|    win_rate_continuation             | 0.111      |
|    win_rate_sweep_days               | 0.429      |
| train/                               |            |
|    approx_kl                         | 0.01247464 |
|    clip_fraction                     | 0.0682     |
|    clip_range                        | 0.2        |
|    entropy_loss                      | -0.096     |
|    explained_variance                | 0.663      |
|    learning_rate                     | 0.0003     |
|    loss                              | 0.001      |
|    n_updates                         | 5450       |
|    policy_gradient_loss              | -0.0224    |
|    value_loss                        | 0.166      |
| validation/                          |            |
|    acceptance_passed                 | 0          |
|    avg_first_trade_duration_min      | 176        |
|    avg_first_trade_entry_delay_an... | 217        |
|    first_trade_is_ny_open_rate       | 0.294      |
|    first_trade_matches_intent_rate   | 0.529      |
|    first_trade_win_rate              | 64.7       |
|    ny_open_first_trade_win_rate      | 20         |
|    ny_open_trade_rate                | 0.0435     |
|    pnl_continuation_days             | 0.571      |
|    pnl_sweep_low_days                | 0.643      |
|    profit_factor                     | 2.11       |
|    trades_per_episode                | 0.226      |
|    win_rate                          | 38.5       |
|    win_rate_continuation             | 4.82       |
|    win_rate_sweep_days               | 28.1       |
-----------------------------------------------------
New best mean reward!
----------------------------------
| session/            |          |
|    london_range_pts | 15.6     |
| time/               |          |
|    fps              | 48       |
|    iterations       | 25       |
|    time_elapsed     | 1055     |
|    total_timesteps  | 1126200  |
----------------------------------
-----------------------------------------
| session/                |             |
|    london_range_pts     | 16.8        |
| time/                   |             |
|    fps                  | 49          |
|    iterations           | 26          |
|    time_elapsed         | 1079        |
|    total_timesteps      | 1128248     |
| train/                  |             |
|    approx_kl            | 0.014013123 |
|    clip_fraction        | 0.0531      |
|    clip_range           | 0.2         |
|    entropy_loss         | -0.0732     |
|    explained_variance   | 0.69        |
|    learning_rate        | 0.0003      |
|    loss                 | 0.0227      |
|    n_updates            | 5460        |
|    policy_gradient_loss | -0.02       |
|    value_loss           | 0.211       |
-----------------------------------------
------------------------------------------------------
| policy/                              |             |
|    ent_coef                          | 0.01        |
|    hold_rate_500                     | 0.951       |
| session/                             |             |
|    london_range_pts                  | 26.5        |
| time/                                |             |
|    fps                               | 50          |
|    iterations                        | 27          |
|    time_elapsed                      | 1104        |
|    total_timesteps                   | 1130296     |
| trade/                               |             |
|    avg_first_trade_duration_min      | 125         |
|    avg_first_trade_entry_delay_an... | 248         |
|    episode_pnl                       | 1.79        |
|    first_trade_is_ny_open_rate       | 0.333       |
|    first_trade_matches_intent_rate   | 0.5         |
|    first_trade_pnl                   | 4.89        |
|    first_trade_win_rate              | 1           |
|    ny_open_trade_rate                | 0.04        |
|    pnl_continuation_days             | 2.33        |
|    pnl_sweep_high_days               | 1.21        |
|    pnl_sweep_low_days                | 0.401       |
|    trades_per_episode                | 0.24        |
|    win_rate                          | 1           |
|    win_rate_continuation             | 0.0909      |
|    win_rate_sweep_days               | 0.176       |
| train/                               |             |
|    approx_kl                         | 0.012791549 |
|    clip_fraction                     | 0.0466      |
|    clip_range                        | 0.2         |
|    entropy_loss                      | -0.0612     |
|    explained_variance                | 0.728       |
|    learning_rate                     | 0.0003      |
|    loss                              | 0.0309      |
|    n_updates                         | 5470        |
|    policy_gradient_loss              | -0.0165     |
|    value_loss                        | 0.13        |
------------------------------------------------------
-----------------------------------------
| session/                |             |
|    london_range_pts     | 30.7        |
| time/                   |             |
|    fps                  | 50          |
|    iterations           | 28          |
|    time_elapsed         | 1129        |
|    total_timesteps      | 1132344     |
| train/                  |             |
|    approx_kl            | 0.008250496 |
|    clip_fraction        | 0.0371      |
|    clip_range           | 0.2         |
|    entropy_loss         | -0.0501     |
|    explained_variance   | 0.796       |
|    learning_rate        | 0.0003      |
|    loss                 | 0.0124      |
|    n_updates            | 5480        |
|    policy_gradient_loss | -0.012      |
|    value_loss           | 0.115       |
-----------------------------------------
------------------------------------------
| session/                |              |
|    london_range_pts     | 19.6         |
| time/                   |              |
|    fps                  | 51           |
|    iterations           | 29           |
|    time_elapsed         | 1153         |
|    total_timesteps      | 1134392      |
| train/                  |              |
|    approx_kl            | 0.0064179776 |
|    clip_fraction        | 0.0369       |
|    clip_range           | 0.2          |
|    entropy_loss         | -0.0521      |
|    explained_variance   | 0.784        |
|    learning_rate        | 0.0003       |
|    loss                 | 0.0108       |
|    n_updates            | 5490         |
|    policy_gradient_loss | -0.0137      |
|    value_loss           | 0.118        |
------------------------------------------
------------------------------------------------------
| policy/                              |             |
|    ent_coef                          | 0.01        |
|    hold_rate_500                     | 0.947       |
| session/                             |             |
|    london_range_pts                  | 39.6        |
| time/                                |             |
|    fps                               | 52          |
|    iterations                        | 30          |
|    time_elapsed                      | 1178        |
|    total_timesteps                   | 1136440     |
| trade/                               |             |
|    avg_first_trade_duration_min      | 169         |
|    avg_first_trade_entry_delay_an... | 302         |
|    episode_pnl                       | 0.426       |
|    first_trade_is_ny_open_rate       | 0           |
|    first_trade_matches_intent_rate   | 0.25        |
|    first_trade_pnl                   | 2.67        |
|    first_trade_win_rate              | 0.5         |
|    ny_open_trade_rate                | 0           |
|    pnl_continuation_days             | 0.388       |
|    pnl_sweep_high_days               | 0.892       |
|    pnl_sweep_low_days                | -0.604      |
|    trades_per_episode                | 0.16        |
|    win_rate                          | 0.5         |
|    win_rate_continuation             | 0.0625      |
|    win_rate_sweep_days               | 0.111       |
| train/                               |             |
|    approx_kl                         | 0.013171579 |
|    clip_fraction                     | 0.051       |
|    clip_range                        | 0.2         |
|    entropy_loss                      | -0.0682     |
|    explained_variance                | 0.79        |
|    learning_rate                     | 0.0003      |
|    loss                              | -0.000295   |
|    n_updates                         | 5500        |
|    policy_gradient_loss              | -0.0197     |
|    value_loss                        | 0.0918      |
------------------------------------------------------
------------------------------------------
| session/                |              |
|    london_range_pts     | 24.2         |
| time/                   |              |
|    fps                  | 52           |
|    iterations           | 31           |
|    time_elapsed         | 1202         |
|    total_timesteps      | 1138488      |
| train/                  |              |
|    approx_kl            | 0.0144270435 |
|    clip_fraction        | 0.0486       |
|    clip_range           | 0.2          |
|    entropy_loss         | -0.0628      |
|    explained_variance   | 0.648        |
|    learning_rate        | 0.0003       |
|    loss                 | -0.00472     |
|    n_updates            | 5510         |
|    policy_gradient_loss | -0.0201      |
|    value_loss           | 0.125        |
------------------------------------------
------------------------------------------------------
| policy/                              |             |
|    ent_coef                          | 0.01        |
|    hold_rate_500                     | 0.955       |
| session/                             |             |
|    london_range_pts                  | 39.9        |
| time/                                |             |
|    fps                               | 53          |
|    iterations                        | 32          |
|    time_elapsed                      | 1227        |
|    total_timesteps                   | 1140536     |
| trade/                               |             |
|    avg_first_trade_duration_min      | 246         |
|    avg_first_trade_entry_delay_an... | 186         |
|    episode_pnl                       | 0.671       |
|    first_trade_is_ny_open_rate       | 0.375       |
|    first_trade_matches_intent_rate   | 0.5         |
|    first_trade_pnl                   | 2.24        |
|    first_trade_win_rate              | 0.5         |
|    ny_open_trade_rate                | 0.06        |
|    pnl_continuation_days             | 0.772       |
|    pnl_sweep_high_days               | 0.345       |
|    pnl_sweep_low_days                | 0.623       |
|    trades_per_episode                | 0.24        |
|    win_rate                          | 0.625       |
|    win_rate_continuation             | 0.0909      |
|    win_rate_sweep_days               | 0.118       |
| train/                               |             |
|    approx_kl                         | 0.008752524 |
|    clip_fraction                     | 0.0408      |
|    clip_range                        | 0.2         |
|    entropy_loss                      | -0.0576     |
|    explained_variance                | 0.762       |
|    learning_rate                     | 0.0003      |
|    loss                              | 0.0326      |
|    n_updates                         | 5520        |
|    policy_gradient_loss              | -0.0149     |
|    value_loss                        | 0.152       |
------------------------------------------------------
------------------------------------------
| session/                |              |
|    london_range_pts     | 30.5         |
| time/                   |              |
|    fps                  | 53           |
|    iterations           | 33           |
|    time_elapsed         | 1252         |
|    total_timesteps      | 1142584      |
| train/                  |              |
|    approx_kl            | 0.0089961635 |
|    clip_fraction        | 0.036        |
|    clip_range           | 0.2          |
|    entropy_loss         | -0.0531      |
|    explained_variance   | 0.734        |
|    learning_rate        | 0.0003       |
|    loss                 | 0.0506       |
|    n_updates            | 5530         |
|    policy_gradient_loss | -0.0128      |
|    value_loss           | 0.123        |
------------------------------------------
-----------------------------------------
| session/                |             |
|    london_range_pts     | 39.2        |
| time/                   |             |
|    fps                  | 54          |
|    iterations           | 34          |
|    time_elapsed         | 1276        |
|    total_timesteps      | 1144632     |
| train/                  |             |
|    approx_kl            | 0.015977127 |
|    clip_fraction        | 0.0506      |
|    clip_range           | 0.2         |
|    entropy_loss         | -0.0624     |
|    explained_variance   | 0.714       |
|    learning_rate        | 0.0003      |
|    loss                 | 0.0109      |
|    n_updates            | 5540        |
|    policy_gradient_loss | -0.015      |
|    value_loss           | 0.103       |
-----------------------------------------
------------------------------------------------------
| policy/                              |             |
|    ent_coef                          | 0.01        |
|    hold_rate_500                     | 0.943       |
| session/                             |             |
|    london_range_pts                  | 26.3        |
| time/                                |             |
|    fps                               | 55          |
|    iterations                        | 35          |
|    time_elapsed                      | 1301        |
|    total_timesteps                   | 1146680     |
| trade/                               |             |
|    avg_first_trade_duration_min      | 184         |
|    avg_first_trade_entry_delay_an... | 240         |
|    episode_pnl                       | 0.697       |
|    first_trade_is_ny_open_rate       | 0.143       |
|    first_trade_matches_intent_rate   | 0.571       |
|    first_trade_pnl                   | 4.94        |
|    first_trade_win_rate              | 0.571       |
|    ny_open_trade_rate                | 0.02        |
|    pnl_continuation_days             | 0.801       |
|    pnl_sweep_high_days               | 0.997       |
|    pnl_sweep_low_days                | -0.665      |
|    trades_per_episode                | 0.22        |
|    win_rate                          | 0.571       |
|    win_rate_continuation             | 0.0882      |
|    win_rate_sweep_days               | 0.0625      |
| train/                               |             |
|    approx_kl                         | 0.014061098 |
|    clip_fraction                     | 0.0609      |
|    clip_range                        | 0.2         |
|    entropy_loss                      | -0.0959     |
|    explained_variance                | 0.771       |
|    learning_rate                     | 0.0003      |
|    loss                              | 0.0014      |
|    n_updates                         | 5550        |
|    policy_gradient_loss              | -0.0192     |
|    value_loss                        | 0.167       |
------------------------------------------------------
------------------------------------------
| session/                |              |
|    london_range_pts     | 15.2         |
| time/                   |              |
|    fps                  | 55           |
|    iterations           | 36           |
|    time_elapsed         | 1325         |
|    total_timesteps      | 1148728      |
| train/                  |              |
|    approx_kl            | 0.0139866965 |
|    clip_fraction        | 0.0557       |
|    clip_range           | 0.2          |
|    entropy_loss         | -0.0713      |
|    explained_variance   | 0.697        |
|    learning_rate        | 0.0003       |
|    loss                 | -0.013       |
|    n_updates            | 5560         |
|    policy_gradient_loss | -0.0168      |
|    value_loss           | 0.156        |
------------------------------------------
Eval num_timesteps=1150000, episode_reward=-4.16 +/- 0.78
Episode length: 35.00 +/- 0.00
------------------------------------------------------
| eval/                                |             |
|    mean_ep_length                    | 35          |
|    mean_reward                       | -4.16       |
| policy/                              |             |
|    ent_coef                          | 0.01        |
|    hold_rate_500                     | 0.94        |
| session/                             |             |
|    london_range_pts                  | 20.8        |
| time/                                |             |
|    total_timesteps                   | 1150000     |
| trade/                               |             |
|    avg_first_trade_duration_min      | 142         |
|    avg_first_trade_entry_delay_an... | 252         |
|    episode_pnl                       | 1.42        |
|    first_trade_is_ny_open_rate       | 0.182       |
|    first_trade_matches_intent_rate   | 0.273       |
|    first_trade_pnl                   | 0.968       |
|    first_trade_win_rate              | 0.455       |
|    ny_open_trade_rate                | 0.04        |
|    pnl_continuation_days             | 1.65        |
|    pnl_sweep_high_days               | -0.361      |
|    pnl_sweep_low_days                | 1.54        |
|    trades_per_episode                | 0.42        |
|    win_rate                          | 0.636       |
|    win_rate_continuation             | 0.0909      |
|    win_rate_sweep_days               | 0.235       |
| train/                               |             |
|    approx_kl                         | 0.012744417 |
|    clip_fraction                     | 0.053       |
|    clip_range                        | 0.2         |
|    entropy_loss                      | -0.0832     |
|    explained_variance                | 0.616       |
|    learning_rate                     | 0.0003      |
|    loss                              | 0.00825     |
|    n_updates                         | 5570        |
|    policy_gradient_loss              | -0.0173     |
|    value_loss                        | 0.149       |
| validation/                          |             |
|    acceptance_passed                 | 0           |
|    avg_first_trade_duration_min      | 176         |
|    avg_first_trade_entry_delay_an... | 215         |
|    first_trade_is_ny_open_rate       | 0.294       |
|    first_trade_matches_intent_rate   | 0.529       |
|    first_trade_win_rate              | 64.7        |
|    ny_open_first_trade_win_rate      | 20          |
|    ny_open_trade_rate                | 0.0435      |
|    pnl_continuation_days             | 0.633       |
|    pnl_sweep_low_days                | 0.643       |
|    profit_factor                     | 1.72        |
|    trades_per_episode                | 0.235       |
|    win_rate                          | 33.3        |
|    win_rate_continuation             | 4.82        |
|    win_rate_sweep_days               | 28.1        |
------------------------------------------------------
----------------------------------
| session/            |          |
|    london_range_pts | 24.3     |
| time/               |          |
|    fps              | 54       |
|    iterations       | 37       |
|    time_elapsed     | 1386     |
|    total_timesteps  | 1150776  |
----------------------------------
-----------------------------------------
| session/                |             |
|    london_range_pts     | 27.1        |
| time/                   |             |
|    fps                  | 55          |
|    iterations           | 38          |
|    time_elapsed         | 1411        |
|    total_timesteps      | 1152824     |
| train/                  |             |
|    approx_kl            | 0.006127815 |
|    clip_fraction        | 0.0254      |
|    clip_range           | 0.2         |
|    entropy_loss         | -0.039      |
|    explained_variance   | 0.742       |
|    learning_rate        | 0.0003      |
|    loss                 | 0.0217      |
|    n_updates            | 5580        |
|    policy_gradient_loss | -0.00744    |
|    value_loss           | 0.119       |
-----------------------------------------
------------------------------------------
| session/                |              |
|    london_range_pts     | 21.8         |
| time/                   |              |
|    fps                  | 55           |
|    iterations           | 39           |
|    time_elapsed         | 1434         |
|    total_timesteps      | 1154872      |
| train/                  |              |
|    approx_kl            | 0.0117652565 |
|    clip_fraction        | 0.043        |
|    clip_range           | 0.2          |
|    entropy_loss         | -0.0668      |
|    explained_variance   | 0.747        |
|    learning_rate        | 0.0003       |
|    loss                 | -0.00794     |
|    n_updates            | 5590         |
|    policy_gradient_loss | -0.0156      |
|    value_loss           | 0.125        |
------------------------------------------
-------------------------------------------------------
| policy/                              |              |
|    ent_coef                          | 0.01         |
|    hold_rate_500                     | 0.948        |
| session/                             |              |
|    london_range_pts                  | 37.1         |
| time/                                |              |
|    fps                               | 56           |
|    iterations                        | 40           |
|    time_elapsed                      | 1458         |
|    total_timesteps                   | 1156920      |
| trade/                               |              |
|    avg_first_trade_duration_min      | 199          |
|    avg_first_trade_entry_delay_an... | 175          |
|    episode_pnl                       | 1.45         |
|    first_trade_is_ny_open_rate       | 0.364        |
|    first_trade_matches_intent_rate   | 0.545        |
|    first_trade_pnl                   | 3.37         |
|    first_trade_win_rate              | 0.727        |
|    ny_open_trade_rate                | 0.08         |
|    pnl_continuation_days             | 1.75         |
|    pnl_sweep_high_days               | 1.16         |
|    pnl_sweep_low_days                | 0.657        |
|    trades_per_episode                | 0.38         |
|    win_rate                          | 0.727        |
|    win_rate_continuation             | 0.161        |
|    win_rate_sweep_days               | 0.158        |
| train/                               |              |
|    approx_kl                         | 0.0129452795 |
|    clip_fraction                     | 0.047        |
|    clip_range                        | 0.2          |
|    entropy_loss                      | -0.074       |
|    explained_variance                | 0.8          |
|    learning_rate                     | 0.0003       |
|    loss                              | 0.00465      |
|    n_updates                         | 5600         |
|    policy_gradient_loss              | -0.0147      |
|    value_loss                        | 0.1          |
-------------------------------------------------------
------------------------------------------
| session/                |              |
|    london_range_pts     | 18.7         |
| time/                   |              |
|    fps                  | 56           |
|    iterations           | 41           |
|    time_elapsed         | 1484         |
|    total_timesteps      | 1158968      |
| train/                  |              |
|    approx_kl            | 0.0076387157 |
|    clip_fraction        | 0.0307       |
|    clip_range           | 0.2          |
|    entropy_loss         | -0.0427      |
|    explained_variance   | 0.826        |
|    learning_rate        | 0.0003       |
|    loss                 | 0.00696      |
|    n_updates            | 5610         |
|    policy_gradient_loss | -0.0114      |
|    value_loss           | 0.094        |
------------------------------------------
-----------------------------------------------------
| policy/                              |            |
|    ent_coef                          | 0.01       |
|    hold_rate_500                     | 0.961      |
| session/                             |            |
|    london_range_pts                  | 32.3       |
| time/                                |            |
|    fps                               | 57         |
|    iterations                        | 42         |
|    time_elapsed                      | 1508       |
|    total_timesteps                   | 1161016    |
| trade/                               |            |
|    avg_first_trade_duration_min      | 156        |
|    avg_first_trade_entry_delay_an... | 274        |
|    episode_pnl                       | 0.563      |
|    first_trade_is_ny_open_rate       | 0.143      |
|    first_trade_matches_intent_rate   | 0.714      |
|    first_trade_pnl                   | 3.19       |
|    first_trade_win_rate              | 0.714      |
|    ny_open_trade_rate                | 0.02       |
|    pnl_continuation_days             | 0.402      |
|    pnl_sweep_high_days               | -0.308     |
|    pnl_sweep_low_days                | 4.55       |
|    trades_per_episode                | 0.22       |
|    win_rate                          | 0.714      |
|    win_rate_continuation             | 0.0294     |
|    win_rate_sweep_days               | 0.25       |
| train/                               |            |
|    approx_kl                         | 0.01161877 |
|    clip_fraction                     | 0.0305     |
|    clip_range                        | 0.2        |
|    entropy_loss                      | -0.0403    |
|    explained_variance                | 0.724      |
|    learning_rate                     | 0.0003     |
|    loss                              | 0.0183     |
|    n_updates                         | 5620       |
|    policy_gradient_loss              | -0.00864   |
|    value_loss                        | 0.11       |
-----------------------------------------------------
-----------------------------------------
| session/                |             |
|    london_range_pts     | 29.5        |
| time/                   |             |
|    fps                  | 57          |
|    iterations           | 43          |
|    time_elapsed         | 1532        |
|    total_timesteps      | 1163064     |
| train/                  |             |
|    approx_kl            | 0.009366097 |
|    clip_fraction        | 0.031       |
|    clip_range           | 0.2         |
|    entropy_loss         | -0.0402     |
|    explained_variance   | 0.704       |
|    learning_rate        | 0.0003      |
|    loss                 | 0.00624     |
|    n_updates            | 5630        |
|    policy_gradient_loss | -0.0124     |
|    value_loss           | 0.0843      |
-----------------------------------------
-------------------------------------------------------
| policy/                              |              |
|    ent_coef                          | 0.01         |
|    hold_rate_500                     | 0.964        |
| session/                             |              |
|    london_range_pts                  | 21.8         |
| time/                                |              |
|    fps                               | 57           |
|    iterations                        | 44           |
|    time_elapsed                      | 1556         |
|    total_timesteps                   | 1165112      |
| trade/                               |              |
|    avg_first_trade_duration_min      | 137          |
|    avg_first_trade_entry_delay_an... | 309          |
|    episode_pnl                       | 1.69         |
|    first_trade_is_ny_open_rate       | 0            |
|    first_trade_matches_intent_rate   | 0.286        |
|    first_trade_pnl                   | 5.85         |
|    first_trade_win_rate              | 0.857        |
|    ny_open_trade_rate                | 0            |
|    pnl_continuation_days             | 2.15         |
|    pnl_sweep_high_days               | 1.19         |
|    pnl_sweep_low_days                | -0.604       |
|    trades_per_episode                | 0.24         |
|    win_rate                          | 0.857        |
|    win_rate_continuation             | 0.139        |
|    win_rate_sweep_days               | 0.0714       |
| train/                               |              |
|    approx_kl                         | 0.0075864336 |
|    clip_fraction                     | 0.0319       |
|    clip_range                        | 0.2          |
|    entropy_loss                      | -0.0479      |
|    explained_variance                | 0.764        |
|    learning_rate                     | 0.0003       |
|    loss                              | 0.0446       |
|    n_updates                         | 5640         |
|    policy_gradient_loss              | -0.0117      |
|    value_loss                        | 0.123        |
-------------------------------------------------------
----------------------------------------
| session/                |            |
|    london_range_pts     | 26         |
| time/                   |            |
|    fps                  | 58         |
|    iterations           | 45         |
|    time_elapsed         | 1580       |
|    total_timesteps      | 1167160    |
| train/                  |            |
|    approx_kl            | 0.01677091 |
|    clip_fraction        | 0.0423     |
|    clip_range           | 0.2        |
|    entropy_loss         | -0.0509    |
|    explained_variance   | 0.729      |
|    learning_rate        | 0.0003     |
|    loss                 | 0.0162     |
|    n_updates            | 5650       |
|    policy_gradient_loss | -0.0179    |
|    value_loss           | 0.121      |
----------------------------------------
------------------------------------------
| session/                |              |
|    london_range_pts     | 29.7         |
| time/                   |              |
|    fps                  | 58           |
|    iterations           | 46           |
|    time_elapsed         | 1605         |
|    total_timesteps      | 1169208      |
| train/                  |              |
|    approx_kl            | 0.0060811434 |
|    clip_fraction        | 0.031        |
|    clip_range           | 0.2          |
|    entropy_loss         | -0.0444      |
|    explained_variance   | 0.772        |
|    learning_rate        | 0.0003       |
|    loss                 | 0.0252       |
|    n_updates            | 5660         |
|    policy_gradient_loss | -0.00908     |
|    value_loss           | 0.123        |
------------------------------------------
-----------------------------------------------------
| policy/                              |            |
|    ent_coef                          | 0.01       |
|    hold_rate_500                     | 0.958      |
| session/                             |            |
|    london_range_pts                  | 40.8       |
| time/                                |            |
|    fps                               | 59         |
|    iterations                        | 47         |
|    time_elapsed                      | 1629       |
|    total_timesteps                   | 1171256    |
| trade/                               |            |
|    avg_first_trade_duration_min      | 162        |
|    avg_first_trade_entry_delay_an... | 214        |
|    episode_pnl                       | 1.28       |
|    first_trade_is_ny_open_rate       | 0.364      |
|    first_trade_matches_intent_rate   | 0.545      |
|    first_trade_pnl                   | 2.52       |
|    first_trade_win_rate              | 0.636      |
|    ny_open_trade_rate                | 0.08       |
|    pnl_continuation_days             | 0.74       |
|    pnl_sweep_high_days               | 2.6        |
|    pnl_sweep_low_days                | 1.48       |
|    trades_per_episode                | 0.46       |
|    win_rate                          | 0.818      |
|    win_rate_continuation             | 0.0667     |
|    win_rate_sweep_days               | 0.35       |
| train/                               |            |
|    approx_kl                         | 0.00880875 |
|    clip_fraction                     | 0.0345     |
|    clip_range                        | 0.2        |
|    entropy_loss                      | -0.0473    |
|    explained_variance                | 0.834      |
|    learning_rate                     | 0.0003     |
|    loss                              | 0.0156     |
|    n_updates                         | 5670       |
|    policy_gradient_loss              | -0.0113    |
|    value_loss                        | 0.086      |
-----------------------------------------------------
-----------------------------------------
| session/                |             |
|    london_range_pts     | 44.9        |
| time/                   |             |
|    fps                  | 59          |
|    iterations           | 48          |
|    time_elapsed         | 1654        |
|    total_timesteps      | 1173304     |
| train/                  |             |
|    approx_kl            | 0.012206516 |
|    clip_fraction        | 0.0452      |
|    clip_range           | 0.2         |
|    entropy_loss         | -0.0604     |
|    explained_variance   | 0.72        |
|    learning_rate        | 0.0003      |
|    loss                 | -0.00859    |
|    n_updates            | 5680        |
|    policy_gradient_loss | -0.0162     |
|    value_loss           | 0.103       |
-----------------------------------------
Eval num_timesteps=1175000, episode_reward=-4.27 +/- 0.59
Episode length: 35.00 +/- 0.00
------------------------------------------------------
| eval/                                |             |
|    mean_ep_length                    | 35          |
|    mean_reward                       | -4.27       |
| policy/                              |             |
|    ent_coef                          | 0.01        |
|    hold_rate_500                     | 0.959       |
| session/                             |             |
|    london_range_pts                  | 18.6        |
| time/                                |             |
|    total_timesteps                   | 1175000     |
| trade/                               |             |
|    avg_first_trade_duration_min      | 152         |
|    avg_first_trade_entry_delay_an... | 285         |
|    episode_pnl                       | 1.57        |
|    first_trade_is_ny_open_rate       | 0           |
|    first_trade_matches_intent_rate   | 0.375       |
|    first_trade_pnl                   | 3.33        |
|    first_trade_win_rate              | 0.625       |
|    ny_open_trade_rate                | 0           |
|    pnl_continuation_days             | 1.47        |
|    pnl_sweep_high_days               | 1.22        |
|    pnl_sweep_low_days                | 2.15        |
|    trades_per_episode                | 0.26        |
|    win_rate                          | 0.875       |
|    win_rate_continuation             | 0.0909      |
|    win_rate_sweep_days               | 0.235       |
| train/                               |             |
|    approx_kl                         | 0.011289036 |
|    clip_fraction                     | 0.0357      |
|    clip_range                        | 0.2         |
|    entropy_loss                      | -0.0473     |
|    explained_variance                | 0.761       |
|    learning_rate                     | 0.0003      |
|    loss                              | -0.0064     |
|    n_updates                         | 5690        |
|    policy_gradient_loss              | -0.0145     |
|    value_loss                        | 0.0895      |
| validation/                          |             |
|    acceptance_passed                 | 0           |
|    avg_first_trade_duration_min      | 181         |
|    avg_first_trade_entry_delay_an... | 214         |
|    first_trade_is_ny_open_rate       | 0.312       |
|    first_trade_matches_intent_rate   | 0.5         |
|    first_trade_win_rate              | 68.8        |
|    ny_open_first_trade_win_rate      | 20          |
|    ny_open_trade_rate                | 0.0435      |
|    pnl_continuation_days             | 0.633       |
|    pnl_sweep_low_days                | 1.07        |
|    profit_factor                     | 2.07        |
|    trades_per_episode                | 0.226       |
|    win_rate                          | 34.6        |
|    win_rate_continuation             | 4.82        |
|    win_rate_sweep_days               | 28.1        |
------------------------------------------------------
----------------------------------
| session/            |          |
|    london_range_pts | 30.2     |
| time/               |          |
|    fps              | 58       |
|    iterations       | 49       |
|    time_elapsed     | 1714     |
|    total_timesteps  | 1175352  |
----------------------------------
------------------------------------------
| session/                |              |
|    london_range_pts     | 25.8         |
| time/                   |              |
|    fps                  | 58           |
|    iterations           | 50           |
|    time_elapsed         | 1739         |
|    total_timesteps      | 1177400      |
| train/                  |              |
|    approx_kl            | 0.0071130698 |
|    clip_fraction        | 0.0327       |
|    clip_range           | 0.2          |
|    entropy_loss         | -0.0477      |
|    explained_variance   | 0.705        |
|    learning_rate        | 0.0003       |
|    loss                 | 0.0115       |
|    n_updates            | 5700         |
|    policy_gradient_loss | -0.0112      |
|    value_loss           | 0.119        |
------------------------------------------
----------------------------------------
| session/                |            |
|    london_range_pts     | 44.8       |
| time/                   |            |
|    fps                  | 59         |
|    iterations           | 51         |
|    time_elapsed         | 1763       |
|    total_timesteps      | 1179448    |
| train/                  |            |
|    approx_kl            | 0.00803449 |
|    clip_fraction        | 0.0333     |
|    clip_range           | 0.2        |
|    entropy_loss         | -0.052     |
|    explained_variance   | 0.842      |
|    learning_rate        | 0.0003     |
|    loss                 | 0.00955    |
|    n_updates            | 5710       |
|    policy_gradient_loss | -0.0117    |
|    value_loss           | 0.0957     |
----------------------------------------
-------------------------------------------------------
| policy/                              |              |
|    ent_coef                          | 0.01         |
|    hold_rate_500                     | 0.96         |
| session/                             |              |
|    london_range_pts                  | 27.3         |
| time/                                |              |
|    fps                               | 59           |
|    iterations                        | 52           |
|    time_elapsed                      | 1788         |
|    total_timesteps                   | 1181496      |
| trade/                               |              |
|    avg_first_trade_duration_min      | 150          |
|    avg_first_trade_entry_delay_an... | 269          |
|    episode_pnl                       | 1.17         |
|    first_trade_is_ny_open_rate       | 0.0909       |
|    first_trade_matches_intent_rate   | 0.636        |
|    first_trade_pnl                   | 3.7          |
|    first_trade_win_rate              | 0.727        |
|    ny_open_trade_rate                | 0.02         |
|    pnl_continuation_days             | 0.621        |
|    pnl_sweep_high_days               | 3.43         |
|    pnl_sweep_low_days                | 0            |
|    trades_per_episode                | 0.28         |
|    win_rate                          | 0.818        |
|    win_rate_continuation             | 0.128        |
|    win_rate_sweep_days               | 0.364        |
| train/                               |              |
|    approx_kl                         | 0.0068326592 |
|    clip_fraction                     | 0.0371       |
|    clip_range                        | 0.2          |
|    entropy_loss                      | -0.064       |
|    explained_variance                | 0.817        |
|    learning_rate                     | 0.0003       |
|    loss                              | -0.00335     |
|    n_updates                         | 5720         |
|    policy_gradient_loss              | -0.0123      |
|    value_loss                        | 0.118        |
-------------------------------------------------------
-----------------------------------------
| session/                |             |
|    london_range_pts     | 19.7        |
| time/                   |             |
|    fps                  | 59          |
|    iterations           | 53          |
|    time_elapsed         | 1812        |
|    total_timesteps      | 1183544     |
| train/                  |             |
|    approx_kl            | 0.006886799 |
|    clip_fraction        | 0.0307      |
|    clip_range           | 0.2         |
|    entropy_loss         | -0.0443     |
|    explained_variance   | 0.765       |
|    learning_rate        | 0.0003      |
|    loss                 | 0.0232      |
|    n_updates            | 5730        |
|    policy_gradient_loss | -0.00956    |
|    value_loss           | 0.109       |
-----------------------------------------
------------------------------------------------------
| policy/                              |             |
|    ent_coef                          | 0.01        |
|    hold_rate_500                     | 0.957       |
| session/                             |             |
|    london_range_pts                  | 20.3        |
| time/                                |             |
|    fps                               | 60          |
|    iterations                        | 54          |
|    time_elapsed                      | 1837        |
|    total_timesteps                   | 1185592     |
| trade/                               |             |
|    avg_first_trade_duration_min      | 137         |
|    avg_first_trade_entry_delay_an... | 225         |
|    episode_pnl                       | 1.61        |
|    first_trade_is_ny_open_rate       | 0.214       |
|    first_trade_matches_intent_rate   | 0.643       |
|    first_trade_pnl                   | 2.17        |
|    first_trade_win_rate              | 0.571       |
|    ny_open_trade_rate                | 0.06        |
|    pnl_continuation_days             | 1.35        |
|    pnl_sweep_high_days               | 0.975       |
|    pnl_sweep_low_days                | 3.11        |
|    trades_per_episode                | 0.46        |
|    win_rate                          | 0.643       |
|    win_rate_continuation             | 0.148       |
|    win_rate_sweep_days               | 0.217       |
| train/                               |             |
|    approx_kl                         | 0.008173384 |
|    clip_fraction                     | 0.0405      |
|    clip_range                        | 0.2         |
|    entropy_loss                      | -0.057      |
|    explained_variance                | 0.773       |
|    learning_rate                     | 0.0003      |
|    loss                              | 0.00478     |
|    n_updates                         | 5740        |
|    policy_gradient_loss              | -0.0162     |
|    value_loss                        | 0.115       |
------------------------------------------------------
-----------------------------------------
| session/                |             |
|    london_range_pts     | 18.2        |
| time/                   |             |
|    fps                  | 60          |
|    iterations           | 55          |
|    time_elapsed         | 1862        |
|    total_timesteps      | 1187640     |
| train/                  |             |
|    approx_kl            | 0.011832761 |
|    clip_fraction        | 0.0441      |
|    clip_range           | 0.2         |
|    entropy_loss         | -0.0667     |
|    explained_variance   | 0.859       |
|    learning_rate        | 0.0003      |
|    loss                 | 0.0191      |
|    n_updates            | 5750        |
|    policy_gradient_loss | -0.0125     |
|    value_loss           | 0.107       |
-----------------------------------------
------------------------------------------
| session/                |              |
|    london_range_pts     | 44.8         |
| time/                   |              |
|    fps                  | 60           |
|    iterations           | 56           |
|    time_elapsed         | 1888         |
|    total_timesteps      | 1189688      |
| train/                  |              |
|    approx_kl            | 0.0076674116 |
|    clip_fraction        | 0.0397       |
|    clip_range           | 0.2          |
|    entropy_loss         | -0.0583      |
|    explained_variance   | 0.799        |
|    learning_rate        | 0.0003       |
|    loss                 | -0.00715     |
|    n_updates            | 5760         |
|    policy_gradient_loss | -0.0147      |
|    value_loss           | 0.11         |
------------------------------------------
------------------------------------------------------
| policy/                              |             |
|    ent_coef                          | 0.01        |
|    hold_rate_500                     | 0.961       |
| session/                             |             |
|    london_range_pts                  | 29.6        |
| time/                                |             |
|    fps                               | 61          |
|    iterations                        | 57          |
|    time_elapsed                      | 1912        |
|    total_timesteps                   | 1191736     |
| trade/                               |             |
|    avg_first_trade_duration_min      | 320         |
|    avg_first_trade_entry_delay_an... | 195         |
|    episode_pnl                       | 0.288       |
|    first_trade_is_ny_open_rate       | 0.333       |
|    first_trade_matches_intent_rate   | 0.333       |
|    first_trade_pnl                   | 4.79        |
|    first_trade_win_rate              | 0.667       |
|    ny_open_trade_rate                | 0.02        |
|    pnl_continuation_days             | -0.0286     |
|    pnl_sweep_high_days               | 0           |
|    pnl_sweep_low_days                | 2.21        |
|    trades_per_episode                | 0.06        |
|    win_rate                          | 0.667       |
|    win_rate_continuation             | 0.0263      |
|    win_rate_sweep_days               | 0.0833      |
| train/                               |             |
|    approx_kl                         | 0.010230493 |
|    clip_fraction                     | 0.0256      |
|    clip_range                        | 0.2         |
|    entropy_loss                      | -0.0333     |
|    explained_variance                | 0.807       |
|    learning_rate                     | 0.0003      |
|    loss                              | 0.0168      |
|    n_updates                         | 5770        |
|    policy_gradient_loss              | -0.00878    |
|    value_loss                        | 0.0787      |
------------------------------------------------------
-----------------------------------------
| session/                |             |
|    london_range_pts     | 39.5        |
| time/                   |             |
|    fps                  | 61          |
|    iterations           | 58          |
|    time_elapsed         | 1939        |
|    total_timesteps      | 1193784     |
| train/                  |             |
|    approx_kl            | 0.022028934 |
|    clip_fraction        | 0.0572      |
|    clip_range           | 0.2         |
|    entropy_loss         | -0.0746     |
|    explained_variance   | 0.742       |
|    learning_rate        | 0.0003      |
|    loss                 | 0.00207     |
|    n_updates            | 5780        |
|    policy_gradient_loss | -0.019      |
|    value_loss           | 0.101       |
-----------------------------------------
------------------------------------------------------
| policy/                              |             |
|    ent_coef                          | 0.01        |
|    hold_rate_500                     | 0.936       |
| session/                             |             |
|    london_range_pts                  | 13.4        |
| time/                                |             |
|    fps                               | 61          |
|    iterations                        | 59          |
|    time_elapsed                      | 1976        |
|    total_timesteps                   | 1195832     |
| trade/                               |             |
|    avg_first_trade_duration_min      | 153         |
|    avg_first_trade_entry_delay_an... | 265         |
|    episode_pnl                       | 2.68        |
|    first_trade_is_ny_open_rate       | 0.0909      |
|    first_trade_matches_intent_rate   | 0.545       |
|    first_trade_pnl                   | 5.71        |
|    first_trade_win_rate              | 0.727       |
|    ny_open_trade_rate                | 0.02        |
|    pnl_continuation_days             | 3.1         |
|    pnl_sweep_high_days               | 2.42        |
|    pnl_sweep_low_days                | 0.724       |
|    trades_per_episode                | 0.42        |
|    win_rate                          | 0.909       |
|    win_rate_continuation             | 0.176       |
|    win_rate_sweep_days               | 0.25        |
| train/                               |             |
|    approx_kl                         | 0.016440714 |
|    clip_fraction                     | 0.0599      |
|    clip_range                        | 0.2         |
|    entropy_loss                      | -0.0763     |
|    explained_variance                | 0.721       |
|    learning_rate                     | 0.0003      |
|    loss                              | 0.0157      |
|    n_updates                         | 5790        |
|    policy_gradient_loss              | -0.0209     |
|    value_loss                        | 0.127       |
------------------------------------------------------
-----------------------------------------
| session/                |             |
|    london_range_pts     | 22.6        |
| time/                   |             |
|    fps                  | 61          |
|    iterations           | 60          |
|    time_elapsed         | 2007        |
|    total_timesteps      | 1197880     |
| train/                  |             |
|    approx_kl            | 0.008802679 |
|    clip_fraction        | 0.034       |
|    clip_range           | 0.2         |
|    entropy_loss         | -0.0552     |
|    explained_variance   | 0.777       |
|    learning_rate        | 0.0003      |
|    loss                 | 0.0249      |
|    n_updates            | 5800        |
|    policy_gradient_loss | -0.0119     |
|    value_loss           | 0.113       |
-----------------------------------------
----------------------------------------
| session/                |            |
|    london_range_pts     | 16.3       |
| time/                   |            |
|    fps                  | 61         |
|    iterations           | 61         |
|    time_elapsed         | 2041       |
|    total_timesteps      | 1199928    |
| train/                  |            |
|    approx_kl            | 0.01318437 |
|    clip_fraction        | 0.0307     |
|    clip_range           | 0.2        |
|    entropy_loss         | -0.0373    |
|    explained_variance   | 0.593      |
|    learning_rate        | 0.0003     |
|    loss                 | 0.00768    |
|    n_updates            | 5810       |
|    policy_gradient_loss | -0.0114    |
|    value_loss           | 0.143      |
----------------------------------------
Eval num_timesteps=1200000, episode_reward=-4.44 +/- 0.40
Episode length: 35.00 +/- 0.00
------------------------------------------------------
| eval/                                |             |
|    mean_ep_length                    | 35          |
|    mean_reward                       | -4.44       |
| policy/                              |             |
|    ent_coef                          | 0.01        |
|    hold_rate_500                     | 0.962       |
| session/                             |             |
|    london_range_pts                  | 17.1        |
| time/                                |             |
|    total_timesteps                   | 1200000     |
| trade/                               |             |
|    avg_first_trade_duration_min      | 182         |
|    avg_first_trade_entry_delay_an... | 219         |
|    episode_pnl                       | 1.02        |
|    first_trade_is_ny_open_rate       | 0.286       |
|    first_trade_matches_intent_rate   | 1           |
|    first_trade_pnl                   | 4.32        |
|    first_trade_win_rate              | 0.857       |
|    ny_open_trade_rate                | 0.04        |
|    pnl_continuation_days             | 0.407       |
|    pnl_sweep_high_days               | 2.91        |
|    pnl_sweep_low_days                | 1.15        |
|    trades_per_episode                | 0.28        |
|    win_rate                          | 1           |
|    win_rate_continuation             | 0.0667      |
|    win_rate_sweep_days               | 0.25        |
| train/                               |             |
|    approx_kl                         | 0.013717592 |
|    clip_fraction                     | 0.0308      |
|    clip_range                        | 0.2         |
|    entropy_loss                      | -0.0375     |
|    explained_variance                | 0.793       |
|    learning_rate                     | 0.0003      |
|    loss                              | 0.0123      |
|    n_updates                         | 5820        |
|    policy_gradient_loss              | -0.0107     |
|    value_loss                        | 0.0836      |
| validation/                          |             |
|    acceptance_passed                 | 0           |
|    avg_first_trade_duration_min      | 176         |
|    avg_first_trade_entry_delay_an... | 215         |
|    first_trade_is_ny_open_rate       | 0.294       |
|    first_trade_matches_intent_rate   | 0.529       |
|    first_trade_win_rate              | 64.7        |
|    ny_open_first_trade_win_rate      | 20          |
|    ny_open_trade_rate                | 0.0435      |
|    pnl_continuation_days             | 0.571       |
|    pnl_sweep_low_days                | 0.643       |
|    profit_factor                     | 1.72        |
|    trades_per_episode                | 0.226       |
|    win_rate                          | 34.6        |
|    win_rate_continuation             | 4.82        |
|    win_rate_sweep_days               | 28.1        |
------------------------------------------------------
----------------------------------
| session/            |          |
|    london_range_pts | 18.3     |
| time/               |          |
|    fps              | 59       |
|    iterations       | 62       |
|    time_elapsed     | 2120     |
|    total_timesteps  | 1201976  |
----------------------------------
------------------------------------------
| session/                |              |
|    london_range_pts     | 32.1         |
| time/                   |              |
|    fps                  | 59           |
|    iterations           | 63           |
|    time_elapsed         | 2155         |
|    total_timesteps      | 1204024      |
| train/                  |              |
|    approx_kl            | 0.0032074763 |
|    clip_fraction        | 0.0125       |
|    clip_range           | 0.2          |
|    entropy_loss         | -0.0158      |
|    explained_variance   | 0.783        |
|    learning_rate        | 0.0003       |
|    loss                 | 0.0194       |
|    n_updates            | 5830         |
|    policy_gradient_loss | -0.00456     |
|    value_loss           | 0.0949       |
------------------------------------------
------------------------------------------------------
| policy/                              |             |
|    ent_coef                          | 0.01        |
|    hold_rate_500                     | 0.967       |
| session/                             |             |
|    london_range_pts                  | 23.9        |
| time/                                |             |
|    fps                               | 59          |
|    iterations                        | 64          |
|    time_elapsed                      | 2184        |
|    total_timesteps                   | 1206072     |
| trade/                               |             |
|    avg_first_trade_duration_min      | 171         |
|    avg_first_trade_entry_delay_an... | 232         |
|    episode_pnl                       | 1.06        |
|    first_trade_is_ny_open_rate       | 0.25        |
|    first_trade_matches_intent_rate   | 0.5         |
|    first_trade_pnl                   | 2.85        |
|    first_trade_win_rate              | 0.625       |
|    ny_open_trade_rate                | 0.04        |
|    pnl_continuation_days             | 0.547       |
|    pnl_sweep_high_days               | 3.38        |
|    pnl_sweep_low_days                | 0.97        |
|    trades_per_episode                | 0.36        |
|    win_rate                          | 0.875       |
|    win_rate_continuation             | 0.0571      |
|    win_rate_sweep_days               | 0.333       |
| train/                               |             |
|    approx_kl                         | 0.010093892 |
|    clip_fraction                     | 0.0378      |
|    clip_range                        | 0.2         |
|    entropy_loss                      | -0.051      |
|    explained_variance                | 0.814       |
|    learning_rate                     | 0.0003      |
|    loss                              | 0.0122      |
|    n_updates                         | 5840        |
|    policy_gradient_loss              | -0.00995    |
|    value_loss                        | 0.0901      |
------------------------------------------------------
-----------------------------------------
| session/                |             |
|    london_range_pts     | 18.9        |
| time/                   |             |
|    fps                  | 60          |
|    iterations           | 65          |
|    time_elapsed         | 2213        |
|    total_timesteps      | 1208120     |
| train/                  |             |
|    approx_kl            | 0.014242051 |
|    clip_fraction        | 0.0174      |
|    clip_range           | 0.2         |
|    entropy_loss         | -0.0194     |
|    explained_variance   | 0.854       |
|    learning_rate        | 0.0003      |
|    loss                 | -9.37e-05   |
|    n_updates            | 5850        |
|    policy_gradient_loss | -0.00644    |
|    value_loss           | 0.0691      |
-----------------------------------------
------------------------------------------------------
| policy/                              |             |
|    ent_coef                          | 0.01        |
|    hold_rate_500                     | 0.974       |
| session/                             |             |
|    london_range_pts                  | 21.1        |
| time/                                |             |
|    fps                               | 60          |
|    iterations                        | 66          |
|    time_elapsed                      | 2244        |
|    total_timesteps                   | 1210168     |
| trade/                               |             |
|    avg_first_trade_duration_min      | 188         |
|    avg_first_trade_entry_delay_an... | 262         |
|    episode_pnl                       | 1.32        |
|    first_trade_is_ny_open_rate       | 0.111       |
|    first_trade_matches_intent_rate   | 0.444       |
|    first_trade_pnl                   | 4.75        |
|    first_trade_win_rate              | 0.667       |
|    ny_open_trade_rate                | 0.02        |
|    pnl_continuation_days             | 1.22        |
|    pnl_sweep_high_days               | 3.69        |
|    pnl_sweep_low_days                | -0.842      |
|    trades_per_episode                | 0.28        |
|    win_rate                          | 0.667       |
|    win_rate_continuation             | 0.0811      |
|    win_rate_sweep_days               | 0.231       |
| train/                               |             |
|    approx_kl                         | 0.010253256 |
|    clip_fraction                     | 0.0256      |
|    clip_range                        | 0.2         |
|    entropy_loss                      | -0.0362     |
|    explained_variance                | 0.802       |
|    learning_rate                     | 0.0003      |
|    loss                              | 0.0248      |
|    n_updates                         | 5860        |
|    policy_gradient_loss              | -0.00811    |
|    value_loss                        | 0.118       |
------------------------------------------------------
-----------------------------------------
| session/                |             |
|    london_range_pts     | 19          |
| time/                   |             |
|    fps                  | 60          |
|    iterations           | 67          |
|    time_elapsed         | 2277        |
|    total_timesteps      | 1212216     |
| train/                  |             |
|    approx_kl            | 0.010715438 |
|    clip_fraction        | 0.0357      |
|    clip_range           | 0.2         |
|    entropy_loss         | -0.0422     |
|    explained_variance   | 0.758       |
|    learning_rate        | 0.0003      |
|    loss                 | 0.0181      |
|    n_updates            | 5870        |
|    policy_gradient_loss | -0.0107     |
|    value_loss           | 0.106       |
-----------------------------------------
-----------------------------------------
| session/                |             |
|    london_range_pts     | 15          |
| time/                   |             |
|    fps                  | 60          |
|    iterations           | 68          |
|    time_elapsed         | 2304        |
|    total_timesteps      | 1214264     |
| train/                  |             |
|    approx_kl            | 0.012035988 |
|    clip_fraction        | 0.0227      |
|    clip_range           | 0.2         |
|    entropy_loss         | -0.0296     |
|    explained_variance   | 0.807       |
|    learning_rate        | 0.0003      |
|    loss                 | 0.0209      |
|    n_updates            | 5880        |
|    policy_gradient_loss | -0.00314    |
|    value_loss           | 0.0876      |
-----------------------------------------
------------------------------------------------------
| policy/                              |             |
|    ent_coef                          | 0.01        |
|    hold_rate_500                     | 0.964       |
| session/                             |             |
|    london_range_pts                  | 56.3        |
| time/                                |             |
|    fps                               | 60          |
|    iterations                        | 69          |
|    time_elapsed                      | 2335        |
|    total_timesteps                   | 1216312     |
| trade/                               |             |
|    avg_first_trade_duration_min      | 105         |
|    avg_first_trade_entry_delay_an... | 295         |
|    episode_pnl                       | 1.01        |
|    first_trade_is_ny_open_rate       | 0           |
|    first_trade_matches_intent_rate   | 0.333       |
|    first_trade_pnl                   | 1.04        |
|    first_trade_win_rate              | 0.5         |
|    ny_open_trade_rate                | 0           |
|    pnl_continuation_days             | 0.604       |
|    pnl_sweep_high_days               | 2.99        |
|    pnl_sweep_low_days                | 1.1         |
|    trades_per_episode                | 0.3         |
|    win_rate                          | 0.667       |
|    win_rate_continuation             | 0.0278      |
|    win_rate_sweep_days               | 0.214       |
| train/                               |             |
|    approx_kl                         | 0.011509437 |
|    clip_fraction                     | 0.0388      |
|    clip_range                        | 0.2         |
|    entropy_loss                      | -0.0454     |
|    explained_variance                | 0.779       |
|    learning_rate                     | 0.0003      |
|    loss                              | -0.0136     |
|    n_updates                         | 5890        |
|    policy_gradient_loss              | -0.0172     |
|    value_loss                        | 0.0865      |
------------------------------------------------------
-----------------------------------------
| session/                |             |
|    london_range_pts     | 24.4        |
| time/                   |             |
|    fps                  | 60          |
|    iterations           | 70          |
|    time_elapsed         | 2364        |
|    total_timesteps      | 1218360     |
| train/                  |             |
|    approx_kl            | 0.009770156 |
|    clip_fraction        | 0.0387      |
|    clip_range           | 0.2         |
|    entropy_loss         | -0.0512     |
|    explained_variance   | 0.816       |
|    learning_rate        | 0.0003      |
|    loss                 | 0.0132      |
|    n_updates            | 5900        |
|    policy_gradient_loss | -0.0145     |
|    value_loss           | 0.096       |
-----------------------------------------
------------------------------------------------------
| policy/                              |             |
|    ent_coef                          | 0.01        |
|    hold_rate_500                     | 0.956       |
| session/                             |             |
|    london_range_pts                  | 44.8        |
| time/                                |             |
|    fps                               | 60          |
|    iterations                        | 71          |
|    time_elapsed                      | 2397        |
|    total_timesteps                   | 1220408     |
| trade/                               |             |
|    avg_first_trade_duration_min      | 152         |
|    avg_first_trade_entry_delay_an... | 279         |
|    episode_pnl                       | 1.4         |
|    first_trade_is_ny_open_rate       | 0.0833      |
|    first_trade_matches_intent_rate   | 0.5         |
|    first_trade_pnl                   | 3.99        |
|    first_trade_win_rate              | 0.583       |
|    ny_open_trade_rate                | 0.02        |
|    pnl_continuation_days             | 1.39        |
|    pnl_sweep_high_days               | 1.25        |
|    pnl_sweep_low_days                | 1.61        |
|    trades_per_episode                | 0.36        |
|    win_rate                          | 0.75        |
|    win_rate_continuation             | 0.156       |
|    win_rate_sweep_days               | 0.222       |
| train/                               |             |
|    approx_kl                         | 0.015903624 |
|    clip_fraction                     | 0.044       |
|    clip_range                        | 0.2         |
|    entropy_loss                      | -0.0534     |
|    explained_variance                | 0.74        |
|    learning_rate                     | 0.0003      |
|    loss                              | 0.0142      |
|    n_updates                         | 5910        |
|    policy_gradient_loss              | -0.0148     |
|    value_loss                        | 0.12        |
------------------------------------------------------
------------------------------------------
| session/                |              |
|    london_range_pts     | 28.7         |
| time/                   |              |
|    fps                  | 60           |
|    iterations           | 72           |
|    time_elapsed         | 2429         |
|    total_timesteps      | 1222456      |
| train/                  |              |
|    approx_kl            | 0.0068404553 |
|    clip_fraction        | 0.0252       |
|    clip_range           | 0.2          |
|    entropy_loss         | -0.039       |
|    explained_variance   | 0.747        |
|    learning_rate        | 0.0003       |
|    loss                 | 0.00928      |
|    n_updates            | 5920         |
|    policy_gradient_loss | -0.00972     |
|    value_loss           | 0.11         |
------------------------------------------
------------------------------------------
| session/                |              |
|    london_range_pts     | 18.1         |
| time/                   |              |
|    fps                  | 60           |
|    iterations           | 73           |
|    time_elapsed         | 2458         |
|    total_timesteps      | 1224504      |
| train/                  |              |
|    approx_kl            | 0.0070262477 |
|    clip_fraction        | 0.0242       |
|    clip_range           | 0.2          |
|    entropy_loss         | -0.0329      |
|    explained_variance   | 0.829        |
|    learning_rate        | 0.0003       |
|    loss                 | -0.00102     |
|    n_updates            | 5930         |
|    policy_gradient_loss | -0.0079      |
|    value_loss           | 0.0871       |
------------------------------------------
Eval num_timesteps=1225000, episode_reward=-3.85 +/- 0.86
Episode length: 35.00 +/- 0.00
-------------------------------------------------------
| eval/                                |              |
|    mean_ep_length                    | 35           |
|    mean_reward                       | -3.85        |
| policy/                              |              |
|    ent_coef                          | 0.01         |
|    hold_rate_500                     | 0.976        |
| session/                             |              |
|    london_range_pts                  | 40.7         |
| time/                                |              |
|    total_timesteps                   | 1225000      |
| trade/                               |              |
|    avg_first_trade_duration_min      | 93.8         |
|    avg_first_trade_entry_delay_an... | 401          |
|    episode_pnl                       | 0.427        |
|    first_trade_is_ny_open_rate       | 0            |
|    first_trade_matches_intent_rate   | 0.5          |
|    first_trade_pnl                   | 1.39         |
|    first_trade_win_rate              | 0.5          |
|    ny_open_trade_rate                | 0            |
|    pnl_continuation_days             | 0.785        |
|    pnl_sweep_high_days               | -0.507       |
|    pnl_sweep_low_days                | 0            |
|    trades_per_episode                | 0.12         |
|    win_rate                          | 0.5          |
|    win_rate_continuation             | 0.0606       |
|    win_rate_sweep_days               | 0            |
| train/                               |              |
|    approx_kl                         | 0.0071251886 |
|    clip_fraction                     | 0.0205       |
|    clip_range                        | 0.2          |
|    entropy_loss                      | -0.022       |
|    explained_variance                | 0.853        |
|    learning_rate                     | 0.0003       |
|    loss                              | 0.0287       |
|    n_updates                         | 5940         |
|    policy_gradient_loss              | -0.00757     |
|    value_loss                        | 0.0754       |
| validation/                          |              |
|    acceptance_passed                 | 0            |
|    avg_first_trade_duration_min      | 169          |
|    avg_first_trade_entry_delay_an... | 226          |
|    first_trade_is_ny_open_rate       | 0.25         |
|    first_trade_matches_intent_rate   | 0.5          |
|    first_trade_win_rate              | 62.5         |
|    ny_open_first_trade_win_rate      | 25           |
|    ny_open_trade_rate                | 0.0348       |
|    pnl_continuation_days             | 0.382        |
|    pnl_sweep_low_days                | 0.643        |
|    profit_factor                     | 1.72         |
|    trades_per_episode                | 0.217        |
|    win_rate                          | 36           |
|    win_rate_continuation             | 3.61         |
|    win_rate_sweep_days               | 28.1         |
-------------------------------------------------------
New best mean reward!
----------------------------------
| session/            |          |
|    london_range_pts | 31.4     |
| time/               |          |
|    fps              | 59       |
|    iterations       | 74       |
|    time_elapsed     | 2538     |
|    total_timesteps  | 1226552  |
----------------------------------
-----------------------------------------
| session/                |             |
|    london_range_pts     | 51          |
| time/                   |             |
|    fps                  | 59          |
|    iterations           | 75          |
|    time_elapsed         | 2568        |
|    total_timesteps      | 1228600     |
| train/                  |             |
|    approx_kl            | 0.015063901 |
|    clip_fraction        | 0.0456      |
|    clip_range           | 0.2         |
|    entropy_loss         | -0.0511     |
|    explained_variance   | 0.811       |
|    learning_rate        | 0.0003      |
|    loss                 | -0.0121     |
|    n_updates            | 5950        |
|    policy_gradient_loss | -0.0146     |
|    value_loss           | 0.0952      |
-----------------------------------------
------------------------------------------------------
| policy/                              |             |
|    ent_coef                          | 0.01        |
|    hold_rate_500                     | 0.968       |
| session/                             |             |
|    london_range_pts                  | 34.8        |
| time/                                |             |
|    fps                               | 59          |
|    iterations                        | 76          |
|    time_elapsed                      | 2601        |
|    total_timesteps                   | 1230648     |
| trade/                               |             |
|    avg_first_trade_duration_min      | 195         |
|    avg_first_trade_entry_delay_an... | 257         |
|    episode_pnl                       | 1.54        |
|    first_trade_is_ny_open_rate       | 0.286       |
|    first_trade_matches_intent_rate   | 0.286       |
|    first_trade_pnl                   | 5.65        |
|    first_trade_win_rate              | 0.714       |
|    ny_open_trade_rate                | 0.04        |
|    pnl_continuation_days             | 1.83        |
|    pnl_sweep_high_days               | 1.53        |
|    pnl_sweep_low_days                | 0           |
|    trades_per_episode                | 0.18        |
|    win_rate                          | 0.714       |
|    win_rate_continuation             | 0.108       |
|    win_rate_sweep_days               | 0.0769      |
| train/                               |             |
|    approx_kl                         | 0.007724554 |
|    clip_fraction                     | 0.0295      |
|    clip_range                        | 0.2         |
|    entropy_loss                      | -0.0331     |
|    explained_variance                | 0.803       |
|    learning_rate                     | 0.0003      |
|    loss                              | 0.00819     |
|    n_updates                         | 5960        |
|    policy_gradient_loss              | -0.00986    |
|    value_loss                        | 0.0748      |
------------------------------------------------------
-----------------------------------------
| session/                |             |
|    london_range_pts     | 23.5        |
| time/                   |             |
|    fps                  | 59          |
|    iterations           | 77          |
|    time_elapsed         | 2632        |
|    total_timesteps      | 1232696     |
| train/                  |             |
|    approx_kl            | 0.011158174 |
|    clip_fraction        | 0.0328      |
|    clip_range           | 0.2         |
|    entropy_loss         | -0.0353     |
|    explained_variance   | 0.74        |
|    learning_rate        | 0.0003      |
|    loss                 | -0.0246     |
|    n_updates            | 5970        |
|    policy_gradient_loss | -0.0109     |
|    value_loss           | 0.0921      |
-----------------------------------------
----------------------------------------
| session/                |            |
|    london_range_pts     | 30.1       |
| time/                   |            |
|    fps                  | 59         |
|    iterations           | 78         |
|    time_elapsed         | 2666       |
|    total_timesteps      | 1234744    |
| train/                  |            |
|    approx_kl            | 0.02208781 |
|    clip_fraction        | 0.0599     |
|    clip_range           | 0.2        |
|    entropy_loss         | -0.071     |
|    explained_variance   | 0.722      |
|    learning_rate        | 0.0003     |
|    loss                 | -0.0201    |
|    n_updates            | 5980       |
|    policy_gradient_loss | -0.0196    |
|    value_loss           | 0.123      |
----------------------------------------
------------------------------------------------------
| policy/                              |             |
|    ent_coef                          | 0.01        |
|    hold_rate_500                     | 0.951       |
| session/                             |             |
|    london_range_pts                  | 43.6        |
| time/                                |             |
|    fps                               | 59          |
|    iterations                        | 79          |
|    time_elapsed                      | 2700        |
|    total_timesteps                   | 1236792     |
| trade/                               |             |
|    avg_first_trade_duration_min      | 141         |
|    avg_first_trade_entry_delay_an... | 270         |
|    episode_pnl                       | 1.24        |
|    first_trade_is_ny_open_rate       | 0.2         |
|    first_trade_matches_intent_rate   | 0.5         |
|    first_trade_pnl                   | 4.95        |
|    first_trade_win_rate              | 0.8         |
|    ny_open_trade_rate                | 0.04        |
|    pnl_continuation_days             | 0.205       |
|    pnl_sweep_high_days               | 3.97        |
|    pnl_sweep_low_days                | 1.61        |
|    trades_per_episode                | 0.34        |
|    win_rate                          | 0.8         |
|    win_rate_continuation             | 0.0333      |
|    win_rate_sweep_days               | 0.35        |
| train/                               |             |
|    approx_kl                         | 0.011274742 |
|    clip_fraction                     | 0.0335      |
|    clip_range                        | 0.2         |
|    entropy_loss                      | -0.0466     |
|    explained_variance                | 0.783       |
|    learning_rate                     | 0.0003      |
|    loss                              | 0.0336      |
|    n_updates                         | 5990        |
|    policy_gradient_loss              | -0.00992    |
|    value_loss                        | 0.125       |
------------------------------------------------------
-----------------------------------------
| session/                |             |
|    london_range_pts     | 13.2        |
| time/                   |             |
|    fps                  | 60          |
|    iterations           | 80          |
|    time_elapsed         | 2728        |
|    total_timesteps      | 1238840     |
| train/                  |             |
|    approx_kl            | 0.009294812 |
|    clip_fraction        | 0.0239      |
|    clip_range           | 0.2         |
|    entropy_loss         | -0.0346     |
|    explained_variance   | 0.783       |
|    learning_rate        | 0.0003      |
|    loss                 | 0.0301      |
|    n_updates            | 6000        |
|    policy_gradient_loss | -0.0102     |
|    value_loss           | 0.104       |
-----------------------------------------
-------------------------------------------------------
| policy/                              |              |
|    ent_coef                          | 0.01         |
|    hold_rate_500                     | 0.964        |
| session/                             |              |
|    london_range_pts                  | 29.1         |
| time/                                |              |
|    fps                               | 60           |
|    iterations                        | 81           |
|    time_elapsed                      | 2758         |
|    total_timesteps                   | 1240888      |
| trade/                               |              |
|    avg_first_trade_duration_min      | 239          |
|    avg_first_trade_entry_delay_an... | 224          |
|    episode_pnl                       | 1.82         |
|    first_trade_is_ny_open_rate       | 0.273        |
|    first_trade_matches_intent_rate   | 0.727        |
|    first_trade_pnl                   | 6.52         |
|    first_trade_win_rate              | 0.818        |
|    ny_open_trade_rate                | 0.06         |
|    pnl_continuation_days             | 1.49         |
|    pnl_sweep_high_days               | 3.29         |
|    pnl_sweep_low_days                | 0            |
|    trades_per_episode                | 0.36         |
|    win_rate                          | 0.909        |
|    win_rate_continuation             | 0.133        |
|    win_rate_sweep_days               | 0.3          |
| train/                               |              |
|    approx_kl                         | 0.0069385367 |
|    clip_fraction                     | 0.0208       |
|    clip_range                        | 0.2          |
|    entropy_loss                      | -0.0272      |
|    explained_variance                | 0.768        |
|    learning_rate                     | 0.0003       |
|    loss                              | 0.0142       |
|    n_updates                         | 6010         |
|    policy_gradient_loss              | -0.00661     |
|    value_loss                        | 0.107        |
-------------------------------------------------------
-----------------------------------------
| session/                |             |
|    london_range_pts     | 30.6        |
| time/                   |             |
|    fps                  | 60          |
|    iterations           | 82          |
|    time_elapsed         | 2792        |
|    total_timesteps      | 1242936     |
| train/                  |             |
|    approx_kl            | 0.004294403 |
|    clip_fraction        | 0.0145      |
|    clip_range           | 0.2         |
|    entropy_loss         | -0.0215     |
|    explained_variance   | 0.844       |
|    learning_rate        | 0.0003      |
|    loss                 | 0.0141      |
|    n_updates            | 6020        |
|    policy_gradient_loss | -0.00462    |
|    value_loss           | 0.083       |
-----------------------------------------
------------------------------------------
| session/                |              |
|    london_range_pts     | 23           |
| time/                   |              |
|    fps                  | 60           |
|    iterations           | 83           |
|    time_elapsed         | 2824         |
|    total_timesteps      | 1244984      |
| train/                  |              |
|    approx_kl            | 0.0061035054 |
|    clip_fraction        | 0.0134       |
|    clip_range           | 0.2          |
|    entropy_loss         | -0.0142      |
|    explained_variance   | 0.828        |
|    learning_rate        | 0.0003       |
|    loss                 | -0.015       |
|    n_updates            | 6030         |
|    policy_gradient_loss | -0.00501     |
|    value_loss           | 0.0658       |
------------------------------------------
------------------------------------------------------
| policy/                              |             |
|    ent_coef                          | 0.01        |
|    hold_rate_500                     | 0.976       |
| session/                             |             |
|    london_range_pts                  | 40.8        |
| time/                                |             |
|    fps                               | 60          |
|    iterations                        | 84          |
|    time_elapsed                      | 2856        |
|    total_timesteps                   | 1247032     |
| trade/                               |             |
|    avg_first_trade_duration_min      | 175         |
|    avg_first_trade_entry_delay_an... | 274         |
|    episode_pnl                       | 2.15        |
|    first_trade_is_ny_open_rate       | 0.182       |
|    first_trade_matches_intent_rate   | 0.455       |
|    first_trade_pnl                   | 4.41        |
|    first_trade_win_rate              | 0.818       |
|    ny_open_trade_rate                | 0.04        |
|    pnl_continuation_days             | 2.44        |
|    pnl_sweep_high_days               | 0.0662      |
|    pnl_sweep_low_days                | 2.4         |
|    trades_per_episode                | 0.36        |
|    win_rate                          | 0.818       |
|    win_rate_continuation             | 0.118       |
|    win_rate_sweep_days               | 0.312       |
| train/                               |             |
|    approx_kl                         | 0.023299184 |
|    clip_fraction                     | 0.0515      |
|    clip_range                        | 0.2         |
|    entropy_loss                      | -0.0588     |
|    explained_variance                | 0.755       |
|    learning_rate                     | 0.0003      |
|    loss                              | -0.00888    |
|    n_updates                         | 6040        |
|    policy_gradient_loss              | -0.0176     |
|    value_loss                        | 0.0762      |
------------------------------------------------------
-----------------------------------------
| session/                |             |
|    london_range_pts     | 22.8        |
| time/                   |             |
|    fps                  | 60          |
|    iterations           | 85          |
|    time_elapsed         | 2889        |
|    total_timesteps      | 1249080     |
| train/                  |             |
|    approx_kl            | 0.012600048 |
|    clip_fraction        | 0.0387      |
|    clip_range           | 0.2         |
|    entropy_loss         | -0.0495     |
|    explained_variance   | 0.771       |
|    learning_rate        | 0.0003      |
|    loss                 | -0.0132     |
|    n_updates            | 6050        |
|    policy_gradient_loss | -0.0125     |
|    value_loss           | 0.101       |
-----------------------------------------
Eval num_timesteps=1250000, episode_reward=-4.85 +/- 0.33
Episode length: 35.00 +/- 0.00
------------------------------------------------------
| eval/                                |             |
|    mean_ep_length                    | 35          |
|    mean_reward                       | -4.85       |
| policy/                              |             |
|    ent_coef                          | 0.01        |
|    hold_rate_500                     | 0.955       |
| session/                             |             |
|    london_range_pts                  | 24.8        |
| time/                                |             |
|    total_timesteps                   | 1250000     |
| trade/                               |             |
|    avg_first_trade_duration_min      | 120         |
|    avg_first_trade_entry_delay_an... | 338         |
|    episode_pnl                       | 1.56        |
|    first_trade_is_ny_open_rate       | 0           |
|    first_trade_matches_intent_rate   | 0.667       |
|    first_trade_pnl                   | 4.87        |
|    first_trade_win_rate              | 0.667       |
|    ny_open_trade_rate                | 0           |
|    pnl_continuation_days             | 2.48        |
|    pnl_sweep_high_days               | -0.715      |
|    pnl_sweep_low_days                | 0           |
|    trades_per_episode                | 0.32        |
|    win_rate                          | 0.667       |
|    win_rate_continuation             | 0.147       |
|    win_rate_sweep_days               | 0.0625      |
| train/                               |             |
|    approx_kl                         | 0.012016979 |
|    clip_fraction                     | 0.0249      |
|    clip_range                        | 0.2         |
|    entropy_loss                      | -0.0317     |
|    explained_variance                | 0.849       |
|    learning_rate                     | 0.0003      |
|    loss                              | 0.012       |
|    n_updates                         | 6060        |
|    policy_gradient_loss              | -0.00806    |
|    value_loss                        | 0.0775      |
| validation/                          |             |
|    acceptance_passed                 | 0           |
|    avg_first_trade_duration_min      | 174         |
|    avg_first_trade_entry_delay_an... | 239         |
|    first_trade_is_ny_open_rate       | 0.267       |
|    first_trade_matches_intent_rate   | 0.467       |
|    first_trade_win_rate              | 60          |
|    ny_open_first_trade_win_rate      | 25          |
|    ny_open_trade_rate                | 0.0348      |
|    pnl_continuation_days             | 0.327       |
|    pnl_sweep_low_days                | 0.643       |
|    profit_factor                     | 2.31        |
|    trades_per_episode                | 0.2         |
|    win_rate                          | 43.5        |
|    win_rate_continuation             | 2.41        |
|    win_rate_sweep_days               | 25          |
------------------------------------------------------
----------------------------------
| session/            |          |
|    london_range_pts | 29.5     |
| time/               |          |
|    fps              | 59       |
|    iterations       | 86       |
|    time_elapsed     | 2969     |
|    total_timesteps  | 1251128  |
----------------------------------
-----------------------------------------
| session/                |             |
|    london_range_pts     | 40.6        |
| time/                   |             |
|    fps                  | 59          |
|    iterations           | 87          |
|    time_elapsed         | 3001        |
|    total_timesteps      | 1253176     |
| train/                  |             |
|    approx_kl            | 0.018018454 |
|    clip_fraction        | 0.0581      |
|    clip_range           | 0.2         |
|    entropy_loss         | -0.0772     |
|    explained_variance   | 0.778       |
|    learning_rate        | 0.0003      |
|    loss                 | 0.0243      |
|    n_updates            | 6070        |
|    policy_gradient_loss | -0.019      |
|    value_loss           | 0.124       |
-----------------------------------------
------------------------------------------------------
| policy/                              |             |
|    ent_coef                          | 0.01        |
|    hold_rate_500                     | 0.951       |
| session/                             |             |
|    london_range_pts                  | 44.8        |
| time/                                |             |
|    fps                               | 59          |
|    iterations                        | 88          |
|    time_elapsed                      | 3030        |
|    total_timesteps                   | 1255224     |
| trade/                               |             |
|    avg_first_trade_duration_min      | 144         |
|    avg_first_trade_entry_delay_an... | 278         |
|    episode_pnl                       | 1.58        |
|    first_trade_is_ny_open_rate       | 0.2         |
|    first_trade_matches_intent_rate   | 0.5         |
|    first_trade_pnl                   | 3.09        |
|    first_trade_win_rate              | 0.6         |
|    ny_open_trade_rate                | 0.04        |
|    pnl_continuation_days             | 1.57        |
|    pnl_sweep_high_days               | 1.17        |
|    pnl_sweep_low_days                | 1.86        |
|    trades_per_episode                | 0.34        |
|    win_rate                          | 0.7         |
|    win_rate_continuation             | 0.0968      |
|    win_rate_sweep_days               | 0.211       |
| train/                               |             |
|    approx_kl                         | 0.012043187 |
|    clip_fraction                     | 0.0327      |
|    clip_range                        | 0.2         |
|    entropy_loss                      | -0.0428     |
|    explained_variance                | 0.769       |
|    learning_rate                     | 0.0003      |
|    loss                              | 0.0054      |
|    n_updates                         | 6080        |
|    policy_gradient_loss              | -0.0105     |
|    value_loss                        | 0.117       |
------------------------------------------------------
-----------------------------------------
| session/                |             |
|    london_range_pts     | 22.6        |
| time/                   |             |
|    fps                  | 59          |
|    iterations           | 89          |
|    time_elapsed         | 3061        |
|    total_timesteps      | 1257272     |
| train/                  |             |
|    approx_kl            | 0.012568831 |
|    clip_fraction        | 0.0453      |
|    clip_range           | 0.2         |
|    entropy_loss         | -0.063      |
|    explained_variance   | 0.762       |
|    learning_rate        | 0.0003      |
|    loss                 | 0.0149      |
|    n_updates            | 6090        |
|    policy_gradient_loss | -0.0187     |
|    value_loss           | 0.107       |
-----------------------------------------
-----------------------------------------
| session/                |             |
|    london_range_pts     | 28.2        |
| time/                   |             |
|    fps                  | 59          |
|    iterations           | 90          |
|    time_elapsed         | 3096        |
|    total_timesteps      | 1259320     |
| train/                  |             |
|    approx_kl            | 0.011935583 |
|    clip_fraction        | 0.0283      |
|    clip_range           | 0.2         |
|    entropy_loss         | -0.0354     |
|    explained_variance   | 0.779       |
|    learning_rate        | 0.0003      |
|    loss                 | 0.0174      |
|    n_updates            | 6100        |
|    policy_gradient_loss | -0.0118     |
|    value_loss           | 0.0856      |
-----------------------------------------
-------------------------------------------------------
| policy/                              |              |
|    ent_coef                          | 0.01         |
|    hold_rate_500                     | 0.963        |
| session/                             |              |
|    london_range_pts                  | 51.5         |
| time/                                |              |
|    fps                               | 59           |
|    iterations                        | 91           |
|    time_elapsed                      | 3128         |
|    total_timesteps                   | 1261368      |
| trade/                               |              |
|    avg_first_trade_duration_min      | 275          |
|    avg_first_trade_entry_delay_an... | 210          |
|    episode_pnl                       | 0.689        |
|    first_trade_is_ny_open_rate       | 0.333        |
|    first_trade_matches_intent_rate   | 0.667        |
|    first_trade_pnl                   | 4.85         |
|    first_trade_win_rate              | 0.833        |
|    ny_open_trade_rate                | 0.04         |
|    pnl_continuation_days             | 0.568        |
|    pnl_sweep_high_days               | 2            |
|    pnl_sweep_low_days                | 0            |
|    trades_per_episode                | 0.14         |
|    win_rate                          | 0.833        |
|    win_rate_continuation             | 0.0833       |
|    win_rate_sweep_days               | 0.143        |
| train/                               |              |
|    approx_kl                         | 0.0042358907 |
|    clip_fraction                     | 0.0186       |
|    clip_range                        | 0.2          |
|    entropy_loss                      | -0.0291      |
|    explained_variance                | 0.847        |
|    learning_rate                     | 0.0003       |
|    loss                              | 0.0142       |
|    n_updates                         | 6110         |
|    policy_gradient_loss              | -0.00675     |
|    value_loss                        | 0.0776       |
-------------------------------------------------------
-----------------------------------------
| session/                |             |
|    london_range_pts     | 22.6        |
| time/                   |             |
|    fps                  | 59          |
|    iterations           | 92          |
|    time_elapsed         | 3160        |
|    total_timesteps      | 1263416     |
| train/                  |             |
|    approx_kl            | 0.017441232 |
|    clip_fraction        | 0.0641      |
|    clip_range           | 0.2         |
|    entropy_loss         | -0.0863     |
|    explained_variance   | 0.77        |
|    learning_rate        | 0.0003      |
|    loss                 | -0.00147    |
|    n_updates            | 6120        |
|    policy_gradient_loss | -0.0198     |
|    value_loss           | 0.123       |
-----------------------------------------
----------------------------------------------------
| policy/                              |           |
|    ent_coef                          | 0.01      |
|    hold_rate_500                     | 0.952     |
| session/                             |           |
|    london_range_pts                  | 38.2      |
| time/                                |           |
|    fps                               | 59        |
|    iterations                        | 93        |
|    time_elapsed                      | 3192      |
|    total_timesteps                   | 1265464   |
| trade/                               |           |
|    avg_first_trade_duration_min      | 182       |
|    avg_first_trade_entry_delay_an... | 249       |
|    episode_pnl                       | 0.928     |
|    first_trade_is_ny_open_rate       | 0.1       |
|    first_trade_matches_intent_rate   | 0.5       |
|    first_trade_pnl                   | 3.18      |
|    first_trade_win_rate              | 0.7       |
|    ny_open_trade_rate                | 0.02      |
|    pnl_continuation_days             | 0.787     |
|    pnl_sweep_high_days               | 1.3       |
|    pnl_sweep_low_days                | -0.284    |
|    trades_per_episode                | 0.32      |
|    win_rate                          | 0.8       |
|    win_rate_continuation             | 0.118     |
|    win_rate_sweep_days               | 0.25      |
| train/                               |           |
|    approx_kl                         | 0.0124515 |
|    clip_fraction                     | 0.0327    |
|    clip_range                        | 0.2       |
|    entropy_loss                      | -0.043    |
|    explained_variance                | 0.782     |
|    learning_rate                     | 0.0003    |
|    loss                              | 0.0156    |
|    n_updates                         | 6130      |
|    policy_gradient_loss              | -0.0118   |
|    value_loss                        | 0.108     |
----------------------------------------------------
-----------------------------------------
| session/                |             |
|    london_range_pts     | 25.1        |
| time/                   |             |
|    fps                  | 59          |
|    iterations           | 94          |
|    time_elapsed         | 3223        |
|    total_timesteps      | 1267512     |
| train/                  |             |
|    approx_kl            | 0.011578834 |
|    clip_fraction        | 0.0364      |
|    clip_range           | 0.2         |
|    entropy_loss         | -0.056      |
|    explained_variance   | 0.828       |
|    learning_rate        | 0.0003      |
|    loss                 | -0.0223     |
|    n_updates            | 6140        |
|    policy_gradient_loss | -0.0161     |
|    value_loss           | 0.0825      |
-----------------------------------------
-----------------------------------------
| session/                |             |
|    london_range_pts     | 23.6        |
| time/                   |             |
|    fps                  | 59          |
|    iterations           | 95          |
|    time_elapsed         | 3257        |
|    total_timesteps      | 1269560     |
| train/                  |             |
|    approx_kl            | 0.006373385 |
|    clip_fraction        | 0.0193      |
|    clip_range           | 0.2         |
|    entropy_loss         | -0.0256     |
|    explained_variance   | 0.856       |
|    learning_rate        | 0.0003      |
|    loss                 | 0.0161      |
|    n_updates            | 6150        |
|    policy_gradient_loss | -0.0032     |
|    value_loss           | 0.0672      |
-----------------------------------------
------------------------------------------------------
| policy/                              |             |
|    ent_coef                          | 0.01        |
|    hold_rate_500                     | 0.974       |
| session/                             |             |
|    london_range_pts                  | 22.6        |
| time/                                |             |
|    fps                               | 59          |
|    iterations                        | 96          |
|    time_elapsed                      | 3290        |
|    total_timesteps                   | 1271608     |
| trade/                               |             |
|    avg_first_trade_duration_min      | 170         |
|    avg_first_trade_entry_delay_an... | 248         |
|    episode_pnl                       | 1.55        |
|    first_trade_is_ny_open_rate       | 0           |
|    first_trade_matches_intent_rate   | 0.556       |
|    first_trade_pnl                   | 5.53        |
|    first_trade_win_rate              | 0.778       |
|    ny_open_trade_rate                | 0           |
|    pnl_continuation_days             | 1.93        |
|    pnl_sweep_high_days               | 0.657       |
|    pnl_sweep_low_days                | 1.93        |
|    trades_per_episode                | 0.32        |
|    win_rate                          | 0.889       |
|    win_rate_continuation             | 0.138       |
|    win_rate_sweep_days               | 0.19        |
| train/                               |             |
|    approx_kl                         | 0.008256243 |
|    clip_fraction                     | 0.0213      |
|    clip_range                        | 0.2         |
|    entropy_loss                      | -0.0277     |
|    explained_variance                | 0.714       |
|    learning_rate                     | 0.0003      |
|    loss                              | 0.0285      |
|    n_updates                         | 6160        |
|    policy_gradient_loss              | -0.00542    |
|    value_loss                        | 0.11        |
------------------------------------------------------
-----------------------------------------
| session/                |             |
|    london_range_pts     | 31.2        |
| time/                   |             |
|    fps                  | 59          |
|    iterations           | 97          |
|    time_elapsed         | 3321        |
|    total_timesteps      | 1273656     |
| train/                  |             |
|    approx_kl            | 0.013994098 |
|    clip_fraction        | 0.0461      |
|    clip_range           | 0.2         |
|    entropy_loss         | -0.0689     |
|    explained_variance   | 0.801       |
|    learning_rate        | 0.0003      |
|    loss                 | 0.0309      |
|    n_updates            | 6170        |
|    policy_gradient_loss | -0.0153     |
|    value_loss           | 0.113       |
-----------------------------------------
Eval num_timesteps=1275000, episode_reward=-3.84 +/- 1.12
Episode length: 35.00 +/- 0.00
----------------------------------------------------
| eval/                                |           |
|    mean_ep_length                    | 35        |
|    mean_reward                       | -3.84     |
| policy/                              |           |
|    ent_coef                          | 0.01      |
|    hold_rate_500                     | 0.956     |
| session/                             |           |
|    london_range_pts                  | 20        |
| time/                                |           |
|    total_timesteps                   | 1275000   |
| trade/                               |           |
|    avg_first_trade_duration_min      | 151       |
|    avg_first_trade_entry_delay_an... | 262       |
|    episode_pnl                       | 2.64      |
|    first_trade_is_ny_open_rate       | 0.167     |
|    first_trade_matches_intent_rate   | 0.333     |
|    first_trade_pnl                   | 5.69      |
|    first_trade_win_rate              | 0.833     |
|    ny_open_trade_rate                | 0.04      |
|    pnl_continuation_days             | 2.68      |
|    pnl_sweep_high_days               | 2.38      |
|    pnl_sweep_low_days                | 2.93      |
|    trades_per_episode                | 0.48      |
|    win_rate                          | 0.917     |
|    win_rate_continuation             | 0.125     |
|    win_rate_sweep_days               | 0.389     |
| train/                               |           |
|    approx_kl                         | 0.0086166 |
|    clip_fraction                     | 0.0213    |
|    clip_range                        | 0.2       |
|    entropy_loss                      | -0.0291   |
|    explained_variance                | 0.81      |
|    learning_rate                     | 0.0003    |
|    loss                              | 0.0167    |
|    n_updates                         | 6180      |
|    policy_gradient_loss              | -0.00793  |
|    value_loss                        | 0.0923    |
| validation/                          |           |
|    acceptance_passed                 | 0         |
|    avg_first_trade_duration_min      | 177       |
|    avg_first_trade_entry_delay_an... | 216       |
|    first_trade_is_ny_open_rate       | 0.294     |
|    first_trade_matches_intent_rate   | 0.529     |
|    first_trade_win_rate              | 64.7      |
|    ny_open_first_trade_win_rate      | 20        |
|    ny_open_trade_rate                | 0.0435    |
|    pnl_continuation_days             | 0.623     |
|    pnl_sweep_low_days                | 0.643     |
|    profit_factor                     | 2.11      |
|    trades_per_episode                | 0.235     |
|    win_rate                          | 37        |
|    win_rate_continuation             | 4.82      |
|    win_rate_sweep_days               | 28.1      |
----------------------------------------------------
New best mean reward!
----------------------------------
| session/            |          |
|    london_range_pts | 40.2     |
| time/               |          |
|    fps              | 58       |
|    iterations       | 98       |
|    time_elapsed     | 3410     |
|    total_timesteps  | 1275704  |
----------------------------------
-----------------------------------------
| session/                |             |
|    london_range_pts     | 48.3        |
| time/                   |             |
|    fps                  | 58          |
|    iterations           | 99          |
|    time_elapsed         | 3438        |
|    total_timesteps      | 1277752     |
| train/                  |             |
|    approx_kl            | 0.011637218 |
|    clip_fraction        | 0.0452      |
|    clip_range           | 0.2         |
|    entropy_loss         | -0.0619     |
|    explained_variance   | 0.836       |
|    learning_rate        | 0.0003      |
|    loss                 | 0.00538     |
|    n_updates            | 6190        |
|    policy_gradient_loss | -0.0141     |
|    value_loss           | 0.09        |
-----------------------------------------
-----------------------------------------
| session/                |             |
|    london_range_pts     | 15.9        |
| time/                   |             |
|    fps                  | 59          |
|    iterations           | 100         |
|    time_elapsed         | 3469        |
|    total_timesteps      | 1279800     |
| train/                  |             |
|    approx_kl            | 0.013480561 |
|    clip_fraction        | 0.0446      |
|    clip_range           | 0.2         |
|    entropy_loss         | -0.0562     |
|    explained_variance   | 0.767       |
|    learning_rate        | 0.0003      |
|    loss                 | 0.00487     |
|    n_updates            | 6200        |
|    policy_gradient_loss | -0.019      |
|    value_loss           | 0.102       |
-----------------------------------------
------------------------------------------------------
| policy/                              |             |
|    ent_coef                          | 0.01        |
|    hold_rate_500                     | 0.939       |
| session/                             |             |
|    london_range_pts                  | 35.4        |
| time/                                |             |
|    fps                               | 59          |
|    iterations                        | 101         |
|    time_elapsed                      | 3500        |
|    total_timesteps                   | 1281848     |
| trade/                               |             |
|    avg_first_trade_duration_min      | 83.8        |
|    avg_first_trade_entry_delay_an... | 334         |
|    episode_pnl                       | 2.16        |
|    first_trade_is_ny_open_rate       | 0.0833      |
|    first_trade_matches_intent_rate   | 0.5         |
|    first_trade_pnl                   | 2.11        |
|    first_trade_win_rate              | 0.667       |
|    ny_open_trade_rate                | 0.02        |
|    pnl_continuation_days             | 2.59        |
|    pnl_sweep_high_days               | 1.58        |
|    pnl_sweep_low_days                | -1.09       |
|    trades_per_episode                | 0.38        |
|    win_rate                          | 0.75        |
|    win_rate_continuation             | 0.143       |
|    win_rate_sweep_days               | 0.267       |
| train/                               |             |
|    approx_kl                         | 0.019333163 |
|    clip_fraction                     | 0.0593      |
|    clip_range                        | 0.2         |
|    entropy_loss                      | -0.0778     |
|    explained_variance                | 0.837       |
|    learning_rate                     | 0.0003      |
|    loss                              | 0.00893     |
|    n_updates                         | 6210        |
|    policy_gradient_loss              | -0.0197     |
|    value_loss                        | 0.1         |
------------------------------------------------------
----------------------------------------
| session/                |            |
|    london_range_pts     | 35.2       |
| time/                   |            |
|    fps                  | 59         |
|    iterations           | 102        |
|    time_elapsed         | 3532       |
|    total_timesteps      | 1283896    |
| train/                  |            |
|    approx_kl            | 0.01261307 |
|    clip_fraction        | 0.0422     |
|    clip_range           | 0.2        |
|    entropy_loss         | -0.0586    |
|    explained_variance   | 0.818      |
|    learning_rate        | 0.0003     |
|    loss                 | -0.012     |
|    n_updates            | 6220       |
|    policy_gradient_loss | -0.0133    |
|    value_loss           | 0.1        |
----------------------------------------
------------------------------------------------------
| policy/                              |             |
|    ent_coef                          | 0.01        |
|    hold_rate_500                     | 0.951       |
| session/                             |             |
|    london_range_pts                  | 33.8        |
| time/                                |             |
|    fps                               | 59          |
|    iterations                        | 103         |
|    time_elapsed                      | 3562        |
|    total_timesteps                   | 1285944     |
| trade/                               |             |
|    avg_first_trade_duration_min      | 225         |
|    avg_first_trade_entry_delay_an... | 193         |
|    episode_pnl                       | 1.55        |
|    first_trade_is_ny_open_rate       | 0.143       |
|    first_trade_matches_intent_rate   | 0.571       |
|    first_trade_pnl                   | 5.74        |
|    first_trade_win_rate              | 0.571       |
|    ny_open_trade_rate                | 0.02        |
|    pnl_continuation_days             | 1.55        |
|    pnl_sweep_high_days               | 1.97        |
|    pnl_sweep_low_days                | 1.13        |
|    trades_per_episode                | 0.24        |
|    win_rate                          | 1           |
|    win_rate_continuation             | 0.132       |
|    win_rate_sweep_days               | 0.167       |
| train/                               |             |
|    approx_kl                         | 0.011442952 |
|    clip_fraction                     | 0.0395      |
|    clip_range                        | 0.2         |
|    entropy_loss                      | -0.0565     |
|    explained_variance                | 0.811       |
|    learning_rate                     | 0.0003      |
|    loss                              | 0.00851     |
|    n_updates                         | 6230        |
|    policy_gradient_loss              | -0.0136     |
|    value_loss                        | 0.109       |
------------------------------------------------------
-----------------------------------------
| session/                |             |
|    london_range_pts     | 31.4        |
| time/                   |             |
|    fps                  | 59          |
|    iterations           | 104         |
|    time_elapsed         | 3589        |
|    total_timesteps      | 1287992     |
| train/                  |             |
|    approx_kl            | 0.005443087 |
|    clip_fraction        | 0.0204      |
|    clip_range           | 0.2         |
|    entropy_loss         | -0.0285     |
|    explained_variance   | 0.802       |
|    learning_rate        | 0.0003      |
|    loss                 | 0.0188      |
|    n_updates            | 6240        |
|    policy_gradient_loss | -0.00864    |
|    value_loss           | 0.0962      |
-----------------------------------------
------------------------------------------------------
| policy/                              |             |
|    ent_coef                          | 0.01        |
|    hold_rate_500                     | 0.955       |
| session/                             |             |
|    london_range_pts                  | 32.9        |
| time/                                |             |
|    fps                               | 59          |
|    iterations                        | 105         |
|    time_elapsed                      | 3618        |
|    total_timesteps                   | 1290040     |
| trade/                               |             |
|    avg_first_trade_duration_min      | 180         |
|    avg_first_trade_entry_delay_an... | 187         |
|    episode_pnl                       | 0.59        |
|    first_trade_is_ny_open_rate       | 0.444       |
|    first_trade_matches_intent_rate   | 0.778       |
|    first_trade_pnl                   | 3.1         |
|    first_trade_win_rate              | 0.778       |
|    ny_open_trade_rate                | 0.08        |
|    pnl_continuation_days             | 0.648       |
|    pnl_sweep_high_days               | 0.556       |
|    pnl_sweep_low_days                | 0.442       |
|    trades_per_episode                | 0.26        |
|    win_rate                          | 0.778       |
|    win_rate_continuation             | 0.133       |
|    win_rate_sweep_days               | 0.15        |
| train/                               |             |
|    approx_kl                         | 0.012999562 |
|    clip_fraction                     | 0.0469      |
|    clip_range                        | 0.2         |
|    entropy_loss                      | -0.0659     |
|    explained_variance                | 0.791       |
|    learning_rate                     | 0.0003      |
|    loss                              | 0.0116      |
|    n_updates                         | 6250        |
|    policy_gradient_loss              | -0.0162     |
|    value_loss                        | 0.108       |
------------------------------------------------------
-----------------------------------------
| session/                |             |
|    london_range_pts     | 20          |
| time/                   |             |
|    fps                  | 59          |
|    iterations           | 106         |
|    time_elapsed         | 3646        |
|    total_timesteps      | 1292088     |
| train/                  |             |
|    approx_kl            | 0.011303987 |
|    clip_fraction        | 0.0336      |
|    clip_range           | 0.2         |
|    entropy_loss         | -0.0456     |
|    explained_variance   | 0.752       |
|    learning_rate        | 0.0003      |
|    loss                 | -0.0188     |
|    n_updates            | 6260        |
|    policy_gradient_loss | -0.0152     |
|    value_loss           | 0.121       |
-----------------------------------------
------------------------------------------
| session/                |              |
|    london_range_pts     | 21.5         |
| time/                   |              |
|    fps                  | 59           |
|    iterations           | 107          |
|    time_elapsed         | 3676         |
|    total_timesteps      | 1294136      |
| train/                  |              |
|    approx_kl            | 0.0059306687 |
|    clip_fraction        | 0.025        |
|    clip_range           | 0.2          |
|    entropy_loss         | -0.0339      |
|    explained_variance   | 0.808        |
|    learning_rate        | 0.0003       |
|    loss                 | 0.0129       |
|    n_updates            | 6270         |
|    policy_gradient_loss | -0.00734     |
|    value_loss           | 0.0885       |
------------------------------------------
------------------------------------------------------
| policy/                              |             |
|    ent_coef                          | 0.01        |
|    hold_rate_500                     | 0.963       |
| session/                             |             |
|    london_range_pts                  | 23.1        |
| time/                                |             |
|    fps                               | 59          |
|    iterations                        | 108         |
|    time_elapsed                      | 3703        |
|    total_timesteps                   | 1296184     |
| trade/                               |             |
|    avg_first_trade_duration_min      | 201         |
|    avg_first_trade_entry_delay_an... | 238         |
|    episode_pnl                       | 0.815       |
|    first_trade_is_ny_open_rate       | 0.125       |
|    first_trade_matches_intent_rate   | 0.5         |
|    first_trade_pnl                   | 3.55        |
|    first_trade_win_rate              | 0.625       |
|    ny_open_trade_rate                | 0.02        |
|    pnl_continuation_days             | 1.21        |
|    pnl_sweep_high_days               | -0.649      |
|    pnl_sweep_low_days                | 1.01        |
|    trades_per_episode                | 0.28        |
|    win_rate                          | 0.75        |
|    win_rate_continuation             | 0.0857      |
|    win_rate_sweep_days               | 0.2         |
| train/                               |             |
|    approx_kl                         | 0.008029574 |
|    clip_fraction                     | 0.0348      |
|    clip_range                        | 0.2         |
|    entropy_loss                      | -0.0437     |
|    explained_variance                | 0.789       |
|    learning_rate                     | 0.0003      |
|    loss                              | 0.008       |
|    n_updates                         | 6280        |
|    policy_gradient_loss              | -0.0119     |
|    value_loss                        | 0.0766      |
------------------------------------------------------
-----------------------------------------
| session/                |             |
|    london_range_pts     | 44.3        |
| time/                   |             |
|    fps                  | 59          |
|    iterations           | 109         |
|    time_elapsed         | 3730        |
|    total_timesteps      | 1298232     |
| train/                  |             |
|    approx_kl            | 0.009113584 |
|    clip_fraction        | 0.035       |
|    clip_range           | 0.2         |
|    entropy_loss         | -0.0488     |
|    explained_variance   | 0.855       |
|    learning_rate        | 0.0003      |
|    loss                 | -0.00412    |
|    n_updates            | 6290        |
|    policy_gradient_loss | -0.0123     |
|    value_loss           | 0.075       |
-----------------------------------------
Eval num_timesteps=1300000, episode_reward=-3.00 +/- 1.39
Episode length: 35.00 +/- 0.00
-------------------------------------------------------
| eval/                                |              |
|    mean_ep_length                    | 35           |
|    mean_reward                       | -3           |
| policy/                              |              |
|    ent_coef                          | 0.01         |
|    hold_rate_500                     | 0.959        |
| session/                             |              |
|    london_range_pts                  | 42.1         |
| time/                                |              |
|    total_timesteps                   | 1300000      |
| trade/                               |              |
|    avg_first_trade_duration_min      | 133          |
|    avg_first_trade_entry_delay_an... | 240          |
|    episode_pnl                       | 1.75         |
|    first_trade_is_ny_open_rate       | 0.222        |
|    first_trade_matches_intent_rate   | 0.444        |
|    first_trade_pnl                   | 3.78         |
|    first_trade_win_rate              | 0.667        |
|    ny_open_trade_rate                | 0.04         |
|    pnl_continuation_days             | 2.35         |
|    pnl_sweep_high_days               | 0.755        |
|    pnl_sweep_low_days                | 0.276        |
|    trades_per_episode                | 0.36         |
|    win_rate                          | 0.778        |
|    win_rate_continuation             | 0.152        |
|    win_rate_sweep_days               | 0.118        |
| train/                               |              |
|    approx_kl                         | 0.0060996227 |
|    clip_fraction                     | 0.0288       |
|    clip_range                        | 0.2          |
|    entropy_loss                      | -0.0449      |
|    explained_variance                | 0.821        |
|    learning_rate                     | 0.0003       |
|    loss                              | 0.000884     |
|    n_updates                         | 6300         |
|    policy_gradient_loss              | -0.0122      |
|    value_loss                        | 0.0859       |
| validation/                          |              |
|    acceptance_passed                 | 0            |
|    avg_first_trade_duration_min      | 176          |
|    avg_first_trade_entry_delay_an... | 215          |
|    first_trade_is_ny_open_rate       | 0.294        |
|    first_trade_matches_intent_rate   | 0.529        |
|    first_trade_win_rate              | 64.7         |
|    ny_open_first_trade_win_rate      | 20           |
|    ny_open_trade_rate                | 0.0435       |
|    pnl_continuation_days             | 0.633        |
|    pnl_sweep_low_days                | 0.643        |
|    profit_factor                     | 1.72         |
|    trades_per_episode                | 0.235        |
|    win_rate                          | 33.3         |
|    win_rate_continuation             | 4.82         |
|    win_rate_sweep_days               | 28.1         |
-------------------------------------------------------
New best mean reward!
----------------------------------
| session/            |          |
|    london_range_pts | 55.2     |
| time/               |          |
|    fps              | 59       |
|    iterations       | 110      |
|    time_elapsed     | 3813     |
|    total_timesteps  | 1300280  |
----------------------------------
-----------------------------------------
| session/                |             |
|    london_range_pts     | 25.9        |
| time/                   |             |
|    fps                  | 59          |
|    iterations           | 111         |
|    time_elapsed         | 3842        |
|    total_timesteps      | 1302328     |
| train/                  |             |
|    approx_kl            | 0.011905213 |
|    clip_fraction        | 0.0475      |
|    clip_range           | 0.2         |
|    entropy_loss         | -0.0721     |
|    explained_variance   | 0.828       |
|    learning_rate        | 0.0003      |
|    loss                 | -0.00888    |
|    n_updates            | 6310        |
|    policy_gradient_loss | -0.0167     |
|    value_loss           | 0.111       |
-----------------------------------------
-----------------------------------------
| session/                |             |
|    london_range_pts     | 20.8        |
| time/                   |             |
|    fps                  | 59          |
|    iterations           | 112         |
|    time_elapsed         | 3872        |
|    total_timesteps      | 1304376     |
| train/                  |             |
|    approx_kl            | 0.012150769 |
|    clip_fraction        | 0.0456      |
|    clip_range           | 0.2         |
|    entropy_loss         | -0.0669     |
|    explained_variance   | 0.59        |
|    learning_rate        | 0.0003      |
|    loss                 | -0.0054     |
|    n_updates            | 6320        |
|    policy_gradient_loss | -0.0156     |
|    value_loss           | 0.111       |
-----------------------------------------
------------------------------------------------------
| policy/                              |             |
|    ent_coef                          | 0.01        |
|    hold_rate_500                     | 0.948       |
| session/                             |             |
|    london_range_pts                  | 39.8        |
| time/                                |             |
|    fps                               | 59          |
|    iterations                        | 113         |
|    time_elapsed                      | 3901        |
|    total_timesteps                   | 1306424     |
| trade/                               |             |
|    avg_first_trade_duration_min      | 195         |
|    avg_first_trade_entry_delay_an... | 135         |
|    episode_pnl                       | 1.41        |
|    first_trade_is_ny_open_rate       | 0.4         |
|    first_trade_matches_intent_rate   | 0.4         |
|    first_trade_pnl                   | 6.17        |
|    first_trade_win_rate              | 1           |
|    ny_open_trade_rate                | 0.04        |
|    pnl_continuation_days             | 1.1         |
|    pnl_sweep_high_days               | 0           |
|    pnl_sweep_low_days                | 6.36        |
|    trades_per_episode                | 0.18        |
|    win_rate                          | 1           |
|    win_rate_continuation             | 0.0732      |
|    win_rate_sweep_days               | 0.222       |
| train/                               |             |
|    approx_kl                         | 0.010612639 |
|    clip_fraction                     | 0.0376      |
|    clip_range                        | 0.2         |
|    entropy_loss                      | -0.0499     |
|    explained_variance                | 0.831       |
|    learning_rate                     | 0.0003      |
|    loss                              | 0.0169      |
|    n_updates                         | 6330        |
|    policy_gradient_loss              | -0.0145     |
|    value_loss                        | 0.0871      |
------------------------------------------------------
-----------------------------------------
| session/                |             |
|    london_range_pts     | 21.4        |
| time/                   |             |
|    fps                  | 59          |
|    iterations           | 114         |
|    time_elapsed         | 3934        |
|    total_timesteps      | 1308472     |
| train/                  |             |
|    approx_kl            | 0.007844225 |
|    clip_fraction        | 0.0359      |
|    clip_range           | 0.2         |
|    entropy_loss         | -0.0499     |
|    explained_variance   | 0.836       |
|    learning_rate        | 0.0003      |
|    loss                 | 0.0208      |
|    n_updates            | 6340        |
|    policy_gradient_loss | -0.00932    |
|    value_loss           | 0.0882      |
-----------------------------------------
-------------------------------------------------------
| policy/                              |              |
|    ent_coef                          | 0.01         |
|    hold_rate_500                     | 0.944        |
| session/                             |              |
|    london_range_pts                  | 24.1         |
| time/                                |              |
|    fps                               | 59           |
|    iterations                        | 115          |
|    time_elapsed                      | 3963         |
|    total_timesteps                   | 1310520      |
| trade/                               |              |
|    avg_first_trade_duration_min      | 138          |
|    avg_first_trade_entry_delay_an... | 267          |
|    episode_pnl                       | 0.848        |
|    first_trade_is_ny_open_rate       | 0            |
|    first_trade_matches_intent_rate   | 0.545        |
|    first_trade_pnl                   | 1.45         |
|    first_trade_win_rate              | 0.545        |
|    ny_open_trade_rate                | 0            |
|    pnl_continuation_days             | 0.559        |
|    pnl_sweep_high_days               | 1.28         |
|    pnl_sweep_low_days                | 0.759        |
|    trades_per_episode                | 0.34         |
|    win_rate                          | 0.545        |
|    win_rate_continuation             | 0.0625       |
|    win_rate_sweep_days               | 0.222        |
| train/                               |              |
|    approx_kl                         | 0.0056384876 |
|    clip_fraction                     | 0.0335       |
|    clip_range                        | 0.2          |
|    entropy_loss                      | -0.0523      |
|    explained_variance                | 0.751        |
|    learning_rate                     | 0.0003       |
|    loss                              | 0.0203       |
|    n_updates                         | 6350         |
|    policy_gradient_loss              | -0.0131      |
|    value_loss                        | 0.103        |
-------------------------------------------------------
-----------------------------------------
| session/                |             |
|    london_range_pts     | 15          |
| time/                   |             |
|    fps                  | 59          |
|    iterations           | 116         |
|    time_elapsed         | 4003        |
|    total_timesteps      | 1312568     |
| train/                  |             |
|    approx_kl            | 0.011039862 |
|    clip_fraction        | 0.0436      |
|    clip_range           | 0.2         |
|    entropy_loss         | -0.0646     |
|    explained_variance   | 0.798       |
|    learning_rate        | 0.0003      |
|    loss                 | 0.0217      |
|    n_updates            | 6360        |
|    policy_gradient_loss | -0.0185     |
|    value_loss           | 0.0896      |
-----------------------------------------
-----------------------------------------
| session/                |             |
|    london_range_pts     | 24.6        |
| time/                   |             |
|    fps                  | 59          |
|    iterations           | 117         |
|    time_elapsed         | 4034        |
|    total_timesteps      | 1314616     |
| train/                  |             |
|    approx_kl            | 0.010829035 |
|    clip_fraction        | 0.0547      |
|    clip_range           | 0.2         |
|    entropy_loss         | -0.0836     |
|    explained_variance   | 0.775       |
|    learning_rate        | 0.0003      |
|    loss                 | 0.00917     |
|    n_updates            | 6370        |
|    policy_gradient_loss | -0.0213     |
|    value_loss           | 0.103       |
-----------------------------------------
-------------------------------------------------------
| policy/                              |              |
|    ent_coef                          | 0.01         |
|    hold_rate_500                     | 0.932        |
| session/                             |              |
|    london_range_pts                  | 33.5         |
| time/                                |              |
|    fps                               | 59           |
|    iterations                        | 118          |
|    time_elapsed                      | 4068         |
|    total_timesteps                   | 1316664      |
| trade/                               |              |
|    avg_first_trade_duration_min      | 178          |
|    avg_first_trade_entry_delay_an... | 302          |
|    episode_pnl                       | 1.09         |
|    first_trade_is_ny_open_rate       | 0            |
|    first_trade_matches_intent_rate   | 0.429        |
|    first_trade_pnl                   | 4.3          |
|    first_trade_win_rate              | 0.571        |
|    ny_open_trade_rate                | 0            |
|    pnl_continuation_days             | 1.06         |
|    pnl_sweep_high_days               | 2.58         |
|    pnl_sweep_low_days                | 0            |
|    trades_per_episode                | 0.18         |
|    win_rate                          | 0.714        |
|    win_rate_continuation             | 0.0882       |
|    win_rate_sweep_days               | 0.125        |
| train/                               |              |
|    approx_kl                         | 0.0119032115 |
|    clip_fraction                     | 0.0542       |
|    clip_range                        | 0.2          |
|    entropy_loss                      | -0.0848      |
|    explained_variance                | 0.825        |
|    learning_rate                     | 0.0003       |
|    loss                              | 0.00474      |
|    n_updates                         | 6380         |
|    policy_gradient_loss              | -0.015       |
|    value_loss                        | 0.11         |
-------------------------------------------------------
-----------------------------------------
| session/                |             |
|    london_range_pts     | 16.3        |
| time/                   |             |
|    fps                  | 59          |
|    iterations           | 119         |
|    time_elapsed         | 4096        |
|    total_timesteps      | 1318712     |
| train/                  |             |
|    approx_kl            | 0.013592379 |
|    clip_fraction        | 0.0629      |
|    clip_range           | 0.2         |
|    entropy_loss         | -0.0922     |
|    explained_variance   | 0.83        |
|    learning_rate        | 0.0003      |
|    loss                 | 0.0151      |
|    n_updates            | 6390        |
|    policy_gradient_loss | -0.0183     |
|    value_loss           | 0.131       |
-----------------------------------------
-------------------------------------------------------
| policy/                              |              |
|    ent_coef                          | 0.01         |
|    hold_rate_500                     | 0.953        |
| session/                             |              |
|    london_range_pts                  | 22.9         |
| time/                                |              |
|    fps                               | 59           |
|    iterations                        | 120          |
|    time_elapsed                      | 4123         |
|    total_timesteps                   | 1320760      |
| trade/                               |              |
|    avg_first_trade_duration_min      | 150          |
|    avg_first_trade_entry_delay_an... | 228          |
|    episode_pnl                       | 1.52         |
|    first_trade_is_ny_open_rate       | 0.3          |
|    first_trade_matches_intent_rate   | 0.4          |
|    first_trade_pnl                   | 3.87         |
|    first_trade_win_rate              | 0.8          |
|    ny_open_trade_rate                | 0.06         |
|    pnl_continuation_days             | 1.41         |
|    pnl_sweep_high_days               | 3.4          |
|    pnl_sweep_low_days                | -0.362       |
|    trades_per_episode                | 0.4          |
|    win_rate                          | 0.8          |
|    win_rate_continuation             | 0.0938       |
|    win_rate_sweep_days               | 0.278        |
| train/                               |              |
|    approx_kl                         | 0.0031316362 |
|    clip_fraction                     | 0.0141       |
|    clip_range                        | 0.2          |
|    entropy_loss                      | -0.0189      |
|    explained_variance                | 0.841        |
|    learning_rate                     | 0.0003       |
|    loss                              | 0.0128       |
|    n_updates                         | 6400         |
|    policy_gradient_loss              | -0.00524     |
|    value_loss                        | 0.0702       |
-------------------------------------------------------
-----------------------------------------
| session/                |             |
|    london_range_pts     | 20          |
| time/                   |             |
|    fps                  | 59          |
|    iterations           | 121         |
|    time_elapsed         | 4152        |
|    total_timesteps      | 1322808     |
| train/                  |             |
|    approx_kl            | 0.012015973 |
|    clip_fraction        | 0.0382      |
|    clip_range           | 0.2         |
|    entropy_loss         | -0.0608     |
|    explained_variance   | 0.799       |
|    learning_rate        | 0.0003      |
|    loss                 | 0.0262      |
|    n_updates            | 6410        |
|    policy_gradient_loss | -0.0146     |
|    value_loss           | 0.111       |
-----------------------------------------
-----------------------------------------
| session/                |             |
|    london_range_pts     | 38.3        |
| time/                   |             |
|    fps                  | 59          |
|    iterations           | 122         |
|    time_elapsed         | 4182        |
|    total_timesteps      | 1324856     |
| train/                  |             |
|    approx_kl            | 0.012174894 |
|    clip_fraction        | 0.0435      |
|    clip_range           | 0.2         |
|    entropy_loss         | -0.0623     |
|    explained_variance   | 0.792       |
|    learning_rate        | 0.0003      |
|    loss                 | 0.00171     |
|    n_updates            | 6420        |
|    policy_gradient_loss | -0.0148     |
|    value_loss           | 0.0967      |
-----------------------------------------
Eval num_timesteps=1325000, episode_reward=-3.49 +/- 0.77
Episode length: 35.00 +/- 0.00
------------------------------------------------------
| eval/                                |             |
|    mean_ep_length                    | 35          |
|    mean_reward                       | -3.49       |
| policy/                              |             |
|    ent_coef                          | 0.01        |
|    hold_rate_500                     | 0.947       |
| session/                             |             |
|    london_range_pts                  | 21.5        |
| time/                                |             |
|    total_timesteps                   | 1325000     |
| trade/                               |             |
|    avg_first_trade_duration_min      | 80.4        |
|    avg_first_trade_entry_delay_an... | 319         |
|    episode_pnl                       | 1.34        |
|    first_trade_is_ny_open_rate       | 0           |
|    first_trade_matches_intent_rate   | 0.357       |
|    first_trade_pnl                   | 2.04        |
|    first_trade_win_rate              | 0.571       |
|    ny_open_trade_rate                | 0           |
|    pnl_continuation_days             | 0.972       |
|    pnl_sweep_high_days               | 1.7         |
|    pnl_sweep_low_days                | 2.61        |
|    trades_per_episode                | 0.48        |
|    win_rate                          | 0.786       |
|    win_rate_continuation             | 0.143       |
|    win_rate_sweep_days               | 0.4         |
| train/                               |             |
|    approx_kl                         | 0.015919786 |
|    clip_fraction                     | 0.0523      |
|    clip_range                        | 0.2         |
|    entropy_loss                      | -0.0706     |
|    explained_variance                | 0.781       |
|    learning_rate                     | 0.0003      |
|    loss                              | 0.00508     |
|    n_updates                         | 6430        |
|    policy_gradient_loss              | -0.0178     |
|    value_loss                        | 0.115       |
| validation/                          |             |
|    acceptance_passed                 | 0           |
|    avg_first_trade_duration_min      | 169         |
|    avg_first_trade_entry_delay_an... | 227         |
|    first_trade_is_ny_open_rate       | 0.25        |
|    first_trade_matches_intent_rate   | 0.5         |
|    first_trade_win_rate              | 62.5        |
|    ny_open_first_trade_win_rate      | 25          |
|    ny_open_trade_rate                | 0.0348      |
|    pnl_continuation_days             | 0.444       |
|    pnl_sweep_low_days                | 0.643       |
|    profit_factor                     | 1.69        |
|    trades_per_episode                | 0.217       |
|    win_rate                          | 32          |
|    win_rate_continuation             | 3.61        |
|    win_rate_sweep_days               | 25          |
------------------------------------------------------
----------------------------------
| session/            |          |
|    london_range_pts | 36.5     |
| time/               |          |
|    fps              | 59       |
|    iterations       | 123      |
|    time_elapsed     | 4250     |
|    total_timesteps  | 1326904  |
----------------------------------
-----------------------------------------
| session/                |             |
|    london_range_pts     | 26.5        |
| time/                   |             |
|    fps                  | 59          |
|    iterations           | 124         |
|    time_elapsed         | 4279        |
|    total_timesteps      | 1328952     |
| train/                  |             |
|    approx_kl            | 0.007966567 |
|    clip_fraction        | 0.0366      |
|    clip_range           | 0.2         |
|    entropy_loss         | -0.0551     |
|    explained_variance   | 0.825       |
|    learning_rate        | 0.0003      |
|    loss                 | 0.0101      |
|    n_updates            | 6440        |
|    policy_gradient_loss | -0.0123     |
|    value_loss           | 0.0785      |
-----------------------------------------
-------------------------------------------------------
| policy/                              |              |
|    ent_coef                          | 0.01         |
|    hold_rate_500                     | 0.959        |
| session/                             |              |
|    london_range_pts                  | 27.5         |
| time/                                |              |
|    fps                               | 59           |
|    iterations                        | 125          |
|    time_elapsed                      | 4308         |
|    total_timesteps                   | 1331000      |
| trade/                               |              |
|    avg_first_trade_duration_min      | 141          |
|    avg_first_trade_entry_delay_an... | 268          |
|    episode_pnl                       | 1.48         |
|    first_trade_is_ny_open_rate       | 0.125        |
|    first_trade_matches_intent_rate   | 0.5          |
|    first_trade_pnl                   | 3.24         |
|    first_trade_win_rate              | 0.75         |
|    ny_open_trade_rate                | 0.02         |
|    pnl_continuation_days             | 1.92         |
|    pnl_sweep_high_days               | 1.15         |
|    pnl_sweep_low_days                | 0.542        |
|    trades_per_episode                | 0.32         |
|    win_rate                          | 0.875        |
|    win_rate_continuation             | 0.103        |
|    win_rate_sweep_days               | 0.19         |
| train/                               |              |
|    approx_kl                         | 0.0052376296 |
|    clip_fraction                     | 0.0279       |
|    clip_range                        | 0.2          |
|    entropy_loss                      | -0.0337      |
|    explained_variance                | 0.717        |
|    learning_rate                     | 0.0003       |
|    loss                              | 0.000144     |
|    n_updates                         | 6450         |
|    policy_gradient_loss              | -0.014       |
|    value_loss                        | 0.071        |
-------------------------------------------------------
-----------------------------------------
| session/                |             |
|    london_range_pts     | 50          |
| time/                   |             |
|    fps                  | 59          |
|    iterations           | 126         |
|    time_elapsed         | 4335        |
|    total_timesteps      | 1333048     |
| train/                  |             |
|    approx_kl            | 0.011998991 |
|    clip_fraction        | 0.0473      |
|    clip_range           | 0.2         |
|    entropy_loss         | -0.0618     |
|    explained_variance   | 0.809       |
|    learning_rate        | 0.0003      |
|    loss                 | 0.0053      |
|    n_updates            | 6460        |
|    policy_gradient_loss | -0.0155     |
|    value_loss           | 0.0854      |
-----------------------------------------
-----------------------------------------------------
| policy/                              |            |
|    ent_coef                          | 0.01       |
|    hold_rate_500                     | 0.955      |
| session/                             |            |
|    london_range_pts                  | 27.4       |
| time/                                |            |
|    fps                               | 59         |
|    iterations                        | 127        |
|    time_elapsed                      | 4365       |
|    total_timesteps                   | 1335096    |
| trade/                               |            |
|    avg_first_trade_duration_min      | 199        |
|    avg_first_trade_entry_delay_an... | 176        |
|    episode_pnl                       | 0.97       |
|    first_trade_is_ny_open_rate       | 0.286      |
|    first_trade_matches_intent_rate   | 0.286      |
|    first_trade_pnl                   | 2.29       |
|    first_trade_win_rate              | 0.714      |
|    ny_open_trade_rate                | 0.04       |
|    pnl_continuation_days             | 1.5        |
|    pnl_sweep_high_days               | 0.0388     |
|    pnl_sweep_low_days                | 0          |
|    trades_per_episode                | 0.24       |
|    win_rate                          | 0.714      |
|    win_rate_continuation             | 0.125      |
|    win_rate_sweep_days               | 0.0556     |
| train/                               |            |
|    approx_kl                         | 0.01896104 |
|    clip_fraction                     | 0.0507     |
|    clip_range                        | 0.2        |
|    entropy_loss                      | -0.0573    |
|    explained_variance                | 0.829      |
|    learning_rate                     | 0.0003     |
|    loss                              | -0.0256    |
|    n_updates                         | 6470       |
|    policy_gradient_loss              | -0.0197    |
|    value_loss                        | 0.0641     |
-----------------------------------------------------
-----------------------------------------
| session/                |             |
|    london_range_pts     | 26.2        |
| time/                   |             |
|    fps                  | 59          |
|    iterations           | 128         |
|    time_elapsed         | 4396        |
|    total_timesteps      | 1337144     |
| train/                  |             |
|    approx_kl            | 0.005724964 |
|    clip_fraction        | 0.0241      |
|    clip_range           | 0.2         |
|    entropy_loss         | -0.0349     |
|    explained_variance   | 0.817       |
|    learning_rate        | 0.0003      |
|    loss                 | 0.014       |
|    n_updates            | 6480        |
|    policy_gradient_loss | -0.00564    |
|    value_loss           | 0.0688      |
-----------------------------------------
-----------------------------------------
| session/                |             |
|    london_range_pts     | 27.4        |
| time/                   |             |
|    fps                  | 59          |
|    iterations           | 129         |
|    time_elapsed         | 4426        |
|    total_timesteps      | 1339192     |
| train/                  |             |
|    approx_kl            | 0.011949269 |
|    clip_fraction        | 0.0396      |
|    clip_range           | 0.2         |
|    entropy_loss         | -0.0485     |
|    explained_variance   | 0.804       |
|    learning_rate        | 0.0003      |
|    loss                 | 0.011       |
|    n_updates            | 6490        |
|    policy_gradient_loss | -0.0166     |
|    value_loss           | 0.0843      |
-----------------------------------------
-----------------------------------------------------
| policy/                              |            |
|    ent_coef                          | 0.01       |
|    hold_rate_500                     | 0.956      |
| session/                             |            |
|    london_range_pts                  | 25.3       |
| time/                                |            |
|    fps                               | 59         |
|    iterations                        | 130        |
|    time_elapsed                      | 4457       |
|    total_timesteps                   | 1341240    |
| trade/                               |            |
|    avg_first_trade_duration_min      | 110        |
|    avg_first_trade_entry_delay_an... | 280        |
|    episode_pnl                       | 0.813      |
|    first_trade_is_ny_open_rate       | 0.0769     |
|    first_trade_matches_intent_rate   | 0.769      |
|    first_trade_pnl                   | 1.46       |
|    first_trade_win_rate              | 0.538      |
|    ny_open_trade_rate                | 0.02       |
|    pnl_continuation_days             | 0.786      |
|    pnl_sweep_high_days               | 1.02       |
|    pnl_sweep_low_days                | 0.539      |
|    trades_per_episode                | 0.5        |
|    win_rate                          | 0.615      |
|    win_rate_continuation             | 0.0938     |
|    win_rate_sweep_days               | 0.278      |
| train/                               |            |
|    approx_kl                         | 0.01181321 |
|    clip_fraction                     | 0.0505     |
|    clip_range                        | 0.2        |
|    entropy_loss                      | -0.0644    |
|    explained_variance                | 0.842      |
|    learning_rate                     | 0.0003     |
|    loss                              | 0.00134    |
|    n_updates                         | 6500       |
|    policy_gradient_loss              | -0.0155    |
|    value_loss                        | 0.0706     |
-----------------------------------------------------
-----------------------------------------
| session/                |             |
|    london_range_pts     | 39.2        |
| time/                   |             |
|    fps                  | 59          |
|    iterations           | 131         |
|    time_elapsed         | 4486        |
|    total_timesteps      | 1343288     |
| train/                  |             |
|    approx_kl            | 0.011071604 |
|    clip_fraction        | 0.0366      |
|    clip_range           | 0.2         |
|    entropy_loss         | -0.0533     |
|    explained_variance   | 0.762       |
|    learning_rate        | 0.0003      |
|    loss                 | 0.00998     |
|    n_updates            | 6510        |
|    policy_gradient_loss | -0.014      |
|    value_loss           | 0.0915      |
-----------------------------------------
------------------------------------------------------
| policy/                              |             |
|    ent_coef                          | 0.01        |
|    hold_rate_500                     | 0.952       |
| session/                             |             |
|    london_range_pts                  | 24.2        |
| time/                                |             |
|    fps                               | 59          |
|    iterations                        | 132         |
|    time_elapsed                      | 4515        |
|    total_timesteps                   | 1345336     |
| trade/                               |             |
|    avg_first_trade_duration_min      | 166         |
|    avg_first_trade_entry_delay_an... | 260         |
|    episode_pnl                       | 1.41        |
|    first_trade_is_ny_open_rate       | 0.2         |
|    first_trade_matches_intent_rate   | 0.4         |
|    first_trade_pnl                   | 3.17        |
|    first_trade_win_rate              | 0.7         |
|    ny_open_trade_rate                | 0.04        |
|    pnl_continuation_days             | 1.55        |
|    pnl_sweep_high_days               | 1.39        |
|    pnl_sweep_low_days                | 0.721       |
|    trades_per_episode                | 0.3         |
|    win_rate                          | 0.7         |
|    win_rate_continuation             | 0.108       |
|    win_rate_sweep_days               | 0.231       |
| train/                               |             |
|    approx_kl                         | 0.008664674 |
|    clip_fraction                     | 0.0306      |
|    clip_range                        | 0.2         |
|    entropy_loss                      | -0.0473     |
|    explained_variance                | 0.856       |
|    learning_rate                     | 0.0003      |
|    loss                              | 0.00866     |
|    n_updates                         | 6520        |
|    policy_gradient_loss              | -0.0109     |
|    value_loss                        | 0.0881      |
------------------------------------------------------
----------------------------------------
| session/                |            |
|    london_range_pts     | 30.6       |
| time/                   |            |
|    fps                  | 59         |
|    iterations           | 133        |
|    time_elapsed         | 4544       |
|    total_timesteps      | 1347384    |
| train/                  |            |
|    approx_kl            | 0.00855392 |
|    clip_fraction        | 0.0329     |
|    clip_range           | 0.2        |
|    entropy_loss         | -0.0473    |
|    explained_variance   | 0.861      |
|    learning_rate        | 0.0003     |
|    loss                 | 0.0012     |
|    n_updates            | 6530       |
|    policy_gradient_loss | -0.0103    |
|    value_loss           | 0.0707     |
----------------------------------------
-----------------------------------------
| session/                |             |
|    london_range_pts     | 14.5        |
| time/                   |             |
|    fps                  | 60          |
|    iterations           | 134         |
|    time_elapsed         | 4573        |
|    total_timesteps      | 1349432     |
| train/                  |             |
|    approx_kl            | 0.009197954 |
|    clip_fraction        | 0.0365      |
|    clip_range           | 0.2         |
|    entropy_loss         | -0.0539     |
|    explained_variance   | 0.811       |
|    learning_rate        | 0.0003      |
|    loss                 | -0.0029     |
|    n_updates            | 6540        |
|    policy_gradient_loss | -0.0144     |
|    value_loss           | 0.087       |
-----------------------------------------
Eval num_timesteps=1350000, episode_reward=-2.57 +/- 1.43
Episode length: 35.00 +/- 0.00
------------------------------------------------------
| eval/                                |             |
|    mean_ep_length                    | 35          |
|    mean_reward                       | -2.57       |
| policy/                              |             |
|    ent_coef                          | 0.01        |
|    hold_rate_500                     | 0.962       |
| session/                             |             |
|    london_range_pts                  | 29.5        |
| time/                                |             |
|    total_timesteps                   | 1350000     |
| trade/                               |             |
|    avg_first_trade_duration_min      | 169         |
|    avg_first_trade_entry_delay_an... | 204         |
|    episode_pnl                       | 0.818       |
|    first_trade_is_ny_open_rate       | 0.143       |
|    first_trade_matches_intent_rate   | 0.429       |
|    first_trade_pnl                   | 0.723       |
|    first_trade_win_rate              | 0.429       |
|    ny_open_trade_rate                | 0.02        |
|    pnl_continuation_days             | 0.608       |
|    pnl_sweep_high_days               | 0.933       |
|    pnl_sweep_low_days                | 1.64        |
|    trades_per_episode                | 0.26        |
|    win_rate                          | 0.857       |
|    win_rate_continuation             | 0.0909      |
|    win_rate_sweep_days               | 0.176       |
| train/                               |             |
|    approx_kl                         | 0.012111755 |
|    clip_fraction                     | 0.0326      |
|    clip_range                        | 0.2         |
|    entropy_loss                      | -0.0429     |
|    explained_variance                | 0.865       |
|    learning_rate                     | 0.0003      |
|    loss                              | -0.00952    |
|    n_updates                         | 6550        |
|    policy_gradient_loss              | -0.012      |
|    value_loss                        | 0.0602      |
| validation/                          |             |
|    acceptance_passed                 | 0           |
|    avg_first_trade_duration_min      | 172         |
|    avg_first_trade_entry_delay_an... | 231         |
|    first_trade_is_ny_open_rate       | 0.25        |
|    first_trade_matches_intent_rate   | 0.5         |
|    first_trade_win_rate              | 62.5        |
|    ny_open_first_trade_win_rate      | 25          |
|    ny_open_trade_rate                | 0.0348      |
|    pnl_continuation_days             | 0.516       |
|    pnl_sweep_low_days                | 0.643       |
|    profit_factor                     | 1.91        |
|    trades_per_episode                | 0.217       |
|    win_rate                          | 40          |
|    win_rate_continuation             | 3.61        |
|    win_rate_sweep_days               | 28.1        |
------------------------------------------------------
New best mean reward!
----------------------------------
| session/            |          |
|    london_range_pts | 19.5     |
| time/               |          |
|    fps              | 59       |
|    iterations       | 135      |
|    time_elapsed     | 4646     |
|    total_timesteps  | 1351480  |
----------------------------------
------------------------------------------
| session/                |              |
|    london_range_pts     | 10.9         |
| time/                   |              |
|    fps                  | 59           |
|    iterations           | 136          |
|    time_elapsed         | 4675         |
|    total_timesteps      | 1353528      |
| train/                  |              |
|    approx_kl            | 0.0038532512 |
|    clip_fraction        | 0.0146       |
|    clip_range           | 0.2          |
|    entropy_loss         | -0.0147      |
|    explained_variance   | 0.864        |
|    learning_rate        | 0.0003       |
|    loss                 | 0.00253      |
|    n_updates            | 6560         |
|    policy_gradient_loss | -0.00706     |
|    value_loss           | 0.0477       |
------------------------------------------
------------------------------------------------------
| policy/                              |             |
|    ent_coef                          | 0.01        |
|    hold_rate_500                     | 0.972       |
| session/                             |             |
|    london_range_pts                  | 40          |
| time/                                |             |
|    fps                               | 59          |
|    iterations                        | 137         |
|    time_elapsed                      | 4706        |
|    total_timesteps                   | 1355576     |
| trade/                               |             |
|    avg_first_trade_duration_min      | 142         |
|    avg_first_trade_entry_delay_an... | 306         |
|    episode_pnl                       | 1.96        |
|    first_trade_is_ny_open_rate       | 0.125       |
|    first_trade_matches_intent_rate   | 0.625       |
|    first_trade_pnl                   | 4.39        |
|    first_trade_win_rate              | 0.75        |
|    ny_open_trade_rate                | 0.02        |
|    pnl_continuation_days             | 2.8         |
|    pnl_sweep_high_days               | 0.999       |
|    pnl_sweep_low_days                | 0           |
|    trades_per_episode                | 0.28        |
|    win_rate                          | 0.75        |
|    win_rate_continuation             | 0.133       |
|    win_rate_sweep_days               | 0.1         |
| train/                               |             |
|    approx_kl                         | 0.012423009 |
|    clip_fraction                     | 0.0461      |
|    clip_range                        | 0.2         |
|    entropy_loss                      | -0.0669     |
|    explained_variance                | 0.775       |
|    learning_rate                     | 0.0003      |
|    loss                              | 0.0499      |
|    n_updates                         | 6570        |
|    policy_gradient_loss              | -0.015      |
|    value_loss                        | 0.0999      |
------------------------------------------------------
-----------------------------------------
| session/                |             |
|    london_range_pts     | 16.4        |
| time/                   |             |
|    fps                  | 59          |
|    iterations           | 138         |
|    time_elapsed         | 4736        |
|    total_timesteps      | 1357624     |
| train/                  |             |
|    approx_kl            | 0.011050007 |
|    clip_fraction        | 0.0302      |
|    clip_range           | 0.2         |
|    entropy_loss         | -0.0423     |
|    explained_variance   | 0.805       |
|    learning_rate        | 0.0003      |
|    loss                 | 0.0164      |
|    n_updates            | 6580        |
|    policy_gradient_loss | -0.0101     |
|    value_loss           | 0.0752      |
-----------------------------------------
-----------------------------------------
| session/                |             |
|    london_range_pts     | 24.2        |
| time/                   |             |
|    fps                  | 59          |
|    iterations           | 139         |
|    time_elapsed         | 4765        |
|    total_timesteps      | 1359672     |
| train/                  |             |
|    approx_kl            | 0.021288408 |
|    clip_fraction        | 0.029       |
|    clip_range           | 0.2         |
|    entropy_loss         | -0.0356     |
|    explained_variance   | 0.771       |
|    learning_rate        | 0.0003      |
|    loss                 | -0.00486    |
|    n_updates            | 6590        |
|    policy_gradient_loss | -0.0107     |
|    value_loss           | 0.0894      |
-----------------------------------------
------------------------------------------------------
| policy/                              |             |
|    ent_coef                          | 0.01        |
|    hold_rate_500                     | 0.969       |
| session/                             |             |
|    london_range_pts                  | 40.2        |
| time/                                |             |
|    fps                               | 59          |
|    iterations                        | 140         |
|    time_elapsed                      | 4794        |
|    total_timesteps                   | 1361720     |
| trade/                               |             |
|    avg_first_trade_duration_min      | 298         |
|    avg_first_trade_entry_delay_an... | 205         |
|    episode_pnl                       | 1.04        |
|    first_trade_is_ny_open_rate       | 0.333       |
|    first_trade_matches_intent_rate   | 0.833       |
|    first_trade_pnl                   | 8.65        |
|    first_trade_win_rate              | 0.667       |
|    ny_open_trade_rate                | 0.04        |
|    pnl_continuation_days             | 0.339       |
|    pnl_sweep_high_days               | 3.07        |
|    pnl_sweep_low_days                | 2.21        |
|    trades_per_episode                | 0.12        |
|    win_rate                          | 0.667       |
|    win_rate_continuation             | 0.0286      |
|    win_rate_sweep_days               | 0.2         |
| train/                               |             |
|    approx_kl                         | 0.011315462 |
|    clip_fraction                     | 0.0365      |
|    clip_range                        | 0.2         |
|    entropy_loss                      | -0.0455     |
|    explained_variance                | 0.789       |
|    learning_rate                     | 0.0003      |
|    loss                              | 0.0187      |
|    n_updates                         | 6600        |
|    policy_gradient_loss              | -0.0129     |
|    value_loss                        | 0.0814      |
------------------------------------------------------
-----------------------------------------
| session/                |             |
|    london_range_pts     | 34.4        |
| time/                   |             |
|    fps                  | 59          |
|    iterations           | 141         |
|    time_elapsed         | 4822        |
|    total_timesteps      | 1363768     |
| train/                  |             |
|    approx_kl            | 0.010156063 |
|    clip_fraction        | 0.0288      |
|    clip_range           | 0.2         |
|    entropy_loss         | -0.0353     |
|    explained_variance   | 0.767       |
|    learning_rate        | 0.0003      |
|    loss                 | -0.00569    |
|    n_updates            | 6610        |
|    policy_gradient_loss | -0.0113     |
|    value_loss           | 0.0801      |
-----------------------------------------
------------------------------------------------------
| policy/                              |             |
|    ent_coef                          | 0.01        |
|    hold_rate_500                     | 0.969       |
| session/                             |             |
|    london_range_pts                  | 29.9        |
| time/                                |             |
|    fps                               | 59          |
|    iterations                        | 142         |
|    time_elapsed                      | 4850        |
|    total_timesteps                   | 1365816     |
| trade/                               |             |
|    avg_first_trade_duration_min      | 145         |
|    avg_first_trade_entry_delay_an... | 298         |
|    episode_pnl                       | 1.1         |
|    first_trade_is_ny_open_rate       | 0           |
|    first_trade_matches_intent_rate   | 0.444       |
|    first_trade_pnl                   | 4.91        |
|    first_trade_win_rate              | 0.556       |
|    ny_open_trade_rate                | 0           |
|    pnl_continuation_days             | 0.644       |
|    pnl_sweep_high_days               | 2.99        |
|    pnl_sweep_low_days                | -2.42       |
|    trades_per_episode                | 0.32        |
|    win_rate                          | 0.556       |
|    win_rate_continuation             | 0.0323      |
|    win_rate_sweep_days               | 0.211       |
| train/                               |             |
|    approx_kl                         | 0.012660473 |
|    clip_fraction                     | 0.0247      |
|    clip_range                        | 0.2         |
|    entropy_loss                      | -0.0306     |
|    explained_variance                | 0.795       |
|    learning_rate                     | 0.0003      |
|    loss                              | -0.0142     |
|    n_updates                         | 6620        |
|    policy_gradient_loss              | -0.00935    |
|    value_loss                        | 0.0831      |
------------------------------------------------------
-----------------------------------------
| session/                |             |
|    london_range_pts     | 40.7        |
| time/                   |             |
|    fps                  | 60          |
|    iterations           | 143         |
|    time_elapsed         | 4879        |
|    total_timesteps      | 1367864     |
| train/                  |             |
|    approx_kl            | 0.022508264 |
|    clip_fraction        | 0.0415      |
|    clip_range           | 0.2         |
|    entropy_loss         | -0.0587     |
|    explained_variance   | 0.82        |
|    learning_rate        | 0.0003      |
|    loss                 | -0.000417   |
|    n_updates            | 6630        |
|    policy_gradient_loss | -0.0106     |
|    value_loss           | 0.0809      |
-----------------------------------------
----------------------------------------
| session/                |            |
|    london_range_pts     | 15.1       |
| time/                   |            |
|    fps                  | 60         |
|    iterations           | 144        |
|    time_elapsed         | 4908       |
|    total_timesteps      | 1369912    |
| train/                  |            |
|    approx_kl            | 0.01968868 |
|    clip_fraction        | 0.049      |
|    clip_range           | 0.2        |
|    entropy_loss         | -0.0674    |
|    explained_variance   | 0.794      |
|    learning_rate        | 0.0003     |
|    loss                 | 0.02       |
|    n_updates            | 6640       |
|    policy_gradient_loss | -0.0151    |
|    value_loss           | 0.0984     |
----------------------------------------
------------------------------------------------------
| policy/                              |             |
|    ent_coef                          | 0.01        |
|    hold_rate_500                     | 0.942       |
| session/                             |             |
|    london_range_pts                  | 19.3        |
| time/                                |             |
|    fps                               | 60          |
|    iterations                        | 145         |
|    time_elapsed                      | 4936        |
|    total_timesteps                   | 1371960     |
| trade/                               |             |
|    avg_first_trade_duration_min      | 194         |
|    avg_first_trade_entry_delay_an... | 226         |
|    episode_pnl                       | 1.76        |
|    first_trade_is_ny_open_rate       | 0.133       |
|    first_trade_matches_intent_rate   | 0.533       |
|    first_trade_pnl                   | 3.18        |
|    first_trade_win_rate              | 0.667       |
|    ny_open_trade_rate                | 0.04        |
|    pnl_continuation_days             | 1.63        |
|    pnl_sweep_high_days               | 1.34        |
|    pnl_sweep_low_days                | 5.3         |
|    trades_per_episode                | 0.52        |
|    win_rate                          | 0.8         |
|    win_rate_continuation             | 0.156       |
|    win_rate_sweep_days               | 0.389       |
| train/                               |             |
|    approx_kl                         | 0.014262245 |
|    clip_fraction                     | 0.0591      |
|    clip_range                        | 0.2         |
|    entropy_loss                      | -0.084      |
|    explained_variance                | 0.822       |
|    learning_rate                     | 0.0003      |
|    loss                              | 0.0193      |
|    n_updates                         | 6650        |
|    policy_gradient_loss              | -0.0156     |
|    value_loss                        | 0.099       |
------------------------------------------------------
-----------------------------------------
| session/                |             |
|    london_range_pts     | 39.6        |
| time/                   |             |
|    fps                  | 60          |
|    iterations           | 146         |
|    time_elapsed         | 4965        |
|    total_timesteps      | 1374008     |
| train/                  |             |
|    approx_kl            | 0.007080882 |
|    clip_fraction        | 0.0317      |
|    clip_range           | 0.2         |
|    entropy_loss         | -0.0411     |
|    explained_variance   | 0.862       |
|    learning_rate        | 0.0003      |
|    loss                 | 0.00931     |
|    n_updates            | 6660        |
|    policy_gradient_loss | -0.0116     |
|    value_loss           | 0.0656      |
-----------------------------------------
Eval num_timesteps=1375000, episode_reward=-4.16 +/- 0.99
Episode length: 35.00 +/- 0.00
-----------------------------------------------------
| eval/                                |            |
|    mean_ep_length                    | 35         |
|    mean_reward                       | -4.16      |
| policy/                              |            |
|    ent_coef                          | 0.01       |
|    hold_rate_500                     | 0.964      |
| session/                             |            |
|    london_range_pts                  | 33.5       |
| time/                                |            |
|    total_timesteps                   | 1375000    |
| trade/                               |            |
|    avg_first_trade_duration_min      | 122        |
|    avg_first_trade_entry_delay_an... | 273        |
|    episode_pnl                       | 2.35       |
|    first_trade_is_ny_open_rate       | 0.111      |
|    first_trade_matches_intent_rate   | 0.444      |
|    first_trade_pnl                   | 3.98       |
|    first_trade_win_rate              | 0.889      |
|    ny_open_trade_rate                | 0.02       |
|    pnl_continuation_days             | 2.91       |
|    pnl_sweep_high_days               | 0.162      |
|    pnl_sweep_low_days                | 3.27       |
|    trades_per_episode                | 0.4        |
|    win_rate                          | 0.889      |
|    win_rate_continuation             | 0.121      |
|    win_rate_sweep_days               | 0.235      |
| train/                               |            |
|    approx_kl                         | 0.00791862 |
|    clip_fraction                     | 0.0317     |
|    clip_range                        | 0.2        |
|    entropy_loss                      | -0.0418    |
|    explained_variance                | 0.876      |
|    learning_rate                     | 0.0003     |
|    loss                              | 0.0136     |
|    n_updates                         | 6670       |
|    policy_gradient_loss              | -0.0115    |
|    value_loss                        | 0.0602     |
| validation/                          |            |
|    acceptance_passed                 | 0          |
|    avg_first_trade_duration_min      | 183        |
|    avg_first_trade_entry_delay_an... | 211        |
|    first_trade_is_ny_open_rate       | 0.25       |
|    first_trade_matches_intent_rate   | 0.5        |
|    first_trade_win_rate              | 68.8       |
|    ny_open_first_trade_win_rate      | 25         |
|    ny_open_trade_rate                | 0.0348     |
|    pnl_continuation_days             | 0.571      |
|    pnl_sweep_low_days                | 0.643      |
|    profit_factor                     | 2.12       |
|    trades_per_episode                | 0.209      |
|    win_rate                          | 37.5       |
|    win_rate_continuation             | 4.82       |
|    win_rate_sweep_days               | 25         |
-----------------------------------------------------
----------------------------------
| session/            |          |
|    london_range_pts | 32.8     |
| time/               |          |
|    fps              | 59       |
|    iterations       | 147      |
|    time_elapsed     | 5042     |
|    total_timesteps  | 1376056  |
----------------------------------
----------------------------------------
| session/                |            |
|    london_range_pts     | 17.1       |
| time/                   |            |
|    fps                  | 59         |
|    iterations           | 148        |
|    time_elapsed         | 5068       |
|    total_timesteps      | 1378104    |
| train/                  |            |
|    approx_kl            | 0.01808774 |
|    clip_fraction        | 0.0391     |
|    clip_range           | 0.2        |
|    entropy_loss         | -0.0492    |
|    explained_variance   | 0.83       |
|    learning_rate        | 0.0003     |
|    loss                 | -0.0182    |
|    n_updates            | 6680       |
|    policy_gradient_loss | -0.0149    |
|    value_loss           | 0.09       |
----------------------------------------
------------------------------------------------------
| policy/                              |             |
|    ent_coef                          | 0.01        |
|    hold_rate_500                     | 0.961       |
| session/                             |             |
|    london_range_pts                  | 29          |
| time/                                |             |
|    fps                               | 59          |
|    iterations                        | 149         |
|    time_elapsed                      | 5098        |
|    total_timesteps                   | 1380152     |
| trade/                               |             |
|    avg_first_trade_duration_min      | 82.5        |
|    avg_first_trade_entry_delay_an... | 262         |
|    episode_pnl                       | 0.634       |
|    first_trade_is_ny_open_rate       | 0           |
|    first_trade_matches_intent_rate   | 0.25        |
|    first_trade_pnl                   | 0.908       |
|    first_trade_win_rate              | 0.5         |
|    ny_open_trade_rate                | 0           |
|    pnl_continuation_days             | 0.429       |
|    pnl_sweep_high_days               | 0           |
|    pnl_sweep_low_days                | 1.56        |
|    trades_per_episode                | 0.22        |
|    win_rate                          | 1           |
|    win_rate_continuation             | 0.0294      |
|    win_rate_sweep_days               | 0.188       |
| train/                               |             |
|    approx_kl                         | 0.010117867 |
|    clip_fraction                     | 0.0341      |
|    clip_range                        | 0.2         |
|    entropy_loss                      | -0.0449     |
|    explained_variance                | 0.821       |
|    learning_rate                     | 0.0003      |
|    loss                              | -0.00773    |
|    n_updates                         | 6690        |
|    policy_gradient_loss              | -0.012      |
|    value_loss                        | 0.0762      |
------------------------------------------------------
-----------------------------------------
| session/                |             |
|    london_range_pts     | 31.2        |
| time/                   |             |
|    fps                  | 59          |
|    iterations           | 150         |
|    time_elapsed         | 5130        |
|    total_timesteps      | 1382200     |
| train/                  |             |
|    approx_kl            | 0.015133229 |
|    clip_fraction        | 0.0316      |
|    clip_range           | 0.2         |
|    entropy_loss         | -0.0331     |
|    explained_variance   | 0.828       |
|    learning_rate        | 0.0003      |
|    loss                 | 0.0198      |
|    n_updates            | 6700        |
|    policy_gradient_loss | -0.0101     |
|    value_loss           | 0.0769      |
-----------------------------------------
------------------------------------------
| session/                |              |
|    london_range_pts     | 27.1         |
| time/                   |              |
|    fps                  | 59           |
|    iterations           | 151          |
|    time_elapsed         | 5161         |
|    total_timesteps      | 1384248      |
| train/                  |              |
|    approx_kl            | 0.0031071235 |
|    clip_fraction        | 0.0104       |
|    clip_range           | 0.2          |
|    entropy_loss         | -0.0115      |
|    explained_variance   | 0.824        |
|    learning_rate        | 0.0003       |
|    loss                 | -0.00386     |
|    n_updates            | 6710         |
|    policy_gradient_loss | -0.00493     |
|    value_loss           | 0.0686       |
------------------------------------------
------------------------------------------------------
| policy/                              |             |
|    ent_coef                          | 0.01        |
|    hold_rate_500                     | 0.98        |
| session/                             |             |
|    london_range_pts                  | 25.2        |
| time/                                |             |
|    fps                               | 59          |
|    iterations                        | 152         |
|    time_elapsed                      | 5195        |
|    total_timesteps                   | 1386296     |
| trade/                               |             |
|    avg_first_trade_duration_min      | 161         |
|    avg_first_trade_entry_delay_an... | 253         |
|    episode_pnl                       | 1.56        |
|    first_trade_is_ny_open_rate       | 0.143       |
|    first_trade_matches_intent_rate   | 0.429       |
|    first_trade_pnl                   | 6.36        |
|    first_trade_win_rate              | 0.857       |
|    ny_open_trade_rate                | 0.02        |
|    pnl_continuation_days             | 1.68        |
|    pnl_sweep_high_days               | 2.19        |
|    pnl_sweep_low_days                | -0.0159     |
|    trades_per_episode                | 0.24        |
|    win_rate                          | 0.714       |
|    win_rate_continuation             | 0.0938      |
|    win_rate_sweep_days               | 0.111       |
| train/                               |             |
|    approx_kl                         | 0.012871376 |
|    clip_fraction                     | 0.0328      |
|    clip_range                        | 0.2         |
|    entropy_loss                      | -0.0456     |
|    explained_variance                | 0.858       |
|    learning_rate                     | 0.0003      |
|    loss                              | -0.00711    |
|    n_updates                         | 6720        |
|    policy_gradient_loss              | -0.0104     |
|    value_loss                        | 0.0674      |
------------------------------------------------------
-----------------------------------------
| session/                |             |
|    london_range_pts     | 18.8        |
| time/                   |             |
|    fps                  | 59          |
|    iterations           | 153         |
|    time_elapsed         | 5226        |
|    total_timesteps      | 1388344     |
| train/                  |             |
|    approx_kl            | 0.015332525 |
|    clip_fraction        | 0.0251      |
|    clip_range           | 0.2         |
|    entropy_loss         | -0.032      |
|    explained_variance   | 0.872       |
|    learning_rate        | 0.0003      |
|    loss                 | -0.00139    |
|    n_updates            | 6730        |
|    policy_gradient_loss | -0.0103     |
|    value_loss           | 0.0537      |
-----------------------------------------
------------------------------------------------------
| policy/                              |             |
|    ent_coef                          | 0.01        |
|    hold_rate_500                     | 0.968       |
| session/                             |             |
|    london_range_pts                  | 16.1        |
| time/                                |             |
|    fps                               | 59          |
|    iterations                        | 154         |
|    time_elapsed                      | 5262        |
|    total_timesteps                   | 1390392     |
| trade/                               |             |
|    avg_first_trade_duration_min      | 257         |
|    avg_first_trade_entry_delay_an... | 184         |
|    episode_pnl                       | 0.97        |
|    first_trade_is_ny_open_rate       | 0.286       |
|    first_trade_matches_intent_rate   | 0.571       |
|    first_trade_pnl                   | 3.63        |
|    first_trade_win_rate              | 0.714       |
|    ny_open_trade_rate                | 0.04        |
|    pnl_continuation_days             | 0.523       |
|    pnl_sweep_high_days               | 3.34        |
|    pnl_sweep_low_days                | 0.505       |
|    trades_per_episode                | 0.22        |
|    win_rate                          | 0.857       |
|    win_rate_continuation             | 0.0625      |
|    win_rate_sweep_days               | 0.222       |
| train/                               |             |
|    approx_kl                         | 0.007867351 |
|    clip_fraction                     | 0.0396      |
|    clip_range                        | 0.2         |
|    entropy_loss                      | -0.06       |
|    explained_variance                | 0.872       |
|    learning_rate                     | 0.0003      |
|    loss                              | 0.0259      |
|    n_updates                         | 6740        |
|    policy_gradient_loss              | -0.0111     |
|    value_loss                        | 0.0653      |
------------------------------------------------------
-----------------------------------------
| session/                |             |
|    london_range_pts     | 29.5        |
| time/                   |             |
|    fps                  | 59          |
|    iterations           | 155         |
|    time_elapsed         | 5300        |
|    total_timesteps      | 1392440     |
| train/                  |             |
|    approx_kl            | 0.010054376 |
|    clip_fraction        | 0.0248      |
|    clip_range           | 0.2         |
|    entropy_loss         | -0.0286     |
|    explained_variance   | 0.862       |
|    learning_rate        | 0.0003      |
|    loss                 | -0.0054     |
|    n_updates            | 6750        |
|    policy_gradient_loss | -0.00603    |
|    value_loss           | 0.0711      |
-----------------------------------------
-----------------------------------------
| session/                |             |
|    london_range_pts     | 29.9        |
| time/                   |             |
|    fps                  | 59          |
|    iterations           | 156         |
|    time_elapsed         | 5336        |
|    total_timesteps      | 1394488     |
| train/                  |             |
|    approx_kl            | 0.010452815 |
|    clip_fraction        | 0.0274      |
|    clip_range           | 0.2         |
|    entropy_loss         | -0.0325     |
|    explained_variance   | 0.831       |
|    learning_rate        | 0.0003      |
|    loss                 | 0.0137      |
|    n_updates            | 6760        |
|    policy_gradient_loss | -0.0103     |
|    value_loss           | 0.0616      |
-----------------------------------------
------------------------------------------------------
| policy/                              |             |
|    ent_coef                          | 0.01        |
|    hold_rate_500                     | 0.968       |
| session/                             |             |
|    london_range_pts                  | 21.5        |
| time/                                |             |
|    fps                               | 59          |
|    iterations                        | 157         |
|    time_elapsed                      | 5372        |
|    total_timesteps                   | 1396536     |
| trade/                               |             |
|    avg_first_trade_duration_min      | 158         |
|    avg_first_trade_entry_delay_an... | 262         |
|    episode_pnl                       | 1.19        |
|    first_trade_is_ny_open_rate       | 0.182       |
|    first_trade_matches_intent_rate   | 0.545       |
|    first_trade_pnl                   | 3.71        |
|    first_trade_win_rate              | 0.545       |
|    ny_open_trade_rate                | 0.04        |
|    pnl_continuation_days             | 1.23        |
|    pnl_sweep_high_days               | 2.94        |
|    pnl_sweep_low_days                | -0.075      |
|    trades_per_episode                | 0.36        |
|    win_rate                          | 0.636       |
|    win_rate_continuation             | 0.135       |
|    win_rate_sweep_days               | 0.154       |
| train/                               |             |
|    approx_kl                         | 0.006107602 |
|    clip_fraction                     | 0.0266      |
|    clip_range                        | 0.2         |
|    entropy_loss                      | -0.0451     |
|    explained_variance                | 0.807       |
|    learning_rate                     | 0.0003      |
|    loss                              | 0.00593     |
|    n_updates                         | 6770        |
|    policy_gradient_loss              | -0.0084     |
|    value_loss                        | 0.0818      |
------------------------------------------------------
------------------------------------------
| session/                |              |
|    london_range_pts     | 24.3         |
| time/                   |              |
|    fps                  | 59           |
|    iterations           | 158          |
|    time_elapsed         | 5405         |
|    total_timesteps      | 1398584      |
| train/                  |              |
|    approx_kl            | 0.0056008827 |
|    clip_fraction        | 0.0142       |
|    clip_range           | 0.2          |
|    entropy_loss         | -0.0185      |
|    explained_variance   | 0.828        |
|    learning_rate        | 0.0003       |
|    loss                 | 0.00733      |
|    n_updates            | 6780         |
|    policy_gradient_loss | -0.00649     |
|    value_loss           | 0.0581       |
------------------------------------------
Eval num_timesteps=1400000, episode_reward=-3.50 +/- 1.11
Episode length: 35.00 +/- 0.00
------------------------------------------------------
| eval/                                |             |
|    mean_ep_length                    | 35          |
|    mean_reward                       | -3.5        |
| policy/                              |             |
|    ent_coef                          | 0.01        |
|    hold_rate_500                     | 0.964       |
| session/                             |             |
|    london_range_pts                  | 24.3        |
| time/                                |             |
|    total_timesteps                   | 1400000     |
| trade/                               |             |
|    avg_first_trade_duration_min      | 164         |
|    avg_first_trade_entry_delay_an... | 266         |
|    episode_pnl                       | 1.68        |
|    first_trade_is_ny_open_rate       | 0           |
|    first_trade_matches_intent_rate   | 0.364       |
|    first_trade_pnl                   | 3.42        |
|    first_trade_win_rate              | 0.636       |
|    ny_open_trade_rate                | 0           |
|    pnl_continuation_days             | 1.81        |
|    pnl_sweep_high_days               | 2.26        |
|    pnl_sweep_low_days                | 0.605       |
|    trades_per_episode                | 0.42        |
|    win_rate                          | 0.818       |
|    win_rate_continuation             | 0.156       |
|    win_rate_sweep_days               | 0.222       |
| train/                               |             |
|    approx_kl                         | 0.014924294 |
|    clip_fraction                     | 0.0444      |
|    clip_range                        | 0.2         |
|    entropy_loss                      | -0.06       |
|    explained_variance                | 0.762       |
|    learning_rate                     | 0.0003      |
|    loss                              | -0.0206     |
|    n_updates                         | 6790        |
|    policy_gradient_loss              | -0.016      |
|    value_loss                        | 0.085       |
| validation/                          |             |
|    acceptance_passed                 | 0           |
|    avg_first_trade_duration_min      | 176         |
|    avg_first_trade_entry_delay_an... | 216         |
|    first_trade_is_ny_open_rate       | 0.294       |
|    first_trade_matches_intent_rate   | 0.529       |
|    first_trade_win_rate              | 64.7        |
|    ny_open_first_trade_win_rate      | 20          |
|    ny_open_trade_rate                | 0.0435      |
|    pnl_continuation_days             | 0.633       |
|    pnl_sweep_low_days                | 0.643       |
|    profit_factor                     | 1.72        |
|    trades_per_episode                | 0.235       |
|    win_rate                          | 33.3        |
|    win_rate_continuation             | 4.82        |
|    win_rate_sweep_days               | 28.1        |
------------------------------------------------------
----------------------------------
| session/            |          |
|    london_range_pts | 38.6     |
| time/               |          |
|    fps              | 59       |
|    iterations       | 159      |
|    time_elapsed     | 5488     |
|    total_timesteps  | 1400632  |
----------------------------------

Lens 2 training complete.
   Model saved to: C:\RAHUL BOGI\RL_Session Trainings\xauusd_v3\models\lens2_retrain_500k_after_lens1
