
============================================================
XAUUSD v3 Two-Lens SMC Trading Engine
Mode: train-lens1
Project root: C:\RAHUL BOGI\RL_Session Trainings\xauusd_v3
============================================================

Logging to C:\RAHUL BOGI\RL_Session Trainings\xauusd_v3\output\tensorboard\lens1\PPO_4
-------------------------------
| time/              |        |
|    fps             | 18     |
|    iterations      | 1      |
|    time_elapsed    | 109    |
|    total_timesteps | 503808 |
-------------------------------
----------------------------------------
| lens1/                  |            |
|    dim_0_var            | 0.806193   |
|    dim_1_var            | 0.42889    |
|    dim_2_var            | 0.51830214 |
|    dim_3_var            | 0.4231954  |
|    dim_4_var            | 0.3068683  |
|    dim_5_var            | 0.8652956  |
|    dim_6_var            | 0.31033355 |
|    dim_7_var            | 0.33904406 |
|    encoding_variance    | 0.4997653  |
| policy/                 |            |
|    ent_coef             | 0.01       |
| time/                   |            |
|    fps                  | 17         |
|    iterations           | 2          |
|    time_elapsed         | 236        |
|    total_timesteps      | 505856     |
| train/                  |            |
|    approx_kl            | 0.03667464 |
|    clip_fraction        | 0.335      |
|    clip_range           | 0.2        |
|    entropy_loss         | -22.2      |
|    explained_variance   | -0.282     |
|    learning_rate        | 0.0003     |
|    loss                 | 0.0319     |
|    n_updates            | 2460       |
|    policy_gradient_loss | -0.0568    |
|    std                  | 4.01       |
|    value_loss           | 0.636      |
----------------------------------------
----------------------------------------
| time/                   |            |
|    fps                  | 16         |
|    iterations           | 3          |
|    time_elapsed         | 362        |
|    total_timesteps      | 507904     |
| train/                  |            |
|    approx_kl            | 0.03310293 |
|    clip_fraction        | 0.296      |
|    clip_range           | 0.2        |
|    entropy_loss         | -22.2      |
|    explained_variance   | -0.0674    |
|    learning_rate        | 0.0003     |
|    loss                 | -0.109     |
|    n_updates            | 2470       |
|    policy_gradient_loss | -0.0538    |
|    std                  | 4.02       |
|    value_loss           | 0.618      |
----------------------------------------
-----------------------------------------
| time/                   |             |
|    fps                  | 16          |
|    iterations           | 4           |
|    time_elapsed         | 497         |
|    total_timesteps      | 509952      |
| train/                  |             |
|    approx_kl            | 0.034957767 |
|    clip_fraction        | 0.309       |
|    clip_range           | 0.2         |
|    entropy_loss         | -22.3       |
|    explained_variance   | -0.0751     |
|    learning_rate        | 0.0003      |
|    loss                 | 0.0363      |
|    n_updates            | 2480        |
|    policy_gradient_loss | -0.0567     |
|    std                  | 4.03        |
|    value_loss           | 0.851       |
-----------------------------------------
-----------------------------------------
| lens1/                  |             |
|    dim_0_var            | 0.6592606   |
|    dim_1_var            | 0.29683083  |
|    dim_2_var            | 0.51862556  |
|    dim_3_var            | 0.8152705   |
|    dim_4_var            | 0.39151964  |
|    dim_5_var            | 0.80202705  |
|    dim_6_var            | 0.33954093  |
|    dim_7_var            | 0.9521878   |
|    encoding_variance    | 0.5969081   |
| policy/                 |             |
|    ent_coef             | 0.01        |
| time/                   |             |
|    fps                  | 15          |
|    iterations           | 5           |
|    time_elapsed         | 645         |
|    total_timesteps      | 512000      |
| train/                  |             |
|    approx_kl            | 0.035160616 |
|    clip_fraction        | 0.33        |
|    clip_range           | 0.2         |
|    entropy_loss         | -22.3       |
|    explained_variance   | -0.0745     |
|    learning_rate        | 0.0003      |
|    loss                 | -0.0478     |
|    n_updates            | 2490        |
|    policy_gradient_loss | -0.0576     |
|    std                  | 4.01        |
|    value_loss           | 0.581       |
-----------------------------------------
-----------------------------------------
| time/                   |             |
|    fps                  | 15          |
|    iterations           | 6           |
|    time_elapsed         | 797         |
|    total_timesteps      | 514048      |
| train/                  |             |
|    approx_kl            | 0.033253737 |
|    clip_fraction        | 0.301       |
|    clip_range           | 0.2         |
|    entropy_loss         | -22.3       |
|    explained_variance   | -0.0471     |
|    learning_rate        | 0.0003      |
|    loss                 | 0.199       |
|    n_updates            | 2500        |
|    policy_gradient_loss | -0.0551     |
|    std                  | 4.01        |
|    value_loss           | 0.722       |
-----------------------------------------
-----------------------------------------
| lens1/                  |             |
|    dim_0_var            | 0.8988244   |
|    dim_1_var            | 0.7912936   |
|    dim_2_var            | 0.6822038   |
|    dim_3_var            | 0.6041984   |
|    dim_4_var            | 0.550502    |
|    dim_5_var            | 0.30505994  |
|    dim_6_var            | 0.962901    |
|    dim_7_var            | 0.67837936  |
|    encoding_variance    | 0.68417007  |
| policy/                 |             |
|    ent_coef             | 0.01        |
| time/                   |             |
|    fps                  | 14          |
|    iterations           | 7           |
|    time_elapsed         | 962         |
|    total_timesteps      | 516096      |
| train/                  |             |
|    approx_kl            | 0.036845703 |
|    clip_fraction        | 0.318       |
|    clip_range           | 0.2         |
|    entropy_loss         | -22.3       |
|    explained_variance   | -0.354      |
|    learning_rate        | 0.0003      |
|    loss                 | -0.0736     |
|    n_updates            | 2510        |
|    policy_gradient_loss | -0.0554     |
|    std                  | 4.02        |
|    value_loss           | 0.714       |
-----------------------------------------
-----------------------------------------
| time/                   |             |
|    fps                  | 14          |
|    iterations           | 8           |
|    time_elapsed         | 1133        |
|    total_timesteps      | 518144      |
| train/                  |             |
|    approx_kl            | 0.037243754 |
|    clip_fraction        | 0.323       |
|    clip_range           | 0.2         |
|    entropy_loss         | -22.3       |
|    explained_variance   | -0.3        |
|    learning_rate        | 0.0003      |
|    loss                 | -0.191      |
|    n_updates            | 2520        |
|    policy_gradient_loss | -0.0575     |
|    std                  | 4.03        |
|    value_loss           | 0.464       |
-----------------------------------------
----------------------------------------
| lens1/                  |            |
|    dim_0_var            | 0.06371048 |
|    dim_1_var            | 0.37675104 |
|    dim_2_var            | 0.5121093  |
|    dim_3_var            | 0.5233054  |
|    dim_4_var            | 0.5913232  |
|    dim_5_var            | 0.93821734 |
|    dim_6_var            | 0.28903782 |
|    dim_7_var            | 0.9642308  |
|    encoding_variance    | 0.5323355  |
| policy/                 |            |
|    ent_coef             | 0.01       |
| time/                   |            |
|    fps                  | 14         |
|    iterations           | 9          |
|    time_elapsed         | 1314       |
|    total_timesteps      | 520192     |
| train/                  |            |
|    approx_kl            | 0.03280875 |
|    clip_fraction        | 0.302      |
|    clip_range           | 0.2        |
|    entropy_loss         | -22.3      |
|    explained_variance   | -0.142     |
|    learning_rate        | 0.0003     |
|    loss                 | -0.155     |
|    n_updates            | 2530       |
|    policy_gradient_loss | -0.0506    |
|    std                  | 4.02       |
|    value_loss           | 0.688      |
----------------------------------------
-----------------------------------------
| time/                   |             |
|    fps                  | 13          |
|    iterations           | 10          |
|    time_elapsed         | 1508        |
|    total_timesteps      | 522240      |
| train/                  |             |
|    approx_kl            | 0.035792746 |
|    clip_fraction        | 0.313       |
|    clip_range           | 0.2         |
|    entropy_loss         | -22.3       |
|    explained_variance   | 0.0128      |
|    learning_rate        | 0.0003      |
|    loss                 | -0.115      |
|    n_updates            | 2540        |
|    policy_gradient_loss | -0.0537     |
|    std                  | 4.02        |
|    value_loss           | 0.633       |
-----------------------------------------
-----------------------------------------
| time/                   |             |
|    fps                  | 13          |
|    iterations           | 11          |
|    time_elapsed         | 1719        |
|    total_timesteps      | 524288      |
| train/                  |             |
|    approx_kl            | 0.034763783 |
|    clip_fraction        | 0.319       |
|    clip_range           | 0.2         |
|    entropy_loss         | -22.3       |
|    explained_variance   | -0.0705     |
|    learning_rate        | 0.0003      |
|    loss                 | 0.0278      |
|    n_updates            | 2550        |
|    policy_gradient_loss | -0.0523     |
|    std                  | 4.02        |
|    value_loss           | 0.686       |
-----------------------------------------
-----------------------------------------
| lens1/                  |             |
|    dim_0_var            | 0.9235286   |
|    dim_1_var            | 0.9669194   |
|    dim_2_var            | 0.39092228  |
|    dim_3_var            | 0.39698523  |
|    dim_4_var            | 0.9523628   |
|    dim_5_var            | 0.4677245   |
|    dim_6_var            | 0.9582266   |
|    dim_7_var            | 0.57792866  |
|    encoding_variance    | 0.70432496  |
| policy/                 |             |
|    ent_coef             | 0.01        |
| time/                   |             |
|    fps                  | 12          |
|    iterations           | 12          |
|    time_elapsed         | 1962        |
|    total_timesteps      | 526336      |
| train/                  |             |
|    approx_kl            | 0.035390083 |
|    clip_fraction        | 0.311       |
|    clip_range           | 0.2         |
|    entropy_loss         | -22.3       |
|    explained_variance   | -0.146      |
|    learning_rate        | 0.0003      |
|    loss                 | -0.0779     |
|    n_updates            | 2560        |
|    policy_gradient_loss | -0.057      |
|    std                  | 4.04        |
|    value_loss           | 0.518       |
-----------------------------------------
Eval num_timesteps=526760, episode_reward=1.24 +/- 1.34
Episode length: 52.00 +/- 0.00
-----------------------------------------
| eval/                   |             |
|    mean_ep_length       | 52          |
|    mean_reward          | 1.24        |
| time/                   |             |
|    total_timesteps      | 526760      |
| train/                  |             |
|    approx_kl            | 0.035713173 |
|    clip_fraction        | 0.316       |
|    clip_range           | 0.2         |
|    entropy_loss         | -22.3       |
|    explained_variance   | -0.0873     |
|    learning_rate        | 0.0003      |
|    loss                 | 0.161       |
|    n_updates            | 2570        |
|    policy_gradient_loss | -0.0547     |
|    std                  | 4.04        |
|    value_loss           | 0.901       |
-----------------------------------------
New best mean reward!
-------------------------------
| time/              |        |
|    fps             | 12     |
|    iterations      | 13     |
|    time_elapsed    | 2202   |
|    total_timesteps | 528384 |
-------------------------------
-----------------------------------------
| lens1/                  |             |
|    dim_0_var            | 0.04034834  |
|    dim_1_var            | 0.34323314  |
|    dim_2_var            | 0.48326638  |
|    dim_3_var            | 0.41906464  |
|    dim_4_var            | 0.42671758  |
|    dim_5_var            | 0.46315742  |
|    dim_6_var            | 0.076229304 |
|    dim_7_var            | 0.412835    |
|    encoding_variance    | 0.33310664  |
| policy/                 |             |
|    ent_coef             | 0.01        |
| time/                   |             |
|    fps                  | 12          |
|    iterations           | 14          |
|    time_elapsed         | 2371        |
|    total_timesteps      | 530432      |
| train/                  |             |
|    approx_kl            | 0.035974264 |
|    clip_fraction        | 0.308       |
|    clip_range           | 0.2         |
|    entropy_loss         | -22.3       |
|    explained_variance   | 0.0189      |
|    learning_rate        | 0.0003      |
|    loss                 | -0.127      |
|    n_updates            | 2580        |
|    policy_gradient_loss | -0.0503     |
|    std                  | 4.03        |
|    value_loss           | 0.672       |
-----------------------------------------
-----------------------------------------
| time/                   |             |
|    fps                  | 12          |
|    iterations           | 15          |
|    time_elapsed         | 2529        |
|    total_timesteps      | 532480      |
| train/                  |             |
|    approx_kl            | 0.035046466 |
|    clip_fraction        | 0.313       |
|    clip_range           | 0.2         |
|    entropy_loss         | -22.3       |
|    explained_variance   | -0.115      |
|    learning_rate        | 0.0003      |
|    loss                 | 0.0799      |
|    n_updates            | 2590        |
|    policy_gradient_loss | -0.0536     |
|    std                  | 4.04        |
|    value_loss           | 0.788       |
-----------------------------------------
----------------------------------------
| time/                   |            |
|    fps                  | 12         |
|    iterations           | 16         |
|    time_elapsed         | 2691       |
|    total_timesteps      | 534528     |
| train/                  |            |
|    approx_kl            | 0.03458499 |
|    clip_fraction        | 0.308      |
|    clip_range           | 0.2        |
|    entropy_loss         | -22.3      |
|    explained_variance   | 0.04       |
|    learning_rate        | 0.0003     |
|    loss                 | -0.0737    |
|    n_updates            | 2600       |
|    policy_gradient_loss | -0.0576    |
|    std                  | 4.05       |
|    value_loss           | 0.61       |
----------------------------------------
-----------------------------------------
| lens1/                  |             |
|    dim_0_var            | 0.6132579   |
|    dim_1_var            | 0.9532117   |
|    dim_2_var            | 0.39932337  |
|    dim_3_var            | 0.33464512  |
|    dim_4_var            | 0.47534102  |
|    dim_5_var            | 0.51603967  |
|    dim_6_var            | 0.5762545   |
|    dim_7_var            | 0.41931373  |
|    encoding_variance    | 0.53592324  |
| policy/                 |             |
|    ent_coef             | 0.01        |
| time/                   |             |
|    fps                  | 12          |
|    iterations           | 17          |
|    time_elapsed         | 2871        |
|    total_timesteps      | 536576      |
| train/                  |             |
|    approx_kl            | 0.038036782 |
|    clip_fraction        | 0.337       |
|    clip_range           | 0.2         |
|    entropy_loss         | -22.3       |
|    explained_variance   | 0.109       |
|    learning_rate        | 0.0003      |
|    loss                 | -0.174      |
|    n_updates            | 2610        |
|    policy_gradient_loss | -0.0564     |
|    std                  | 4.07        |
|    value_loss           | 0.49        |
-----------------------------------------
-----------------------------------------
| time/                   |             |
|    fps                  | 11          |
|    iterations           | 18          |
|    time_elapsed         | 3072        |
|    total_timesteps      | 538624      |
| train/                  |             |
|    approx_kl            | 0.036604412 |
|    clip_fraction        | 0.316       |
|    clip_range           | 0.2         |
|    entropy_loss         | -22.4       |
|    explained_variance   | 0.028       |
|    learning_rate        | 0.0003      |
|    loss                 | 0.0848      |
|    n_updates            | 2620        |
|    policy_gradient_loss | -0.0551     |
|    std                  | 4.09        |
|    value_loss           | 0.803       |
-----------------------------------------
----------------------------------------
| lens1/                  |            |
|    dim_0_var            | 0.17479664 |
|    dim_1_var            | 0.7591266  |
|    dim_2_var            | 0.7040373  |
|    dim_3_var            | 0.9721775  |
|    dim_4_var            | 0.74922854 |
|    dim_5_var            | 0.32264164 |
|    dim_6_var            | 0.7798037  |
|    dim_7_var            | 0.98228335 |
|    encoding_variance    | 0.6805119  |
| policy/                 |            |
|    ent_coef             | 0.01       |
| time/                   |            |
|    fps                  | 11         |
|    iterations           | 19         |
|    time_elapsed         | 3278       |
|    total_timesteps      | 540672     |
| train/                  |            |
|    approx_kl            | 0.0314112  |
|    clip_fraction        | 0.289      |
|    clip_range           | 0.2        |
|    entropy_loss         | -22.4      |
|    explained_variance   | 0.0116     |
|    learning_rate        | 0.0003     |
|    loss                 | 0.126      |
|    n_updates            | 2630       |
|    policy_gradient_loss | -0.0538    |
|    std                  | 4.09       |
|    value_loss           | 0.968      |
----------------------------------------
-----------------------------------------
| time/                   |             |
|    fps                  | 11          |
|    iterations           | 20          |
|    time_elapsed         | 3461        |
|    total_timesteps      | 542720      |
| train/                  |             |
|    approx_kl            | 0.036232848 |
|    clip_fraction        | 0.348       |
|    clip_range           | 0.2         |
|    entropy_loss         | -22.4       |
|    explained_variance   | -0.0281     |
|    learning_rate        | 0.0003      |
|    loss                 | -0.104      |
|    n_updates            | 2640        |
|    policy_gradient_loss | -0.0585     |
|    std                  | 4.1         |
|    value_loss           | 0.521       |
-----------------------------------------
-----------------------------------------
| time/                   |             |
|    fps                  | 11          |
|    iterations           | 21          |
|    time_elapsed         | 3624        |
|    total_timesteps      | 544768      |
| train/                  |             |
|    approx_kl            | 0.033996947 |
|    clip_fraction        | 0.316       |
|    clip_range           | 0.2         |
|    entropy_loss         | -22.4       |
|    explained_variance   | -0.282      |
|    learning_rate        | 0.0003      |
|    loss                 | -0.0734     |
|    n_updates            | 2650        |
|    policy_gradient_loss | -0.0518     |
|    std                  | 4.11        |
|    value_loss           | 0.584       |
-----------------------------------------
------------------------------------------
| lens1/                  |              |
|    dim_0_var            | 0.0076716905 |
|    dim_1_var            | 0.96826524   |
|    dim_2_var            | 0.5391247    |
|    dim_3_var            | 0.8426422    |
|    dim_4_var            | 0.73672134   |
|    dim_5_var            | 0.98239714   |
|    dim_6_var            | 0.9217422    |
|    dim_7_var            | 0.64113855   |
|    encoding_variance    | 0.7049629    |
| policy/                 |              |
|    ent_coef             | 0.01         |
| time/                   |              |
|    fps                  | 11           |
|    iterations           | 22           |
|    time_elapsed         | 3783         |
|    total_timesteps      | 546816       |
| train/                  |              |
|    approx_kl            | 0.031707857  |
|    clip_fraction        | 0.29         |
|    clip_range           | 0.2          |
|    entropy_loss         | -22.4        |
|    explained_variance   | 0.0282       |
|    learning_rate        | 0.0003       |
|    loss                 | 0.101        |
|    n_updates            | 2660         |
|    policy_gradient_loss | -0.0535      |
|    std                  | 4.14         |
|    value_loss           | 0.872        |
------------------------------------------
----------------------------------------
| time/                   |            |
|    fps                  | 11         |
|    iterations           | 23         |
|    time_elapsed         | 3950       |
|    total_timesteps      | 548864     |
| train/                  |            |
|    approx_kl            | 0.03305061 |
|    clip_fraction        | 0.293      |
|    clip_range           | 0.2        |
|    entropy_loss         | -22.5      |
|    explained_variance   | -0.222     |
|    learning_rate        | 0.0003     |
|    loss                 | -0.023     |
|    n_updates            | 2670       |
|    policy_gradient_loss | -0.0523    |
|    std                  | 4.14       |
|    value_loss           | 0.609      |
----------------------------------------
-----------------------------------------
| lens1/                  |             |
|    dim_0_var            | 0.8397325   |
|    dim_1_var            | 0.91324556  |
|    dim_2_var            | 0.32282975  |
|    dim_3_var            | 0.46682957  |
|    dim_4_var            | 0.9774997   |
|    dim_5_var            | 0.60091954  |
|    dim_6_var            | 0.925811    |
|    dim_7_var            | 0.55135804  |
|    encoding_variance    | 0.6997783   |
| policy/                 |             |
|    ent_coef             | 0.01        |
| time/                   |             |
|    fps                  | 11          |
|    iterations           | 24          |
|    time_elapsed         | 4111        |
|    total_timesteps      | 550912      |
| train/                  |             |
|    approx_kl            | 0.035382602 |
|    clip_fraction        | 0.297       |
|    clip_range           | 0.2         |
|    entropy_loss         | -22.5       |
|    explained_variance   | 0.0261      |
|    learning_rate        | 0.0003      |
|    loss                 | -0.108      |
|    n_updates            | 2680        |
|    policy_gradient_loss | -0.0553     |
|    std                  | 4.14        |
|    value_loss           | 0.743       |
-----------------------------------------
Eval num_timesteps=551760, episode_reward=1.39 +/- 2.54
Episode length: 52.00 +/- 0.00
-----------------------------------------
| eval/                   |             |
|    mean_ep_length       | 52          |
|    mean_reward          | 1.39        |
| time/                   |             |
|    total_timesteps      | 551760      |
| train/                  |             |
|    approx_kl            | 0.039538946 |
|    clip_fraction        | 0.328       |
|    clip_range           | 0.2         |
|    entropy_loss         | -22.5       |
|    explained_variance   | -0.223      |
|    learning_rate        | 0.0003      |
|    loss                 | -0.122      |
|    n_updates            | 2690        |
|    policy_gradient_loss | -0.0602     |
|    std                  | 4.16        |
|    value_loss           | 0.638       |
-----------------------------------------
New best mean reward!
-------------------------------
| time/              |        |
|    fps             | 11     |
|    iterations      | 25     |
|    time_elapsed    | 4281   |
|    total_timesteps | 552960 |
-------------------------------
-----------------------------------------
| lens1/                  |             |
|    dim_0_var            | 0.94223017  |
|    dim_1_var            | 0.9072599   |
|    dim_2_var            | 0.43846086  |
|    dim_3_var            | 0.4248386   |
|    dim_4_var            | 0.9820929   |
|    dim_5_var            | 0.40568718  |
|    dim_6_var            | 0.591202    |
|    dim_7_var            | 0.50475997  |
|    encoding_variance    | 0.64956653  |
| policy/                 |             |
|    ent_coef             | 0.01        |
| time/                   |             |
|    fps                  | 11          |
|    iterations           | 26          |
|    time_elapsed         | 4440        |
|    total_timesteps      | 555008      |
| train/                  |             |
|    approx_kl            | 0.034355767 |
|    clip_fraction        | 0.318       |
|    clip_range           | 0.2         |
|    entropy_loss         | -22.5       |
|    explained_variance   | -0.0281     |
|    learning_rate        | 0.0003      |
|    loss                 | -0.0979     |
|    n_updates            | 2700        |
|    policy_gradient_loss | -0.0573     |
|    std                  | 4.15        |
|    value_loss           | 0.64        |
-----------------------------------------
-----------------------------------------
| time/                   |             |
|    fps                  | 12          |
|    iterations           | 27          |
|    time_elapsed         | 4590        |
|    total_timesteps      | 557056      |
| train/                  |             |
|    approx_kl            | 0.038013328 |
|    clip_fraction        | 0.315       |
|    clip_range           | 0.2         |
|    entropy_loss         | -22.5       |
|    explained_variance   | -0.148      |
|    learning_rate        | 0.0003      |
|    loss                 | 0.00442     |
|    n_updates            | 2710        |
|    policy_gradient_loss | -0.0535     |
|    std                  | 4.16        |
|    value_loss           | 0.56        |
-----------------------------------------
-----------------------------------------
| time/                   |             |
|    fps                  | 12          |
|    iterations           | 28          |
|    time_elapsed         | 4740        |
|    total_timesteps      | 559104      |
| train/                  |             |
|    approx_kl            | 0.031286053 |
|    clip_fraction        | 0.286       |
|    clip_range           | 0.2         |
|    entropy_loss         | -22.5       |
|    explained_variance   | -0.08       |
|    learning_rate        | 0.0003      |
|    loss                 | 0.0586      |
|    n_updates            | 2720        |
|    policy_gradient_loss | -0.0534     |
|    std                  | 4.17        |
|    value_loss           | 0.91        |
-----------------------------------------
-----------------------------------------
| lens1/                  |             |
|    dim_0_var            | 0.10922704  |
|    dim_1_var            | 0.47861707  |
|    dim_2_var            | 0.9576336   |
|    dim_3_var            | 0.958653    |
|    dim_4_var            | 0.9625553   |
|    dim_5_var            | 0.2973106   |
|    dim_6_var            | 0.95917875  |
|    dim_7_var            | 0.9666439   |
|    encoding_variance    | 0.7112273   |
| policy/                 |             |
|    ent_coef             | 0.01        |
| time/                   |             |
|    fps                  | 12          |
|    iterations           | 29          |
|    time_elapsed         | 4895        |
|    total_timesteps      | 561152      |
| train/                  |             |
|    approx_kl            | 0.034938663 |
|    clip_fraction        | 0.319       |
|    clip_range           | 0.2         |
|    entropy_loss         | -22.5       |
|    explained_variance   | 0.0934      |
|    learning_rate        | 0.0003      |
|    loss                 | -0.165      |
|    n_updates            | 2730        |
|    policy_gradient_loss | -0.0554     |
|    std                  | 4.18        |
|    value_loss           | 0.655       |
-----------------------------------------
----------------------------------------
| time/                   |            |
|    fps                  | 12         |
|    iterations           | 30         |
|    time_elapsed         | 5057       |
|    total_timesteps      | 563200     |
| train/                  |            |
|    approx_kl            | 0.03344366 |
|    clip_fraction        | 0.304      |
|    clip_range           | 0.2        |
|    entropy_loss         | -22.5      |
|    explained_variance   | 0.0666     |
|    learning_rate        | 0.0003     |
|    loss                 | -0.113     |
|    n_updates            | 2740       |
|    policy_gradient_loss | -0.0537    |
|    std                  | 4.17       |
|    value_loss           | 0.586      |
----------------------------------------
-----------------------------------------
| lens1/                  |             |
|    dim_0_var            | 0.2966134   |
|    dim_1_var            | 0.8260882   |
|    dim_2_var            | 0.8190929   |
|    dim_3_var            | 0.6081666   |
|    dim_4_var            | 0.53165835  |
|    dim_5_var            | 0.66117483  |
|    dim_6_var            | 0.91953576  |
|    dim_7_var            | 0.93943626  |
|    encoding_variance    | 0.7002208   |
| policy/                 |             |
|    ent_coef             | 0.01        |
| time/                   |             |
|    fps                  | 12          |
|    iterations           | 31          |
|    time_elapsed         | 5217        |
|    total_timesteps      | 565248      |
| train/                  |             |
|    approx_kl            | 0.037727177 |
|    clip_fraction        | 0.322       |
|    clip_range           | 0.2         |
|    entropy_loss         | -22.5       |
|    explained_variance   | -0.00414    |
|    learning_rate        | 0.0003      |
|    loss                 | -0.182      |
|    n_updates            | 2750        |
|    policy_gradient_loss | -0.0524     |
|    std                  | 4.18        |
|    value_loss           | 0.555       |
-----------------------------------------
----------------------------------------
| time/                   |            |
|    fps                  | 12         |
|    iterations           | 32         |
|    time_elapsed         | 5365       |
|    total_timesteps      | 567296     |
| train/                  |            |
|    approx_kl            | 0.03226096 |
|    clip_fraction        | 0.297      |
|    clip_range           | 0.2        |
|    entropy_loss         | -22.5      |
|    explained_variance   | -0.0998    |
|    learning_rate        | 0.0003     |
|    loss                 | 0.0684     |
|    n_updates            | 2760       |
|    policy_gradient_loss | -0.0558    |
|    std                  | 4.19       |
|    value_loss           | 0.915      |
----------------------------------------
----------------------------------------
| time/                   |            |
|    fps                  | 12         |
|    iterations           | 33         |
|    time_elapsed         | 5519       |
|    total_timesteps      | 569344     |
| train/                  |            |
|    approx_kl            | 0.03914907 |
|    clip_fraction        | 0.34       |
|    clip_range           | 0.2        |
|    entropy_loss         | -22.5      |
|    explained_variance   | -0.653     |
|    learning_rate        | 0.0003     |
|    loss                 | -0.242     |
|    n_updates            | 2770       |
|    policy_gradient_loss | -0.0572    |
|    std                  | 4.17       |
|    value_loss           | 0.35       |
----------------------------------------
----------------------------------------
| lens1/                  |            |
|    dim_0_var            | 0.38247207 |
|    dim_1_var            | 0.6746486  |
|    dim_2_var            | 0.81188744 |
|    dim_3_var            | 0.35439092 |
|    dim_4_var            | 0.9135639  |
|    dim_5_var            | 0.8353077  |
|    dim_6_var            | 0.7568543  |
|    dim_7_var            | 0.42710975 |
|    encoding_variance    | 0.64452934 |
| policy/                 |            |
|    ent_coef             | 0.01       |
| time/                   |            |
|    fps                  | 12         |
|    iterations           | 34         |
|    time_elapsed         | 5672       |
|    total_timesteps      | 571392     |
| train/                  |            |
|    approx_kl            | 0.04218379 |
|    clip_fraction        | 0.35       |
|    clip_range           | 0.2        |
|    entropy_loss         | -22.5      |
|    explained_variance   | 0.00677    |
|    learning_rate        | 0.0003     |
|    loss                 | -0.0977    |
|    n_updates            | 2780       |
|    policy_gradient_loss | -0.0582    |
|    std                  | 4.18       |
|    value_loss           | 0.704      |
----------------------------------------
-----------------------------------------
| time/                   |             |
|    fps                  | 12          |
|    iterations           | 35          |
|    time_elapsed         | 5837        |
|    total_timesteps      | 573440      |
| train/                  |             |
|    approx_kl            | 0.034597635 |
|    clip_fraction        | 0.305       |
|    clip_range           | 0.2         |
|    entropy_loss         | -22.5       |
|    explained_variance   | -0.156      |
|    learning_rate        | 0.0003      |
|    loss                 | -0.0952     |
|    n_updates            | 2790        |
|    policy_gradient_loss | -0.0572     |
|    std                  | 4.19        |
|    value_loss           | 0.818       |
-----------------------------------------
-----------------------------------------
| lens1/                  |             |
|    dim_0_var            | 0.5654527   |
|    dim_1_var            | 0.92205405  |
|    dim_2_var            | 0.58279073  |
|    dim_3_var            | 0.38193795  |
|    dim_4_var            | 0.30823463  |
|    dim_5_var            | 0.78588605  |
|    dim_6_var            | 0.8079312   |
|    dim_7_var            | 0.9241869   |
|    encoding_variance    | 0.6598091   |
| policy/                 |             |
|    ent_coef             | 0.01        |
| time/                   |             |
|    fps                  | 12          |
|    iterations           | 36          |
|    time_elapsed         | 5991        |
|    total_timesteps      | 575488      |
| train/                  |             |
|    approx_kl            | 0.038782254 |
|    clip_fraction        | 0.316       |
|    clip_range           | 0.2         |
|    entropy_loss         | -22.6       |
|    explained_variance   | -0.256      |
|    learning_rate        | 0.0003      |
|    loss                 | -0.17       |
|    n_updates            | 2800        |
|    policy_gradient_loss | -0.0521     |
|    std                  | 4.2         |
|    value_loss           | 0.502       |
-----------------------------------------
Eval num_timesteps=576760, episode_reward=2.27 +/- 1.34
Episode length: 52.00 +/- 0.00
-----------------------------------------
| eval/                   |             |
|    mean_ep_length       | 52          |
|    mean_reward          | 2.27        |
| time/                   |             |
|    total_timesteps      | 576760      |
| train/                  |             |
|    approx_kl            | 0.039338633 |
|    clip_fraction        | 0.336       |
|    clip_range           | 0.2         |
|    entropy_loss         | -22.6       |
|    explained_variance   | -0.129      |
|    learning_rate        | 0.0003      |
|    loss                 | -0.0983     |
|    n_updates            | 2810        |
|    policy_gradient_loss | -0.0544     |
|    std                  | 4.21        |
|    value_loss           | 0.476       |
-----------------------------------------
New best mean reward!
-------------------------------
| time/              |        |
|    fps             | 12     |
|    iterations      | 37     |
|    time_elapsed    | 6144   |
|    total_timesteps | 577536 |
-------------------------------
----------------------------------------
| time/                   |            |
|    fps                  | 12         |
|    iterations           | 38         |
|    time_elapsed         | 6303       |
|    total_timesteps      | 579584     |
| train/                  |            |
|    approx_kl            | 0.03480696 |
|    clip_fraction        | 0.321      |
|    clip_range           | 0.2        |
|    entropy_loss         | -22.6      |
|    explained_variance   | -0.0622    |
|    learning_rate        | 0.0003     |
|    loss                 | -0.145     |
|    n_updates            | 2820       |
|    policy_gradient_loss | -0.0569    |
|    std                  | 4.21       |
|    value_loss           | 0.708      |
----------------------------------------
-----------------------------------------
| lens1/                  |             |
|    dim_0_var            | 0.8251696   |
|    dim_1_var            | 0.38482848  |
|    dim_2_var            | 0.5106965   |
|    dim_3_var            | 0.42336845  |
|    dim_4_var            | 0.55731577  |
|    dim_5_var            | 0.7031628   |
|    dim_6_var            | 0.927008    |
|    dim_7_var            | 0.4707514   |
|    encoding_variance    | 0.6002877   |
| policy/                 |             |
|    ent_coef             | 0.01        |
| time/                   |             |
|    fps                  | 12          |
|    iterations           | 39          |
|    time_elapsed         | 6449        |
|    total_timesteps      | 581632      |
| train/                  |             |
|    approx_kl            | 0.036161296 |
|    clip_fraction        | 0.314       |
|    clip_range           | 0.2         |
|    entropy_loss         | -22.6       |
|    explained_variance   | -0.0459     |
|    learning_rate        | 0.0003      |
|    loss                 | -0.00576    |
|    n_updates            | 2830        |
|    policy_gradient_loss | -0.0568     |
|    std                  | 4.23        |
|    value_loss           | 0.766       |
-----------------------------------------
-----------------------------------------
| time/                   |             |
|    fps                  | 12          |
|    iterations           | 40          |
|    time_elapsed         | 6578        |
|    total_timesteps      | 583680      |
| train/                  |             |
|    approx_kl            | 0.038171154 |
|    clip_fraction        | 0.332       |
|    clip_range           | 0.2         |
|    entropy_loss         | -22.6       |
|    explained_variance   | -0.329      |
|    learning_rate        | 0.0003      |
|    loss                 | -0.13       |
|    n_updates            | 2840        |
|    policy_gradient_loss | -0.0571     |
|    std                  | 4.25        |
|    value_loss           | 0.385       |
-----------------------------------------
-----------------------------------------
| lens1/                  |             |
|    dim_0_var            | 0.98507416  |
|    dim_1_var            | 0.28132477  |
|    dim_2_var            | 0.31837788  |
|    dim_3_var            | 0.39171928  |
|    dim_4_var            | 0.9454221   |
|    dim_5_var            | 0.9864481   |
|    dim_6_var            | 0.96329546  |
|    dim_7_var            | 0.5417218   |
|    encoding_variance    | 0.6766728   |
| policy/                 |             |
|    ent_coef             | 0.01        |
| time/                   |             |
|    fps                  | 12          |
|    iterations           | 41          |
|    time_elapsed         | 6718        |
|    total_timesteps      | 585728      |
| train/                  |             |
|    approx_kl            | 0.037317544 |
|    clip_fraction        | 0.334       |
|    clip_range           | 0.2         |
|    entropy_loss         | -22.6       |
|    explained_variance   | -0.0145     |
|    learning_rate        | 0.0003      |
|    loss                 | -0.156      |
|    n_updates            | 2850        |
|    policy_gradient_loss | -0.0541     |
|    std                  | 4.26        |
|    value_loss           | 0.627       |
-----------------------------------------
-----------------------------------------
| time/                   |             |
|    fps                  | 12          |
|    iterations           | 42          |
|    time_elapsed         | 6847        |
|    total_timesteps      | 587776      |
| train/                  |             |
|    approx_kl            | 0.036539678 |
|    clip_fraction        | 0.299       |
|    clip_range           | 0.2         |
|    entropy_loss         | -22.7       |
|    explained_variance   | 0.0353      |
|    learning_rate        | 0.0003      |
|    loss                 | -0.178      |
|    n_updates            | 2860        |
|    policy_gradient_loss | -0.056      |
|    std                  | 4.26        |
|    value_loss           | 0.622       |
-----------------------------------------
----------------------------------------
| time/                   |            |
|    fps                  | 12         |
|    iterations           | 43         |
|    time_elapsed         | 6986       |
|    total_timesteps      | 589824     |
| train/                  |            |
|    approx_kl            | 0.03889513 |
|    clip_fraction        | 0.334      |
|    clip_range           | 0.2        |
|    entropy_loss         | -22.7      |
|    explained_variance   | -0.116     |
|    learning_rate        | 0.0003     |
|    loss                 | -0.0398    |
|    n_updates            | 2870       |
|    policy_gradient_loss | -0.0577    |
|    std                  | 4.29       |
|    value_loss           | 0.62       |
----------------------------------------
-----------------------------------------
| lens1/                  |             |
|    dim_0_var            | 0.9495523   |
|    dim_1_var            | 0.9637918   |
|    dim_2_var            | 0.34396005  |
|    dim_3_var            | 0.96639985  |
|    dim_4_var            | 0.41381586  |
|    dim_5_var            | 0.80688125  |
|    dim_6_var            | 0.55001295  |
|    dim_7_var            | 0.43877319  |
|    encoding_variance    | 0.6791483   |
| policy/                 |             |
|    ent_coef             | 0.01        |
| time/                   |             |
|    fps                  | 12          |
|    iterations           | 44          |
|    time_elapsed         | 7108        |
|    total_timesteps      | 591872      |
| train/                  |             |
|    approx_kl            | 0.035224974 |
|    clip_fraction        | 0.312       |
|    clip_range           | 0.2         |
|    entropy_loss         | -22.7       |
|    explained_variance   | -0.0815     |
|    learning_rate        | 0.0003      |
|    loss                 | -0.127      |
|    n_updates            | 2880        |
|    policy_gradient_loss | -0.0534     |
|    std                  | 4.29        |
|    value_loss           | 0.659       |
-----------------------------------------
---------------------------------------
| time/                   |           |
|    fps                  | 12        |
|    iterations           | 45        |
|    time_elapsed         | 7234      |
|    total_timesteps      | 593920    |
| train/                  |           |
|    approx_kl            | 0.0399075 |
|    clip_fraction        | 0.349     |
|    clip_range           | 0.2       |
|    entropy_loss         | -22.7     |
|    explained_variance   | -0.00728  |
|    learning_rate        | 0.0003    |
|    loss                 | 0.0312    |
|    n_updates            | 2890      |
|    policy_gradient_loss | -0.0592   |
|    std                  | 4.27      |
|    value_loss           | 0.652     |
---------------------------------------
-----------------------------------------
| lens1/                  |             |
|    dim_0_var            | 0.9576279   |
|    dim_1_var            | 0.95532584  |
|    dim_2_var            | 0.805102    |
|    dim_3_var            | 0.3656086   |
|    dim_4_var            | 0.5948822   |
|    dim_5_var            | 0.8810788   |
|    dim_6_var            | 0.7027893   |
|    dim_7_var            | 0.9280121   |
|    encoding_variance    | 0.7738035   |
| policy/                 |             |
|    ent_coef             | 0.01        |
| time/                   |             |
|    fps                  | 12          |
|    iterations           | 46          |
|    time_elapsed         | 7349        |
|    total_timesteps      | 595968      |
| train/                  |             |
|    approx_kl            | 0.035519578 |
|    clip_fraction        | 0.33        |
|    clip_range           | 0.2         |
|    entropy_loss         | -22.7       |
|    explained_variance   | -0.0842     |
|    learning_rate        | 0.0003      |
|    loss                 | -0.0332     |
|    n_updates            | 2900        |
|    policy_gradient_loss | -0.0576     |
|    std                  | 4.27        |
|    value_loss           | 0.776       |
-----------------------------------------
-----------------------------------------
| time/                   |             |
|    fps                  | 12          |
|    iterations           | 47          |
|    time_elapsed         | 7470        |
|    total_timesteps      | 598016      |
| train/                  |             |
|    approx_kl            | 0.038711675 |
|    clip_fraction        | 0.308       |
|    clip_range           | 0.2         |
|    entropy_loss         | -22.7       |
|    explained_variance   | 0.0336      |
|    learning_rate        | 0.0003      |
|    loss                 | -0.0663     |
|    n_updates            | 2910        |
|    policy_gradient_loss | -0.0593     |
|    std                  | 4.27        |
|    value_loss           | 0.665       |
-----------------------------------------
----------------------------------------
| lens1/                  |            |
|    dim_0_var            | 0.39931962 |
|    dim_1_var            | 0.9748204  |
|    dim_2_var            | 0.8644633  |
|    dim_3_var            | 0.9434485  |
|    dim_4_var            | 0.96702653 |
|    dim_5_var            | 0.9396334  |
|    dim_6_var            | 0.9774712  |
|    dim_7_var            | 0.46799928 |
|    encoding_variance    | 0.81677294 |
| policy/                 |            |
|    ent_coef             | 0.01       |
| time/                   |            |
|    fps                  | 12         |
|    iterations           | 48         |
|    time_elapsed         | 7589       |
|    total_timesteps      | 600064     |
| train/                  |            |
|    approx_kl            | 0.03860703 |
|    clip_fraction        | 0.327      |
|    clip_range           | 0.2        |
|    entropy_loss         | -22.7      |
|    explained_variance   | -0.174     |
|    learning_rate        | 0.0003     |
|    loss                 | -0.089     |
|    n_updates            | 2920       |
|    policy_gradient_loss | -0.0543    |
|    std                  | 4.29       |
|    value_loss           | 0.66       |
----------------------------------------
Eval num_timesteps=601760, episode_reward=1.54 +/- 2.70
Episode length: 52.00 +/- 0.00
----------------------------------------
| eval/                   |            |
|    mean_ep_length       | 52         |
|    mean_reward          | 1.54       |
| time/                   |            |
|    total_timesteps      | 601760     |
| train/                  |            |
|    approx_kl            | 0.03945191 |
|    clip_fraction        | 0.318      |
|    clip_range           | 0.2        |
|    entropy_loss         | -22.7      |
|    explained_variance   | -0.329     |
|    learning_rate        | 0.0003     |
|    loss                 | -0.0438    |
|    n_updates            | 2930       |
|    policy_gradient_loss | -0.0532    |
|    std                  | 4.29       |
|    value_loss           | 0.644      |
----------------------------------------
-------------------------------
| time/              |        |
|    fps             | 13     |
|    iterations      | 49     |
|    time_elapsed    | 7712   |
|    total_timesteps | 602112 |
-------------------------------
-----------------------------------------
| time/                   |             |
|    fps                  | 13          |
|    iterations           | 50          |
|    time_elapsed         | 7823        |
|    total_timesteps      | 604160      |
| train/                  |             |
|    approx_kl            | 0.037314832 |
|    clip_fraction        | 0.331       |
|    clip_range           | 0.2         |
|    entropy_loss         | -22.7       |
|    explained_variance   | 0.0428      |
|    learning_rate        | 0.0003      |
|    loss                 | -0.142      |
|    n_updates            | 2940        |
|    policy_gradient_loss | -0.0599     |
|    std                  | 4.3         |
|    value_loss           | 0.632       |
-----------------------------------------
-----------------------------------------
| lens1/                  |             |
|    dim_0_var            | 0.94872147  |
|    dim_1_var            | 0.7134944   |
|    dim_2_var            | 0.39081112  |
|    dim_3_var            | 0.89483416  |
|    dim_4_var            | 0.5560015   |
|    dim_5_var            | 0.7642735   |
|    dim_6_var            | 0.7417649   |
|    dim_7_var            | 0.73873323  |
|    encoding_variance    | 0.71857965  |
| policy/                 |             |
|    ent_coef             | 0.01        |
| time/                   |             |
|    fps                  | 13          |
|    iterations           | 51          |
|    time_elapsed         | 7941        |
|    total_timesteps      | 606208      |
| train/                  |             |
|    approx_kl            | 0.039320342 |
|    clip_fraction        | 0.33        |
|    clip_range           | 0.2         |
|    entropy_loss         | -22.8       |
|    explained_variance   | 0.127       |
|    learning_rate        | 0.0003      |
|    loss                 | -0.124      |
|    n_updates            | 2950        |
|    policy_gradient_loss | -0.0634     |
|    std                  | 4.31        |
|    value_loss           | 0.712       |
-----------------------------------------
----------------------------------------
| time/                   |            |
|    fps                  | 13         |
|    iterations           | 52         |
|    time_elapsed         | 8058       |
|    total_timesteps      | 608256     |
| train/                  |            |
|    approx_kl            | 0.03556919 |
|    clip_fraction        | 0.332      |
|    clip_range           | 0.2        |
|    entropy_loss         | -22.8      |
|    explained_variance   | -0.195     |
|    learning_rate        | 0.0003     |
|    loss                 | -0.0685    |
|    n_updates            | 2960       |
|    policy_gradient_loss | -0.0565    |
|    std                  | 4.31       |
|    value_loss           | 0.646      |
----------------------------------------
----------------------------------------
| lens1/                  |            |
|    dim_0_var            | 0.18831252 |
|    dim_1_var            | 0.8658014  |
|    dim_2_var            | 0.8074243  |
|    dim_3_var            | 0.37794104 |
|    dim_4_var            | 0.36237797 |
|    dim_5_var            | 0.95475715 |
|    dim_6_var            | 0.85045123 |
|    dim_7_var            | 0.3993628  |
|    encoding_variance    | 0.60080343 |
| policy/                 |            |
|    ent_coef             | 0.01       |
| time/                   |            |
|    fps                  | 13         |
|    iterations           | 53         |
|    time_elapsed         | 8178       |
|    total_timesteps      | 610304     |
| train/                  |            |
|    approx_kl            | 0.0376257  |
|    clip_fraction        | 0.318      |
|    clip_range           | 0.2        |
|    entropy_loss         | -22.8      |
|    explained_variance   | -0.0124    |
|    learning_rate        | 0.0003     |
|    loss                 | -0.23      |
|    n_updates            | 2970       |
|    policy_gradient_loss | -0.058     |
|    std                  | 4.33       |
|    value_loss           | 0.791      |
----------------------------------------
----------------------------------------
| time/                   |            |
|    fps                  | 13         |
|    iterations           | 54         |
|    time_elapsed         | 8289       |
|    total_timesteps      | 612352     |
| train/                  |            |
|    approx_kl            | 0.03616377 |
|    clip_fraction        | 0.322      |
|    clip_range           | 0.2        |
|    entropy_loss         | -22.8      |
|    explained_variance   | -0.312     |
|    learning_rate        | 0.0003     |
|    loss                 | -0.0421    |
|    n_updates            | 2980       |
|    policy_gradient_loss | -0.0552    |
|    std                  | 4.32       |
|    value_loss           | 0.662      |
----------------------------------------
----------------------------------------
| time/                   |            |
|    fps                  | 13         |
|    iterations           | 55         |
|    time_elapsed         | 8401       |
|    total_timesteps      | 614400     |
| train/                  |            |
|    approx_kl            | 0.04059894 |
|    clip_fraction        | 0.354      |
|    clip_range           | 0.2        |
|    entropy_loss         | -22.8      |
|    explained_variance   | -0.126     |
|    learning_rate        | 0.0003     |
|    loss                 | -0.163     |
|    n_updates            | 2990       |
|    policy_gradient_loss | -0.0597    |
|    std                  | 4.33       |
|    value_loss           | 0.473      |
----------------------------------------
----------------------------------------
| lens1/                  |            |
|    dim_0_var            | 0.3236277  |
|    dim_1_var            | 0.9525241  |
|    dim_2_var            | 0.9177935  |
|    dim_3_var            | 0.2841469  |
|    dim_4_var            | 0.21993597 |
|    dim_5_var            | 0.92513967 |
|    dim_6_var            | 0.62363684 |
|    dim_7_var            | 0.33363205 |
|    encoding_variance    | 0.5725547  |
| policy/                 |            |
|    ent_coef             | 0.01       |
| time/                   |            |
|    fps                  | 13         |
|    iterations           | 56         |
|    time_elapsed         | 8512       |
|    total_timesteps      | 616448     |
| train/                  |            |
|    approx_kl            | 0.04093159 |
|    clip_fraction        | 0.349      |
|    clip_range           | 0.2        |
|    entropy_loss         | -22.8      |
|    explained_variance   | -0.137     |
|    learning_rate        | 0.0003     |
|    loss                 | -0.0599    |
|    n_updates            | 3000       |
|    policy_gradient_loss | -0.057     |
|    std                  | 4.32       |
|    value_loss           | 0.631      |
----------------------------------------
-----------------------------------------
| time/                   |             |
|    fps                  | 13          |
|    iterations           | 57          |
|    time_elapsed         | 8627        |
|    total_timesteps      | 618496      |
| train/                  |             |
|    approx_kl            | 0.034676418 |
|    clip_fraction        | 0.309       |
|    clip_range           | 0.2         |
|    entropy_loss         | -22.8       |
|    explained_variance   | -0.0803     |
|    learning_rate        | 0.0003      |
|    loss                 | -0.0568     |
|    n_updates            | 3010        |
|    policy_gradient_loss | -0.0598     |
|    std                  | 4.31        |
|    value_loss           | 0.952       |
-----------------------------------------
----------------------------------------
| lens1/                  |            |
|    dim_0_var            | 0.5231716  |
|    dim_1_var            | 0.98192763 |
|    dim_2_var            | 0.40045112 |
|    dim_3_var            | 0.9641066  |
|    dim_4_var            | 0.4408447  |
|    dim_5_var            | 0.32785174 |
|    dim_6_var            | 0.22267261 |
|    dim_7_var            | 0.17539404 |
|    encoding_variance    | 0.5045525  |
| policy/                 |            |
|    ent_coef             | 0.01       |
| time/                   |            |
|    fps                  | 13         |
|    iterations           | 58         |
|    time_elapsed         | 8731       |
|    total_timesteps      | 620544     |
| train/                  |            |
|    approx_kl            | 0.04164724 |
|    clip_fraction        | 0.341      |
|    clip_range           | 0.2        |
|    entropy_loss         | -22.8      |
|    explained_variance   | -0.147     |
|    learning_rate        | 0.0003     |
|    loss                 | -0.161     |
|    n_updates            | 3020       |
|    policy_gradient_loss | -0.0619    |
|    std                  | 4.31       |
|    value_loss           | 0.539      |
----------------------------------------
-----------------------------------------
| time/                   |             |
|    fps                  | 13          |
|    iterations           | 59          |
|    time_elapsed         | 8847        |
|    total_timesteps      | 622592      |
| train/                  |             |
|    approx_kl            | 0.040074576 |
|    clip_fraction        | 0.343       |
|    clip_range           | 0.2         |
|    entropy_loss         | -22.7       |
|    explained_variance   | 0.00304     |
|    learning_rate        | 0.0003      |
|    loss                 | -0.171      |
|    n_updates            | 3030        |
|    policy_gradient_loss | -0.0575     |
|    std                  | 4.3         |
|    value_loss           | 0.747       |
-----------------------------------------
-----------------------------------------
| time/                   |             |
|    fps                  | 13          |
|    iterations           | 60          |
|    time_elapsed         | 8959        |
|    total_timesteps      | 624640      |
| train/                  |             |
|    approx_kl            | 0.037553277 |
|    clip_fraction        | 0.329       |
|    clip_range           | 0.2         |
|    entropy_loss         | -22.7       |
|    explained_variance   | -0.206      |
|    learning_rate        | 0.0003      |
|    loss                 | -0.0193     |
|    n_updates            | 3040        |
|    policy_gradient_loss | -0.0581     |
|    std                  | 4.31        |
|    value_loss           | 0.779       |
-----------------------------------------
-----------------------------------------
| lens1/                  |             |
|    dim_0_var            | 0.885339    |
|    dim_1_var            | 0.72717994  |
|    dim_2_var            | 0.27274442  |
|    dim_3_var            | 0.4676282   |
|    dim_4_var            | 0.97109175  |
|    dim_5_var            | 0.9644592   |
|    dim_6_var            | 0.91683     |
|    dim_7_var            | 0.40954727  |
|    encoding_variance    | 0.70185256  |
| policy/                 |             |
|    ent_coef             | 0.01        |
| time/                   |             |
|    fps                  | 13          |
|    iterations           | 61          |
|    time_elapsed         | 9074        |
|    total_timesteps      | 626688      |
| train/                  |             |
|    approx_kl            | 0.036813088 |
|    clip_fraction        | 0.324       |
|    clip_range           | 0.2         |
|    entropy_loss         | -22.8       |
|    explained_variance   | -0.0207     |
|    learning_rate        | 0.0003      |
|    loss                 | 0.0109      |
|    n_updates            | 3050        |
|    policy_gradient_loss | -0.0584     |
|    std                  | 4.33        |
|    value_loss           | 0.758       |
-----------------------------------------
Eval num_timesteps=626760, episode_reward=1.44 +/- 0.70
Episode length: 52.00 +/- 0.00
-----------------------------------------
| eval/                   |             |
|    mean_ep_length       | 52          |
|    mean_reward          | 1.44        |
| time/                   |             |
|    total_timesteps      | 626760      |
| train/                  |             |
|    approx_kl            | 0.040398747 |
|    clip_fraction        | 0.331       |
|    clip_range           | 0.2         |
|    entropy_loss         | -22.8       |
|    explained_variance   | 0.0495      |
|    learning_rate        | 0.0003      |
|    loss                 | -0.119      |
|    n_updates            | 3060        |
|    policy_gradient_loss | -0.0591     |
|    std                  | 4.32        |
|    value_loss           | 0.593       |
-----------------------------------------
-------------------------------
| time/              |        |
|    fps             | 13     |
|    iterations      | 62     |
|    time_elapsed    | 9182   |
|    total_timesteps | 628736 |
-------------------------------
-----------------------------------------
| lens1/                  |             |
|    dim_0_var            | 0.58572215  |
|    dim_1_var            | 0.71254295  |
|    dim_2_var            | 0.92160916  |
|    dim_3_var            | 0.42473328  |
|    dim_4_var            | 0.47706592  |
|    dim_5_var            | 0.5190017   |
|    dim_6_var            | 0.6680502   |
|    dim_7_var            | 0.5894902   |
|    encoding_variance    | 0.6122769   |
| policy/                 |             |
|    ent_coef             | 0.01        |
| time/                   |             |
|    fps                  | 13          |
|    iterations           | 63          |
|    time_elapsed         | 9302        |
|    total_timesteps      | 630784      |
| train/                  |             |
|    approx_kl            | 0.044979163 |
|    clip_fraction        | 0.363       |
|    clip_range           | 0.2         |
|    entropy_loss         | -22.8       |
|    explained_variance   | -0.14       |
|    learning_rate        | 0.0003      |
|    loss                 | -0.141      |
|    n_updates            | 3070        |
|    policy_gradient_loss | -0.0598     |
|    std                  | 4.33        |
|    value_loss           | 0.54        |
-----------------------------------------
-----------------------------------------
| time/                   |             |
|    fps                  | 13          |
|    iterations           | 64          |
|    time_elapsed         | 9410        |
|    total_timesteps      | 632832      |
| train/                  |             |
|    approx_kl            | 0.038290497 |
|    clip_fraction        | 0.33        |
|    clip_range           | 0.2         |
|    entropy_loss         | -22.8       |
|    explained_variance   | 0.0361      |
|    learning_rate        | 0.0003      |
|    loss                 | -0.19       |
|    n_updates            | 3080        |
|    policy_gradient_loss | -0.0555     |
|    std                  | 4.35        |
|    value_loss           | 0.633       |
-----------------------------------------
-----------------------------------------
| time/                   |             |
|    fps                  | 13          |
|    iterations           | 65          |
|    time_elapsed         | 9522        |
|    total_timesteps      | 634880      |
| train/                  |             |
|    approx_kl            | 0.038449675 |
|    clip_fraction        | 0.324       |
|    clip_range           | 0.2         |
|    entropy_loss         | -22.8       |
|    explained_variance   | -0.0898     |
|    learning_rate        | 0.0003      |
|    loss                 | -0.0554     |
|    n_updates            | 3090        |
|    policy_gradient_loss | -0.0591     |
|    std                  | 4.35        |
|    value_loss           | 0.751       |
-----------------------------------------
-----------------------------------------
| lens1/                  |             |
|    dim_0_var            | 0.5145048   |
|    dim_1_var            | 0.5082788   |
|    dim_2_var            | 0.37998742  |
|    dim_3_var            | 0.5363367   |
|    dim_4_var            | 0.9636928   |
|    dim_5_var            | 0.85492486  |
|    dim_6_var            | 0.8876746   |
|    dim_7_var            | 0.37088412  |
|    encoding_variance    | 0.6270358   |
| policy/                 |             |
|    ent_coef             | 0.01        |
| time/                   |             |
|    fps                  | 14          |
|    iterations           | 66          |
|    time_elapsed         | 9634        |
|    total_timesteps      | 636928      |
| train/                  |             |
|    approx_kl            | 0.039074533 |
|    clip_fraction        | 0.331       |
|    clip_range           | 0.2         |
|    entropy_loss         | -22.8       |
|    explained_variance   | -0.191      |
|    learning_rate        | 0.0003      |
|    loss                 | 0.0695      |
|    n_updates            | 3100        |
|    policy_gradient_loss | -0.0574     |
|    std                  | 4.36        |
|    value_loss           | 0.982       |
-----------------------------------------
-----------------------------------------
| time/                   |             |
|    fps                  | 14          |
|    iterations           | 67          |
|    time_elapsed         | 9747        |
|    total_timesteps      | 638976      |
| train/                  |             |
|    approx_kl            | 0.043200914 |
|    clip_fraction        | 0.363       |
|    clip_range           | 0.2         |
|    entropy_loss         | -22.8       |
|    explained_variance   | 0.119       |
|    learning_rate        | 0.0003      |
|    loss                 | -0.176      |
|    n_updates            | 3110        |
|    policy_gradient_loss | -0.0585     |
|    std                  | 4.36        |
|    value_loss           | 0.468       |
-----------------------------------------
----------------------------------------
| lens1/                  |            |
|    dim_0_var            | 0.9582634  |
|    dim_1_var            | 0.6756263  |
|    dim_2_var            | 0.44141343 |
|    dim_3_var            | 0.5426842  |
|    dim_4_var            | 0.33120728 |
|    dim_5_var            | 0.5629363  |
|    dim_6_var            | 0.32856804 |
|    dim_7_var            | 0.58975047 |
|    encoding_variance    | 0.5538061  |
| policy/                 |            |
|    ent_coef             | 0.01       |
| time/                   |            |
|    fps                  | 14         |
|    iterations           | 68         |
|    time_elapsed         | 9859       |
|    total_timesteps      | 641024     |
| train/                  |            |
|    approx_kl            | 0.04126006 |
|    clip_fraction        | 0.331      |
|    clip_range           | 0.2        |
|    entropy_loss         | -22.8      |
|    explained_variance   | -0.00894   |
|    learning_rate        | 0.0003     |
|    loss                 | -0.174     |
|    n_updates            | 3120       |
|    policy_gradient_loss | -0.0571    |
|    std                  | 4.35       |
|    value_loss           | 0.663      |
----------------------------------------
-----------------------------------------
| time/                   |             |
|    fps                  | 14          |
|    iterations           | 69          |
|    time_elapsed         | 9968        |
|    total_timesteps      | 643072      |
| train/                  |             |
|    approx_kl            | 0.045933615 |
|    clip_fraction        | 0.361       |
|    clip_range           | 0.2         |
|    entropy_loss         | -22.8       |
|    explained_variance   | 0.0194      |
|    learning_rate        | 0.0003      |
|    loss                 | -0.13       |
|    n_updates            | 3130        |
|    policy_gradient_loss | -0.0549     |
|    std                  | 4.36        |
|    value_loss           | 0.691       |
-----------------------------------------
----------------------------------------
| lens1/                  |            |
|    dim_0_var            | 0.9325409  |
|    dim_1_var            | 0.41342    |
|    dim_2_var            | 0.43164122 |
|    dim_3_var            | 0.3751526  |
|    dim_4_var            | 0.28454766 |
|    dim_5_var            | 0.9848788  |
|    dim_6_var            | 0.35382077 |
|    dim_7_var            | 0.9475403  |
|    encoding_variance    | 0.59044284 |
| policy/                 |            |
|    ent_coef             | 0.01       |
| time/                   |            |
|    fps                  | 14         |
|    iterations           | 70         |
|    time_elapsed         | 10085      |
|    total_timesteps      | 645120     |
| train/                  |            |
|    approx_kl            | 0.0474018  |
|    clip_fraction        | 0.353      |
|    clip_range           | 0.2        |
|    entropy_loss         | -22.8      |
|    explained_variance   | -0.0657    |
|    learning_rate        | 0.0003     |
|    loss                 | -0.0642    |
|    n_updates            | 3140       |
|    policy_gradient_loss | -0.0591    |
|    std                  | 4.36       |
|    value_loss           | 0.706      |
----------------------------------------
-----------------------------------------
| time/                   |             |
|    fps                  | 14          |
|    iterations           | 71          |
|    time_elapsed         | 10197       |
|    total_timesteps      | 647168      |
| train/                  |             |
|    approx_kl            | 0.040832184 |
|    clip_fraction        | 0.329       |
|    clip_range           | 0.2         |
|    entropy_loss         | -22.8       |
|    explained_variance   | -0.179      |
|    learning_rate        | 0.0003      |
|    loss                 | -0.14       |
|    n_updates            | 3150        |
|    policy_gradient_loss | -0.0551     |
|    std                  | 4.35        |
|    value_loss           | 0.754       |
-----------------------------------------
-----------------------------------------
| time/                   |             |
|    fps                  | 14          |
|    iterations           | 72          |
|    time_elapsed         | 10303       |
|    total_timesteps      | 649216      |
| train/                  |             |
|    approx_kl            | 0.035445705 |
|    clip_fraction        | 0.324       |
|    clip_range           | 0.2         |
|    entropy_loss         | -22.8       |
|    explained_variance   | 0.0165      |
|    learning_rate        | 0.0003      |
|    loss                 | 0.0318      |
|    n_updates            | 3160        |
|    policy_gradient_loss | -0.0558     |
|    std                  | 4.35        |
|    value_loss           | 0.775       |
-----------------------------------------
-----------------------------------------
| lens1/                  |             |
|    dim_0_var            | 0.1683996   |
|    dim_1_var            | 0.15906698  |
|    dim_2_var            | 0.49035722  |
|    dim_3_var            | 0.9573023   |
|    dim_4_var            | 0.14955635  |
|    dim_5_var            | 0.47771615  |
|    dim_6_var            | 0.95725334  |
|    dim_7_var            | 0.87528574  |
|    encoding_variance    | 0.5293672   |
| policy/                 |             |
|    ent_coef             | 0.01        |
| time/                   |             |
|    fps                  | 14          |
|    iterations           | 73          |
|    time_elapsed         | 10419       |
|    total_timesteps      | 651264      |
| train/                  |             |
|    approx_kl            | 0.042769782 |
|    clip_fraction        | 0.35        |
|    clip_range           | 0.2         |
|    entropy_loss         | -22.8       |
|    explained_variance   | -0.0848     |
|    learning_rate        | 0.0003      |
|    loss                 | -0.0507     |
|    n_updates            | 3170        |
|    policy_gradient_loss | -0.0602     |
|    std                  | 4.34        |
|    value_loss           | 0.651       |
-----------------------------------------
Eval num_timesteps=651760, episode_reward=2.35 +/- 2.79
Episode length: 51.80 +/- 0.40
-----------------------------------------
| eval/                   |             |
|    mean_ep_length       | 51.8        |
|    mean_reward          | 2.35        |
| time/                   |             |
|    total_timesteps      | 651760      |
| train/                  |             |
|    approx_kl            | 0.042284377 |
|    clip_fraction        | 0.364       |
|    clip_range           | 0.2         |
|    entropy_loss         | -22.8       |
|    explained_variance   | -0.077      |
|    learning_rate        | 0.0003      |
|    loss                 | -0.135      |
|    n_updates            | 3180        |
|    policy_gradient_loss | -0.0627     |
|    std                  | 4.33        |
|    value_loss           | 0.629       |
-----------------------------------------
New best mean reward!
-------------------------------
| time/              |        |
|    fps             | 14     |
|    iterations      | 74     |
|    time_elapsed    | 10535  |
|    total_timesteps | 653312 |
-------------------------------
-----------------------------------------
| lens1/                  |             |
|    dim_0_var            | 0.026958957 |
|    dim_1_var            | 0.43128625  |
|    dim_2_var            | 0.98128027  |
|    dim_3_var            | 0.8859071   |
|    dim_4_var            | 0.54861546  |
|    dim_5_var            | 0.57510495  |
|    dim_6_var            | 0.7878063   |
|    dim_7_var            | 0.9401253   |
|    encoding_variance    | 0.64713556  |
| policy/                 |             |
|    ent_coef             | 0.01        |
| time/                   |             |
|    fps                  | 14          |
|    iterations           | 75          |
|    time_elapsed         | 10648       |
|    total_timesteps      | 655360      |
| train/                  |             |
|    approx_kl            | 0.04232563  |
|    clip_fraction        | 0.348       |
|    clip_range           | 0.2         |
|    entropy_loss         | -22.8       |
|    explained_variance   | -0.00894    |
|    learning_rate        | 0.0003      |
|    loss                 | -0.219      |
|    n_updates            | 3190        |
|    policy_gradient_loss | -0.0576     |
|    std                  | 4.34        |
|    value_loss           | 0.613       |
-----------------------------------------
-----------------------------------------
| time/                   |             |
|    fps                  | 14          |
|    iterations           | 76          |
|    time_elapsed         | 10755       |
|    total_timesteps      | 657408      |
| train/                  |             |
|    approx_kl            | 0.042133432 |
|    clip_fraction        | 0.361       |
|    clip_range           | 0.2         |
|    entropy_loss         | -22.8       |
|    explained_variance   | -0.264      |
|    learning_rate        | 0.0003      |
|    loss                 | -0.0664     |
|    n_updates            | 3200        |
|    policy_gradient_loss | -0.0621     |
|    std                  | 4.35        |
|    value_loss           | 0.605       |
-----------------------------------------
-----------------------------------------
| time/                   |             |
|    fps                  | 14          |
|    iterations           | 77          |
|    time_elapsed         | 10862       |
|    total_timesteps      | 659456      |
| train/                  |             |
|    approx_kl            | 0.044691555 |
|    clip_fraction        | 0.355       |
|    clip_range           | 0.2         |
|    entropy_loss         | -22.8       |
|    explained_variance   | -0.349      |
|    learning_rate        | 0.0003      |
|    loss                 | -0.19       |
|    n_updates            | 3210        |
|    policy_gradient_loss | -0.0591     |
|    std                  | 4.34        |
|    value_loss           | 0.463       |
-----------------------------------------
----------------------------------------
| lens1/                  |            |
|    dim_0_var            | 0.762183   |
|    dim_1_var            | 0.43214542 |
|    dim_2_var            | 0.5679583  |
|    dim_3_var            | 0.42703614 |
|    dim_4_var            | 0.30172166 |
|    dim_5_var            | 0.98282737 |
|    dim_6_var            | 0.94975525 |
|    dim_7_var            | 0.6765678  |
|    encoding_variance    | 0.63752437 |
| policy/                 |            |
|    ent_coef             | 0.01       |
| time/                   |            |
|    fps                  | 14         |
|    iterations           | 78         |
|    time_elapsed         | 10995      |
|    total_timesteps      | 661504     |
| train/                  |            |
|    approx_kl            | 0.04068508 |
|    clip_fraction        | 0.347      |
|    clip_range           | 0.2        |
|    entropy_loss         | -22.8      |
|    explained_variance   | -0.0198    |
|    learning_rate        | 0.0003     |
|    loss                 | 0.068      |
|    n_updates            | 3220       |
|    policy_gradient_loss | -0.0583    |
|    std                  | 4.32       |
|    value_loss           | 0.752      |
----------------------------------------
-----------------------------------------
| time/                   |             |
|    fps                  | 14          |
|    iterations           | 79          |
|    time_elapsed         | 11109       |
|    total_timesteps      | 663552      |
| train/                  |             |
|    approx_kl            | 0.041079156 |
|    clip_fraction        | 0.349       |
|    clip_range           | 0.2         |
|    entropy_loss         | -22.8       |
|    explained_variance   | -0.0521     |
|    learning_rate        | 0.0003      |
|    loss                 | 0.0909      |
|    n_updates            | 3230        |
|    policy_gradient_loss | -0.0567     |
|    std                  | 4.33        |
|    value_loss           | 0.69        |
-----------------------------------------
-----------------------------------------
| lens1/                  |             |
|    dim_0_var            | 0.9814387   |
|    dim_1_var            | 0.9618366   |
|    dim_2_var            | 0.47947842  |
|    dim_3_var            | 0.38048476  |
|    dim_4_var            | 0.53834784  |
|    dim_5_var            | 0.8600194   |
|    dim_6_var            | 0.9000539   |
|    dim_7_var            | 0.53726226  |
|    encoding_variance    | 0.7048656   |
| policy/                 |             |
|    ent_coef             | 0.01        |
| time/                   |             |
|    fps                  | 14          |
|    iterations           | 80          |
|    time_elapsed         | 11228       |
|    total_timesteps      | 665600      |
| train/                  |             |
|    approx_kl            | 0.040696904 |
|    clip_fraction        | 0.336       |
|    clip_range           | 0.2         |
|    entropy_loss         | -22.8       |
|    explained_variance   | -0.0978     |
|    learning_rate        | 0.0003      |
|    loss                 | 0.0638      |
|    n_updates            | 3240        |
|    policy_gradient_loss | -0.0609     |
|    std                  | 4.34        |
|    value_loss           | 0.918       |
-----------------------------------------
-----------------------------------------
| time/                   |             |
|    fps                  | 14          |
|    iterations           | 81          |
|    time_elapsed         | 11345       |
|    total_timesteps      | 667648      |
| train/                  |             |
|    approx_kl            | 0.043517433 |
|    clip_fraction        | 0.365       |
|    clip_range           | 0.2         |
|    entropy_loss         | -22.8       |
|    explained_variance   | -0.0168     |
|    learning_rate        | 0.0003      |
|    loss                 | -0.129      |
|    n_updates            | 3250        |
|    policy_gradient_loss | -0.0597     |
|    std                  | 4.34        |
|    value_loss           | 0.742       |
-----------------------------------------
-----------------------------------------
| time/                   |             |
|    fps                  | 14          |
|    iterations           | 82          |
|    time_elapsed         | 11460       |
|    total_timesteps      | 669696      |
| train/                  |             |
|    approx_kl            | 0.047628976 |
|    clip_fraction        | 0.369       |
|    clip_range           | 0.2         |
|    entropy_loss         | -22.8       |
|    explained_variance   | -0.133      |
|    learning_rate        | 0.0003      |
|    loss                 | 0.0592      |
|    n_updates            | 3260        |
|    policy_gradient_loss | -0.0587     |
|    std                  | 4.35        |
|    value_loss           | 0.711       |
-----------------------------------------
-----------------------------------------
| lens1/                  |             |
|    dim_0_var            | 0.6727965   |
|    dim_1_var            | 0.93454164  |
|    dim_2_var            | 0.94807726  |
|    dim_3_var            | 0.5687411   |
|    dim_4_var            | 0.36863777  |
|    dim_5_var            | 0.9516016   |
|    dim_6_var            | 0.27980742  |
|    dim_7_var            | 0.93540335  |
|    encoding_variance    | 0.707451    |
| policy/                 |             |
|    ent_coef             | 0.01        |
| time/                   |             |
|    fps                  | 14          |
|    iterations           | 83          |
|    time_elapsed         | 11573       |
|    total_timesteps      | 671744      |
| train/                  |             |
|    approx_kl            | 0.044779412 |
|    clip_fraction        | 0.364       |
|    clip_range           | 0.2         |
|    entropy_loss         | -22.8       |
|    explained_variance   | 0.0217      |
|    learning_rate        | 0.0003      |
|    loss                 | -0.0308     |
|    n_updates            | 3270        |
|    policy_gradient_loss | -0.0596     |
|    std                  | 4.36        |
|    value_loss           | 0.5         |
-----------------------------------------
----------------------------------------
| time/                   |            |
|    fps                  | 14         |
|    iterations           | 84         |
|    time_elapsed         | 11671      |
|    total_timesteps      | 673792     |
| train/                  |            |
|    approx_kl            | 0.04637668 |
|    clip_fraction        | 0.362      |
|    clip_range           | 0.2        |
|    entropy_loss         | -22.9      |
|    explained_variance   | 0.116      |
|    learning_rate        | 0.0003     |
|    loss                 | -0.127     |
|    n_updates            | 3280       |
|    policy_gradient_loss | -0.0564    |
|    std                  | 4.39       |
|    value_loss           | 0.477      |
----------------------------------------
----------------------------------------
| lens1/                  |            |
|    dim_0_var            | 0.94132876 |
|    dim_1_var            | 0.32096526 |
|    dim_2_var            | 0.99229246 |
|    dim_3_var            | 0.9641713  |
|    dim_4_var            | 0.9697769  |
|    dim_5_var            | 0.984527   |
|    dim_6_var            | 0.47725704 |
|    dim_7_var            | 0.9821657  |
|    encoding_variance    | 0.82906044 |
| policy/                 |            |
|    ent_coef             | 0.01       |
| time/                   |            |
|    fps                  | 14         |
|    iterations           | 85         |
|    time_elapsed         | 11784      |
|    total_timesteps      | 675840     |
| train/                  |            |
|    approx_kl            | 0.0459164  |
|    clip_fraction        | 0.358      |
|    clip_range           | 0.2        |
|    entropy_loss         | -22.9      |
|    explained_variance   | -0.158     |
|    learning_rate        | 0.0003     |
|    loss                 | 0.0435     |
|    n_updates            | 3290       |
|    policy_gradient_loss | -0.0585    |
|    std                  | 4.42       |
|    value_loss           | 0.6        |
----------------------------------------
Eval num_timesteps=676760, episode_reward=0.35 +/- 0.82
Episode length: 52.00 +/- 0.00
-----------------------------------------
| eval/                   |             |
|    mean_ep_length       | 52          |
|    mean_reward          | 0.35        |
| time/                   |             |
|    total_timesteps      | 676760      |
| train/                  |             |
|    approx_kl            | 0.042435907 |
|    clip_fraction        | 0.339       |
|    clip_range           | 0.2         |
|    entropy_loss         | -23         |
|    explained_variance   | -0.0102     |
|    learning_rate        | 0.0003      |
|    loss                 | -0.0914     |
|    n_updates            | 3300        |
|    policy_gradient_loss | -0.0576     |
|    std                  | 4.43        |
|    value_loss           | 0.627       |
-----------------------------------------
-------------------------------
| time/              |        |
|    fps             | 14     |
|    iterations      | 86     |
|    time_elapsed    | 11885  |
|    total_timesteps | 677888 |
-------------------------------
----------------------------------------
| time/                   |            |
|    fps                  | 14         |
|    iterations           | 87         |
|    time_elapsed         | 11977      |
|    total_timesteps      | 679936     |
| train/                  |            |
|    approx_kl            | 0.04525748 |
|    clip_fraction        | 0.372      |
|    clip_range           | 0.2        |
|    entropy_loss         | -23        |
|    explained_variance   | -0.19      |
|    learning_rate        | 0.0003     |
|    loss                 | -0.0289    |
|    n_updates            | 3310       |
|    policy_gradient_loss | -0.0616    |
|    std                  | 4.44       |
|    value_loss           | 0.684      |
----------------------------------------
-----------------------------------------
| lens1/                  |             |
|    dim_0_var            | 0.9178653   |
|    dim_1_var            | 0.35654458  |
|    dim_2_var            | 0.98804903  |
|    dim_3_var            | 0.52792203  |
|    dim_4_var            | 0.34728497  |
|    dim_5_var            | 0.9640838   |
|    dim_6_var            | 0.93642354  |
|    dim_7_var            | 0.38941276  |
|    encoding_variance    | 0.67844784  |
| policy/                 |             |
|    ent_coef             | 0.01        |
| time/                   |             |
|    fps                  | 14          |
|    iterations           | 88          |
|    time_elapsed         | 12072       |
|    total_timesteps      | 681984      |
| train/                  |             |
|    approx_kl            | 0.040877476 |
|    clip_fraction        | 0.356       |
|    clip_range           | 0.2         |
|    entropy_loss         | -23         |
|    explained_variance   | -0.0184     |
|    learning_rate        | 0.0003      |
|    loss                 | -0.148      |
|    n_updates            | 3320        |
|    policy_gradient_loss | -0.0617     |
|    std                  | 4.47        |
|    value_loss           | 0.678       |
-----------------------------------------
-----------------------------------------
| time/                   |             |
|    fps                  | 14          |
|    iterations           | 89          |
|    time_elapsed         | 12165       |
|    total_timesteps      | 684032      |
| train/                  |             |
|    approx_kl            | 0.043529212 |
|    clip_fraction        | 0.339       |
|    clip_range           | 0.2         |
|    entropy_loss         | -23         |
|    explained_variance   | 0.0714      |
|    learning_rate        | 0.0003      |
|    loss                 | -0.0919     |
|    n_updates            | 3330        |
|    policy_gradient_loss | -0.0607     |
|    std                  | 4.47        |
|    value_loss           | 0.811       |
-----------------------------------------
-----------------------------------------
| lens1/                  |             |
|    dim_0_var            | 0.4567551   |
|    dim_1_var            | 0.5631659   |
|    dim_2_var            | 0.6639149   |
|    dim_3_var            | 0.5967825   |
|    dim_4_var            | 0.94225955  |
|    dim_5_var            | 0.3045372   |
|    dim_6_var            | 0.7924334   |
|    dim_7_var            | 0.86183745  |
|    encoding_variance    | 0.6477106   |
| policy/                 |             |
|    ent_coef             | 0.01        |
| time/                   |             |
|    fps                  | 14          |
|    iterations           | 90          |
|    time_elapsed         | 12288       |
|    total_timesteps      | 686080      |
| train/                  |             |
|    approx_kl            | 0.048109353 |
|    clip_fraction        | 0.375       |
|    clip_range           | 0.2         |
|    entropy_loss         | -23         |
|    explained_variance   | -0.0917     |
|    learning_rate        | 0.0003      |
|    loss                 | -0.0908     |
|    n_updates            | 3340        |
|    policy_gradient_loss | -0.0643     |
|    std                  | 4.47        |
|    value_loss           | 0.707       |
-----------------------------------------
-----------------------------------------
| time/                   |             |
|    fps                  | 15          |
|    iterations           | 91          |
|    time_elapsed         | 12419       |
|    total_timesteps      | 688128      |
| train/                  |             |
|    approx_kl            | 0.043960832 |
|    clip_fraction        | 0.356       |
|    clip_range           | 0.2         |
|    entropy_loss         | -23         |
|    explained_variance   | -0.0815     |
|    learning_rate        | 0.0003      |
|    loss                 | 0.0497      |
|    n_updates            | 3350        |
|    policy_gradient_loss | -0.0604     |
|    std                  | 4.5         |
|    value_loss           | 0.811       |
-----------------------------------------
----------------------------------------
| lens1/                  |            |
|    dim_0_var            | 0.7733078  |
|    dim_1_var            | 0.6518388  |
|    dim_2_var            | 0.6955355  |
|    dim_3_var            | 0.83711076 |
|    dim_4_var            | 0.4895799  |
|    dim_5_var            | 0.52616346 |
|    dim_6_var            | 0.68936    |
|    dim_7_var            | 0.70932406 |
|    encoding_variance    | 0.6715276  |
| policy/                 |            |
|    ent_coef             | 0.01       |
| time/                   |            |
|    fps                  | 15         |
|    iterations           | 92         |
|    time_elapsed         | 12519      |
|    total_timesteps      | 690176     |
| train/                  |            |
|    approx_kl            | 0.04121639 |
|    clip_fraction        | 0.335      |
|    clip_range           | 0.2        |
|    entropy_loss         | -23.1      |
|    explained_variance   | -0.157     |
|    learning_rate        | 0.0003     |
|    loss                 | -0.137     |
|    n_updates            | 3360       |
|    policy_gradient_loss | -0.0611    |
|    std                  | 4.49       |
|    value_loss           | 0.795      |
----------------------------------------
-----------------------------------------
| time/                   |             |
|    fps                  | 15          |
|    iterations           | 93          |
|    time_elapsed         | 12624       |
|    total_timesteps      | 692224      |
| train/                  |             |
|    approx_kl            | 0.048260838 |
|    clip_fraction        | 0.37        |
|    clip_range           | 0.2         |
|    entropy_loss         | -23.1       |
|    explained_variance   | 0.0705      |
|    learning_rate        | 0.0003      |
|    loss                 | -0.0965     |
|    n_updates            | 3370        |
|    policy_gradient_loss | -0.0649     |
|    std                  | 4.49        |
|    value_loss           | 0.68        |
-----------------------------------------
----------------------------------------
| time/                   |            |
|    fps                  | 15         |
|    iterations           | 94         |
|    time_elapsed         | 12743      |
|    total_timesteps      | 694272     |
| train/                  |            |
|    approx_kl            | 0.04310692 |
|    clip_fraction        | 0.345      |
|    clip_range           | 0.2        |
|    entropy_loss         | -23.1      |
|    explained_variance   | -0.13      |
|    learning_rate        | 0.0003     |
|    loss                 | -0.0178    |
|    n_updates            | 3380       |
|    policy_gradient_loss | -0.0585    |
|    std                  | 4.5        |
|    value_loss           | 0.853      |
----------------------------------------
-----------------------------------------
| lens1/                  |             |
|    dim_0_var            | 0.8075466   |
|    dim_1_var            | 0.5379084   |
|    dim_2_var            | 0.95180357  |
|    dim_3_var            | 0.4036051   |
|    dim_4_var            | 0.8842616   |
|    dim_5_var            | 0.9532312   |
|    dim_6_var            | 0.6032983   |
|    dim_7_var            | 0.3249949   |
|    encoding_variance    | 0.6833311   |
| policy/                 |             |
|    ent_coef             | 0.01        |
| time/                   |             |
|    fps                  | 15          |
|    iterations           | 95          |
|    time_elapsed         | 12856       |
|    total_timesteps      | 696320      |
| train/                  |             |
|    approx_kl            | 0.049169727 |
|    clip_fraction        | 0.371       |
|    clip_range           | 0.2         |
|    entropy_loss         | -23.1       |
|    explained_variance   | -0.262      |
|    learning_rate        | 0.0003      |
|    loss                 | -0.0869     |
|    n_updates            | 3390        |
|    policy_gradient_loss | -0.059      |
|    std                  | 4.51        |
|    value_loss           | 0.621       |
-----------------------------------------
-----------------------------------------
| time/                   |             |
|    fps                  | 15          |
|    iterations           | 96          |
|    time_elapsed         | 12970       |
|    total_timesteps      | 698368      |
| train/                  |             |
|    approx_kl            | 0.047911588 |
|    clip_fraction        | 0.387       |
|    clip_range           | 0.2         |
|    entropy_loss         | -23.1       |
|    explained_variance   | -0.0174     |
|    learning_rate        | 0.0003      |
|    loss                 | -0.082      |
|    n_updates            | 3400        |
|    policy_gradient_loss | -0.063      |
|    std                  | 4.53        |
|    value_loss           | 0.486       |
-----------------------------------------
-----------------------------------------
| lens1/                  |             |
|    dim_0_var            | 0.20550413  |
|    dim_1_var            | 0.21267124  |
|    dim_2_var            | 0.55180836  |
|    dim_3_var            | 0.9208138   |
|    dim_4_var            | 0.91319907  |
|    dim_5_var            | 0.96214867  |
|    dim_6_var            | 0.29143155  |
|    dim_7_var            | 0.8351596   |
|    encoding_variance    | 0.61159205  |
| policy/                 |             |
|    ent_coef             | 0.01        |
| time/                   |             |
|    fps                  | 15          |
|    iterations           | 97          |
|    time_elapsed         | 13075       |
|    total_timesteps      | 700416      |
| train/                  |             |
|    approx_kl            | 0.048490874 |
|    clip_fraction        | 0.379       |
|    clip_range           | 0.2         |
|    entropy_loss         | -23.1       |
|    explained_variance   | -0.113      |
|    learning_rate        | 0.0003      |
|    loss                 | -0.0993     |
|    n_updates            | 3410        |
|    policy_gradient_loss | -0.0639     |
|    std                  | 4.51        |
|    value_loss           | 0.589       |
-----------------------------------------
Eval num_timesteps=701760, episode_reward=0.93 +/- 0.71
Episode length: 52.00 +/- 0.00
-----------------------------------------
| eval/                   |             |
|    mean_ep_length       | 52          |
|    mean_reward          | 0.933       |
| time/                   |             |
|    total_timesteps      | 701760      |
| train/                  |             |
|    approx_kl            | 0.047907315 |
|    clip_fraction        | 0.377       |
|    clip_range           | 0.2         |
|    entropy_loss         | -23.1       |
|    explained_variance   | -0.223      |
|    learning_rate        | 0.0003      |
|    loss                 | -0.0776     |
|    n_updates            | 3420        |
|    policy_gradient_loss | -0.0627     |
|    std                  | 4.51        |
|    value_loss           | 0.616       |
-----------------------------------------
-------------------------------
| time/              |        |
|    fps             | 15     |
|    iterations      | 98     |
|    time_elapsed    | 13185  |
|    total_timesteps | 702464 |
-------------------------------
-----------------------------------------
| time/                   |             |
|    fps                  | 15          |
|    iterations           | 99          |
|    time_elapsed         | 13290       |
|    total_timesteps      | 704512      |
| train/                  |             |
|    approx_kl            | 0.046124227 |
|    clip_fraction        | 0.379       |
|    clip_range           | 0.2         |
|    entropy_loss         | -23.1       |
|    explained_variance   | 0.0433      |
|    learning_rate        | 0.0003      |
|    loss                 | -0.0917     |
|    n_updates            | 3430        |
|    policy_gradient_loss | -0.0651     |
|    std                  | 4.54        |
|    value_loss           | 0.599       |
-----------------------------------------
----------------------------------------
| lens1/                  |            |
|    dim_0_var            | 0.1631565  |
|    dim_1_var            | 0.9766805  |
|    dim_2_var            | 0.9681022  |
|    dim_3_var            | 0.20030998 |
|    dim_4_var            | 0.52977896 |
|    dim_5_var            | 0.31885856 |
|    dim_6_var            | 0.30502388 |
|    dim_7_var            | 0.262725   |
|    encoding_variance    | 0.46557927 |
| policy/                 |            |
|    ent_coef             | 0.01       |
| time/                   |            |
|    fps                  | 15         |
|    iterations           | 100        |
|    time_elapsed         | 13405      |
|    total_timesteps      | 706560     |
| train/                  |            |
|    approx_kl            | 0.04549239 |
|    clip_fraction        | 0.362      |
|    clip_range           | 0.2        |
|    entropy_loss         | -23.1      |
|    explained_variance   | 0.123      |
|    learning_rate        | 0.0003     |
|    loss                 | -0.0109    |
|    n_updates            | 3440       |
|    policy_gradient_loss | -0.066     |
|    std                  | 4.52       |
|    value_loss           | 0.771      |
----------------------------------------
-----------------------------------------
| time/                   |             |
|    fps                  | 15          |
|    iterations           | 101         |
|    time_elapsed         | 13510       |
|    total_timesteps      | 708608      |
| train/                  |             |
|    approx_kl            | 0.045672037 |
|    clip_fraction        | 0.364       |
|    clip_range           | 0.2         |
|    entropy_loss         | -23.1       |
|    explained_variance   | 0.0237      |
|    learning_rate        | 0.0003      |
|    loss                 | -0.0519     |
|    n_updates            | 3450        |
|    policy_gradient_loss | -0.0618     |
|    std                  | 4.53        |
|    value_loss           | 0.591       |
-----------------------------------------
-----------------------------------------
| lens1/                  |             |
|    dim_0_var            | 0.6936926   |
|    dim_1_var            | 0.98985535  |
|    dim_2_var            | 0.4850853   |
|    dim_3_var            | 0.989496    |
|    dim_4_var            | 0.3154045   |
|    dim_5_var            | 0.9683304   |
|    dim_6_var            | 0.60865235  |
|    dim_7_var            | 0.88442975  |
|    encoding_variance    | 0.7418681   |
| policy/                 |             |
|    ent_coef             | 0.01        |
| time/                   |             |
|    fps                  | 15          |
|    iterations           | 102         |
|    time_elapsed         | 13610       |
|    total_timesteps      | 710656      |
| train/                  |             |
|    approx_kl            | 0.051616564 |
|    clip_fraction        | 0.383       |
|    clip_range           | 0.2         |
|    entropy_loss         | -23.1       |
|    explained_variance   | -0.0462     |
|    learning_rate        | 0.0003      |
|    loss                 | -0.122      |
|    n_updates            | 3460        |
|    policy_gradient_loss | -0.0605     |
|    std                  | 4.55        |
|    value_loss           | 0.58        |
-----------------------------------------
-----------------------------------------
| time/                   |             |
|    fps                  | 15          |
|    iterations           | 103         |
|    time_elapsed         | 13726       |
|    total_timesteps      | 712704      |
| train/                  |             |
|    approx_kl            | 0.051069528 |
|    clip_fraction        | 0.385       |
|    clip_range           | 0.2         |
|    entropy_loss         | -23.1       |
|    explained_variance   | -0.057      |
|    learning_rate        | 0.0003      |
|    loss                 | -0.133      |
|    n_updates            | 3470        |
|    policy_gradient_loss | -0.0633     |
|    std                  | 4.55        |
|    value_loss           | 0.526       |
-----------------------------------------
-----------------------------------------
| time/                   |             |
|    fps                  | 15          |
|    iterations           | 104         |
|    time_elapsed         | 13833       |
|    total_timesteps      | 714752      |
| train/                  |             |
|    approx_kl            | 0.045048006 |
|    clip_fraction        | 0.361       |
|    clip_range           | 0.2         |
|    entropy_loss         | -23.1       |
|    explained_variance   | -0.176      |
|    learning_rate        | 0.0003      |
|    loss                 | -0.0435     |
|    n_updates            | 3480        |
|    policy_gradient_loss | -0.0605     |
|    std                  | 4.55        |
|    value_loss           | 0.889       |
-----------------------------------------
-----------------------------------------
| lens1/                  |             |
|    dim_0_var            | 0.6215802   |
|    dim_1_var            | 0.96102774  |
|    dim_2_var            | 0.5668846   |
|    dim_3_var            | 0.38581035  |
|    dim_4_var            | 0.9803919   |
|    dim_5_var            | 0.96217966  |
|    dim_6_var            | 0.9251341   |
|    dim_7_var            | 0.97092104  |
|    encoding_variance    | 0.79674125  |
| policy/                 |             |
|    ent_coef             | 0.01        |
| time/                   |             |
|    fps                  | 15          |
|    iterations           | 105         |
|    time_elapsed         | 13934       |
|    total_timesteps      | 716800      |
| train/                  |             |
|    approx_kl            | 0.051303606 |
|    clip_fraction        | 0.381       |
|    clip_range           | 0.2         |
|    entropy_loss         | -23.1       |
|    explained_variance   | -0.0628     |
|    learning_rate        | 0.0003      |
|    loss                 | -0.131      |
|    n_updates            | 3490        |
|    policy_gradient_loss | -0.0649     |
|    std                  | 4.53        |
|    value_loss           | 0.739       |
-----------------------------------------
-----------------------------------------
| time/                   |             |
|    fps                  | 15          |
|    iterations           | 106         |
|    time_elapsed         | 14040       |
|    total_timesteps      | 718848      |
| train/                  |             |
|    approx_kl            | 0.045111526 |
|    clip_fraction        | 0.358       |
|    clip_range           | 0.2         |
|    entropy_loss         | -23.1       |
|    explained_variance   | -0.0249     |
|    learning_rate        | 0.0003      |
|    loss                 | -0.0306     |
|    n_updates            | 3500        |
|    policy_gradient_loss | -0.0593     |
|    std                  | 4.54        |
|    value_loss           | 0.915       |
-----------------------------------------
-----------------------------------------
| lens1/                  |             |
|    dim_0_var            | 0.4984041   |
|    dim_1_var            | 0.39611283  |
|    dim_2_var            | 0.79324526  |
|    dim_3_var            | 0.4140794   |
|    dim_4_var            | 0.77217996  |
|    dim_5_var            | 0.84606934  |
|    dim_6_var            | 0.76337343  |
|    dim_7_var            | 0.35308456  |
|    encoding_variance    | 0.6045683   |
| policy/                 |             |
|    ent_coef             | 0.01        |
| time/                   |             |
|    fps                  | 15          |
|    iterations           | 107         |
|    time_elapsed         | 14146       |
|    total_timesteps      | 720896      |
| train/                  |             |
|    approx_kl            | 0.044303127 |
|    clip_fraction        | 0.354       |
|    clip_range           | 0.2         |
|    entropy_loss         | -23.1       |
|    explained_variance   | 0.149       |
|    learning_rate        | 0.0003      |
|    loss                 | -0.0782     |
|    n_updates            | 3510        |
|    policy_gradient_loss | -0.0615     |
|    std                  | 4.54        |
|    value_loss           | 0.65        |
-----------------------------------------
-----------------------------------------
| time/                   |             |
|    fps                  | 15          |
|    iterations           | 108         |
|    time_elapsed         | 14252       |
|    total_timesteps      | 722944      |
| train/                  |             |
|    approx_kl            | 0.047032148 |
|    clip_fraction        | 0.358       |
|    clip_range           | 0.2         |
|    entropy_loss         | -23.1       |
|    explained_variance   | -0.345      |
|    learning_rate        | 0.0003      |
|    loss                 | -0.0319     |
|    n_updates            | 3520        |
|    policy_gradient_loss | -0.0618     |
|    std                  | 4.55        |
|    value_loss           | 0.664       |
-----------------------------------------
----------------------------------------
| time/                   |            |
|    fps                  | 15         |
|    iterations           | 109        |
|    time_elapsed         | 14357      |
|    total_timesteps      | 724992     |
| train/                  |            |
|    approx_kl            | 0.04569324 |
|    clip_fraction        | 0.358      |
|    clip_range           | 0.2        |
|    entropy_loss         | -23.1      |
|    explained_variance   | -0.041     |
|    learning_rate        | 0.0003     |
|    loss                 | 0.0539     |
|    n_updates            | 3530       |
|    policy_gradient_loss | -0.0566    |
|    std                  | 4.55       |
|    value_loss           | 0.807      |
----------------------------------------
Eval num_timesteps=726760, episode_reward=1.02 +/- 2.63
Episode length: 52.00 +/- 0.00
----------------------------------------
| eval/                   |            |
|    mean_ep_length       | 52         |
|    mean_reward          | 1.02       |
| lens1/                  |            |
|    dim_0_var            | 0.09546915 |
|    dim_1_var            | 0.2351429  |
|    dim_2_var            | 0.5939029  |
|    dim_3_var            | 0.53583217 |
|    dim_4_var            | 0.54112047 |
|    dim_5_var            | 0.81690097 |
|    dim_6_var            | 0.70210296 |
|    dim_7_var            | 0.9750687  |
|    encoding_variance    | 0.5619425  |
| policy/                 |            |
|    ent_coef             | 0.01       |
| time/                   |            |
|    total_timesteps      | 726760     |
| train/                  |            |
|    approx_kl            | 0.05067084 |
|    clip_fraction        | 0.391      |
|    clip_range           | 0.2        |
|    entropy_loss         | -23.1      |
|    explained_variance   | 0.041      |
|    learning_rate        | 0.0003     |
|    loss                 | -0.114     |
|    n_updates            | 3540       |
|    policy_gradient_loss | -0.063     |
|    std                  | 4.56       |
|    value_loss           | 0.571      |
----------------------------------------
-------------------------------
| time/              |        |
|    fps             | 15     |
|    iterations      | 110    |
|    time_elapsed    | 14466  |
|    total_timesteps | 727040 |
-------------------------------
-----------------------------------------
| time/                   |             |
|    fps                  | 15          |
|    iterations           | 111         |
|    time_elapsed         | 14581       |
|    total_timesteps      | 729088      |
| train/                  |             |
|    approx_kl            | 0.041215893 |
|    clip_fraction        | 0.326       |
|    clip_range           | 0.2         |
|    entropy_loss         | -23.1       |
|    explained_variance   | 0.00554     |
|    learning_rate        | 0.0003      |
|    loss                 | 0.242       |
|    n_updates            | 3550        |
|    policy_gradient_loss | -0.06       |
|    std                  | 4.56        |
|    value_loss           | 1.14        |
-----------------------------------------
-----------------------------------------
| lens1/                  |             |
|    dim_0_var            | 0.08504989  |
|    dim_1_var            | 0.2653035   |
|    dim_2_var            | 0.6147459   |
|    dim_3_var            | 0.73457366  |
|    dim_4_var            | 0.6901046   |
|    dim_5_var            | 0.34769574  |
|    dim_6_var            | 0.84783876  |
|    dim_7_var            | 0.9539343   |
|    encoding_variance    | 0.5674057   |
| policy/                 |             |
|    ent_coef             | 0.01        |
| time/                   |             |
|    fps                  | 15          |
|    iterations           | 112         |
|    time_elapsed         | 14686       |
|    total_timesteps      | 731136      |
| train/                  |             |
|    approx_kl            | 0.046057787 |
|    clip_fraction        | 0.355       |
|    clip_range           | 0.2         |
|    entropy_loss         | -23.1       |
|    explained_variance   | -0.271      |
|    learning_rate        | 0.0003      |
|    loss                 | -0.0795     |
|    n_updates            | 3560        |
|    policy_gradient_loss | -0.0582     |
|    std                  | 4.56        |
|    value_loss           | 0.989       |
-----------------------------------------
----------------------------------------
| time/                   |            |
|    fps                  | 15         |
|    iterations           | 113        |
|    time_elapsed         | 14797      |
|    total_timesteps      | 733184     |
| train/                  |            |
|    approx_kl            | 0.04901761 |
|    clip_fraction        | 0.377      |
|    clip_range           | 0.2        |
|    entropy_loss         | -23.1      |
|    explained_variance   | -0.255     |
|    learning_rate        | 0.0003     |
|    loss                 | -0.149     |
|    n_updates            | 3570       |
|    policy_gradient_loss | -0.0605    |
|    std                  | 4.56       |
|    value_loss           | 0.638      |
----------------------------------------
-----------------------------------------
| lens1/                  |             |
|    dim_0_var            | 0.12469444  |
|    dim_1_var            | 0.46435836  |
|    dim_2_var            | 0.96898603  |
|    dim_3_var            | 0.3893776   |
|    dim_4_var            | 0.3907246   |
|    dim_5_var            | 0.9842121   |
|    dim_6_var            | 0.18862826  |
|    dim_7_var            | 0.29575202  |
|    encoding_variance    | 0.47584158  |
| policy/                 |             |
|    ent_coef             | 0.01        |
| time/                   |             |
|    fps                  | 15          |
|    iterations           | 114         |
|    time_elapsed         | 14902       |
|    total_timesteps      | 735232      |
| train/                  |             |
|    approx_kl            | 0.049144994 |
|    clip_fraction        | 0.353       |
|    clip_range           | 0.2         |
|    entropy_loss         | -23.1       |
|    explained_variance   | -0.131      |
|    learning_rate        | 0.0003      |
|    loss                 | 0.0861      |
|    n_updates            | 3580        |
|    policy_gradient_loss | -0.0586     |
|    std                  | 4.55        |
|    value_loss           | 0.767       |
-----------------------------------------
-----------------------------------------
| time/                   |             |
|    fps                  | 15          |
|    iterations           | 115         |
|    time_elapsed         | 15007       |
|    total_timesteps      | 737280      |
| train/                  |             |
|    approx_kl            | 0.051373433 |
|    clip_fraction        | 0.373       |
|    clip_range           | 0.2         |
|    entropy_loss         | -23.1       |
|    explained_variance   | -0.375      |
|    learning_rate        | 0.0003      |
|    loss                 | -0.153      |
|    n_updates            | 3590        |
|    policy_gradient_loss | -0.0619     |
|    std                  | 4.57        |
|    value_loss           | 0.462       |
-----------------------------------------
----------------------------------------
| time/                   |            |
|    fps                  | 15         |
|    iterations           | 116        |
|    time_elapsed         | 15113      |
|    total_timesteps      | 739328     |
| train/                  |            |
|    approx_kl            | 0.04097189 |
|    clip_fraction        | 0.344      |
|    clip_range           | 0.2        |
|    entropy_loss         | -23.1      |
|    explained_variance   | -0.0953    |
|    learning_rate        | 0.0003     |
|    loss                 | 0.0617     |
|    n_updates            | 3600       |
|    policy_gradient_loss | -0.0624    |
|    std                  | 4.57       |
|    value_loss           | 0.999      |
----------------------------------------
-----------------------------------------
| lens1/                  |             |
|    dim_0_var            | 0.23494968  |
|    dim_1_var            | 0.27381644  |
|    dim_2_var            | 0.94467646  |
|    dim_3_var            | 0.3078301   |
|    dim_4_var            | 0.60887796  |
|    dim_5_var            | 0.962219    |
|    dim_6_var            | 0.66170985  |
|    dim_7_var            | 0.95942914  |
|    encoding_variance    | 0.61918855  |
| policy/                 |             |
|    ent_coef             | 0.01        |
| time/                   |             |
|    fps                  | 15          |
|    iterations           | 117         |
|    time_elapsed         | 15221       |
|    total_timesteps      | 741376      |
| train/                  |             |
|    approx_kl            | 0.049619667 |
|    clip_fraction        | 0.379       |
|    clip_range           | 0.2         |
|    entropy_loss         | -23.2       |
|    explained_variance   | -0.0345     |
|    learning_rate        | 0.0003      |
|    loss                 | -0.101      |
|    n_updates            | 3610        |
|    policy_gradient_loss | -0.0609     |
|    std                  | 4.59        |
|    value_loss           | 0.615       |
-----------------------------------------
-----------------------------------------
| time/                   |             |
|    fps                  | 15          |
|    iterations           | 118         |
|    time_elapsed         | 15326       |
|    total_timesteps      | 743424      |
| train/                  |             |
|    approx_kl            | 0.050521247 |
|    clip_fraction        | 0.384       |
|    clip_range           | 0.2         |
|    entropy_loss         | -23.2       |
|    explained_variance   | -0.371      |
|    learning_rate        | 0.0003      |
|    loss                 | -0.123      |
|    n_updates            | 3620        |
|    policy_gradient_loss | -0.0587     |
|    std                  | 4.59        |
|    value_loss           | 0.501       |
-----------------------------------------
-----------------------------------------
| lens1/                  |             |
|    dim_0_var            | 0.33927342  |
|    dim_1_var            | 0.91415864  |
|    dim_2_var            | 0.5327166   |
|    dim_3_var            | 0.40661705  |
|    dim_4_var            | 0.62480825  |
|    dim_5_var            | 0.6674813   |
|    dim_6_var            | 0.7324942   |
|    dim_7_var            | 0.95501816  |
|    encoding_variance    | 0.6465708   |
| policy/                 |             |
|    ent_coef             | 0.01        |
| time/                   |             |
|    fps                  | 15          |
|    iterations           | 119         |
|    time_elapsed         | 15430       |
|    total_timesteps      | 745472      |
| train/                  |             |
|    approx_kl            | 0.047106728 |
|    clip_fraction        | 0.364       |
|    clip_range           | 0.2         |
|    entropy_loss         | -23.2       |
|    explained_variance   | -0.121      |
|    learning_rate        | 0.0003      |
|    loss                 | -0.111      |
|    n_updates            | 3630        |
|    policy_gradient_loss | -0.0586     |
|    std                  | 4.6         |
|    value_loss           | 0.583       |
-----------------------------------------
----------------------------------------
| time/                   |            |
|    fps                  | 15         |
|    iterations           | 120        |
|    time_elapsed         | 15525      |
|    total_timesteps      | 747520     |
| train/                  |            |
|    approx_kl            | 0.04803381 |
|    clip_fraction        | 0.363      |
|    clip_range           | 0.2        |
|    entropy_loss         | -23.2      |
|    explained_variance   | -0.101     |
|    learning_rate        | 0.0003     |
|    loss                 | -0.142     |
|    n_updates            | 3640       |
|    policy_gradient_loss | -0.0628    |
|    std                  | 4.61       |
|    value_loss           | 0.628      |
----------------------------------------
-----------------------------------------
| time/                   |             |
|    fps                  | 15          |
|    iterations           | 121         |
|    time_elapsed         | 15630       |
|    total_timesteps      | 749568      |
| train/                  |             |
|    approx_kl            | 0.045981076 |
|    clip_fraction        | 0.365       |
|    clip_range           | 0.2         |
|    entropy_loss         | -23.2       |
|    explained_variance   | 0.0592      |
|    learning_rate        | 0.0003      |
|    loss                 | -0.075      |
|    n_updates            | 3650        |
|    policy_gradient_loss | -0.0636     |
|    std                  | 4.61        |
|    value_loss           | 0.667       |
-----------------------------------------
----------------------------------------
| lens1/                  |            |
|    dim_0_var            | 0.67701375 |
|    dim_1_var            | 0.9225701  |
|    dim_2_var            | 0.821627   |
|    dim_3_var            | 0.7221554  |
|    dim_4_var            | 0.81430113 |
|    dim_5_var            | 0.71529526 |
|    dim_6_var            | 0.9420681  |
|    dim_7_var            | 0.46694455 |
|    encoding_variance    | 0.76024675 |
| policy/                 |            |
|    ent_coef             | 0.01       |
| time/                   |            |
|    fps                  | 15         |
|    iterations           | 122        |
|    time_elapsed         | 15732      |
|    total_timesteps      | 751616     |
| train/                  |            |
|    approx_kl            | 0.04865183 |
|    clip_fraction        | 0.385      |
|    clip_range           | 0.2        |
|    entropy_loss         | -23.2      |
|    explained_variance   | -0.206     |
|    learning_rate        | 0.0003     |
|    loss                 | -0.148     |
|    n_updates            | 3660       |
|    policy_gradient_loss | -0.0674    |
|    std                  | 4.62       |
|    value_loss           | 0.607      |
----------------------------------------
Eval num_timesteps=751760, episode_reward=0.53 +/- 0.77
Episode length: 52.00 +/- 0.00
----------------------------------------
| eval/                   |            |
|    mean_ep_length       | 52         |
|    mean_reward          | 0.529      |
| time/                   |            |
|    total_timesteps      | 751760     |
| train/                  |            |
|    approx_kl            | 0.04698842 |
|    clip_fraction        | 0.372      |
|    clip_range           | 0.2        |
|    entropy_loss         | -23.2      |
|    explained_variance   | 0.0341     |
|    learning_rate        | 0.0003     |
|    loss                 | -0.182     |
|    n_updates            | 3670       |
|    policy_gradient_loss | -0.0631    |
|    std                  | 4.64       |
|    value_loss           | 0.621      |
----------------------------------------
-------------------------------
| time/              |        |
|    fps             | 15     |
|    iterations      | 123    |
|    time_elapsed    | 15847  |
|    total_timesteps | 753664 |
-------------------------------
----------------------------------------
| lens1/                  |            |
|    dim_0_var            | 0.44737875 |
|    dim_1_var            | 0.7504841  |
|    dim_2_var            | 0.9645617  |
|    dim_3_var            | 0.96815264 |
|    dim_4_var            | 0.34328476 |
|    dim_5_var            | 0.46479234 |
|    dim_6_var            | 0.92407906 |
|    dim_7_var            | 0.41393632 |
|    encoding_variance    | 0.6595838  |
| policy/                 |            |
|    ent_coef             | 0.01       |
| time/                   |            |
|    fps                  | 15         |
|    iterations           | 124        |
|    time_elapsed         | 15954      |
|    total_timesteps      | 755712     |
| train/                  |            |
|    approx_kl            | 0.0508809  |
|    clip_fraction        | 0.384      |
|    clip_range           | 0.2        |
|    entropy_loss         | -23.3      |
|    explained_variance   | -0.115     |
|    learning_rate        | 0.0003     |
|    loss                 | -0.206     |
|    n_updates            | 3680       |
|    policy_gradient_loss | -0.0618    |
|    std                  | 4.63       |
|    value_loss           | 0.563      |
----------------------------------------
-----------------------------------------
| time/                   |             |
|    fps                  | 15          |
|    iterations           | 125         |
|    time_elapsed         | 16056       |
|    total_timesteps      | 757760      |
| train/                  |             |
|    approx_kl            | 0.051133208 |
|    clip_fraction        | 0.385       |
|    clip_range           | 0.2         |
|    entropy_loss         | -23.3       |
|    explained_variance   | -0.242      |
|    learning_rate        | 0.0003      |
|    loss                 | -0.162      |
|    n_updates            | 3690        |
|    policy_gradient_loss | -0.0609     |
|    std                  | 4.64        |
|    value_loss           | 0.572       |
-----------------------------------------
-----------------------------------------
| time/                   |             |
|    fps                  | 15          |
|    iterations           | 126         |
|    time_elapsed         | 16171       |
|    total_timesteps      | 759808      |
| train/                  |             |
|    approx_kl            | 0.047937103 |
|    clip_fraction        | 0.377       |
|    clip_range           | 0.2         |
|    entropy_loss         | -23.3       |
|    explained_variance   | 0.133       |
|    learning_rate        | 0.0003      |
|    loss                 | -0.152      |
|    n_updates            | 3700        |
|    policy_gradient_loss | -0.0654     |
|    std                  | 4.67        |
|    value_loss           | 0.703       |
-----------------------------------------
-----------------------------------------
| lens1/                  |             |
|    dim_0_var            | 0.3667025   |
|    dim_1_var            | 0.36064035  |
|    dim_2_var            | 0.9685434   |
|    dim_3_var            | 0.9665674   |
|    dim_4_var            | 0.9735723   |
|    dim_5_var            | 0.56479335  |
|    dim_6_var            | 0.848365    |
|    dim_7_var            | 0.98004663  |
|    encoding_variance    | 0.75365406  |
| policy/                 |             |
|    ent_coef             | 0.01        |
| time/                   |             |
|    fps                  | 15          |
|    iterations           | 127         |
|    time_elapsed         | 16280       |
|    total_timesteps      | 761856      |
| train/                  |             |
|    approx_kl            | 0.044357017 |
|    clip_fraction        | 0.36        |
|    clip_range           | 0.2         |
|    entropy_loss         | -23.3       |
|    explained_variance   | -0.11       |
|    learning_rate        | 0.0003      |
|    loss                 | 0.0588      |
|    n_updates            | 3710        |
|    policy_gradient_loss | -0.0612     |
|    std                  | 4.7         |
|    value_loss           | 1.01        |
-----------------------------------------
-----------------------------------------
| time/                   |             |
|    fps                  | 15          |
|    iterations           | 128         |
|    time_elapsed         | 16394       |
|    total_timesteps      | 763904      |
| train/                  |             |
|    approx_kl            | 0.055664934 |
|    clip_fraction        | 0.398       |
|    clip_range           | 0.2         |
|    entropy_loss         | -23.4       |
|    explained_variance   | -0.356      |
|    learning_rate        | 0.0003      |
|    loss                 | -0.208      |
|    n_updates            | 3720        |
|    policy_gradient_loss | -0.057      |
|    std                  | 4.72        |
|    value_loss           | 0.378       |
-----------------------------------------
----------------------------------------
| lens1/                  |            |
|    dim_0_var            | 0.96411026 |
|    dim_1_var            | 0.26557875 |
|    dim_2_var            | 0.6450174  |
|    dim_3_var            | 0.5032221  |
|    dim_4_var            | 0.97202873 |
|    dim_5_var            | 0.49954456 |
|    dim_6_var            | 0.9531536  |
|    dim_7_var            | 0.9641288  |
|    encoding_variance    | 0.72084844 |
| policy/                 |            |
|    ent_coef             | 0.01       |
| time/                   |            |
|    fps                  | 16         |
|    iterations           | 129        |
|    time_elapsed         | 16511      |
|    total_timesteps      | 765952     |
| train/                  |            |
|    approx_kl            | 0.0407784  |
|    clip_fraction        | 0.339      |
|    clip_range           | 0.2        |
|    entropy_loss         | -23.4      |
|    explained_variance   | -0.0967    |
|    learning_rate        | 0.0003     |
|    loss                 | -0.103     |
|    n_updates            | 3730       |
|    policy_gradient_loss | -0.0586    |
|    std                  | 4.71       |
|    value_loss           | 0.9        |
----------------------------------------
-----------------------------------------
| time/                   |             |
|    fps                  | 16          |
|    iterations           | 130         |
|    time_elapsed         | 16621       |
|    total_timesteps      | 768000      |
| train/                  |             |
|    approx_kl            | 0.050528143 |
|    clip_fraction        | 0.38        |
|    clip_range           | 0.2         |
|    entropy_loss         | -23.4       |
|    explained_variance   | -0.179      |
|    learning_rate        | 0.0003      |
|    loss                 | -0.185      |
|    n_updates            | 3740        |
|    policy_gradient_loss | -0.0602     |
|    std                  | 4.72        |
|    value_loss           | 0.436       |
-----------------------------------------
-----------------------------------------
| lens1/                  |             |
|    dim_0_var            | 0.43360817  |
|    dim_1_var            | 0.14059699  |
|    dim_2_var            | 0.43492833  |
|    dim_3_var            | 0.95984024  |
|    dim_4_var            | 0.31413803  |
|    dim_5_var            | 0.3476434   |
|    dim_6_var            | 0.9823579   |
|    dim_7_var            | 0.9829271   |
|    encoding_variance    | 0.5745051   |
| policy/                 |             |
|    ent_coef             | 0.01        |
| time/                   |             |
|    fps                  | 16          |
|    iterations           | 131         |
|    time_elapsed         | 16741       |
|    total_timesteps      | 770048      |
| train/                  |             |
|    approx_kl            | 0.047375664 |
|    clip_fraction        | 0.374       |
|    clip_range           | 0.2         |
|    entropy_loss         | -23.4       |
|    explained_variance   | -0.263      |
|    learning_rate        | 0.0003      |
|    loss                 | -0.0803     |
|    n_updates            | 3750        |
|    policy_gradient_loss | -0.0633     |
|    std                  | 4.71        |
|    value_loss           | 0.769       |
-----------------------------------------
-----------------------------------------
| time/                   |             |
|    fps                  | 16          |
|    iterations           | 132         |
|    time_elapsed         | 16877       |
|    total_timesteps      | 772096      |
| train/                  |             |
|    approx_kl            | 0.046212044 |
|    clip_fraction        | 0.358       |
|    clip_range           | 0.2         |
|    entropy_loss         | -23.4       |
|    explained_variance   | 0.112       |
|    learning_rate        | 0.0003      |
|    loss                 | -0.11       |
|    n_updates            | 3760        |
|    policy_gradient_loss | -0.06       |
|    std                  | 4.73        |
|    value_loss           | 0.634       |
-----------------------------------------
----------------------------------------
| time/                   |            |
|    fps                  | 16         |
|    iterations           | 133        |
|    time_elapsed         | 17012      |
|    total_timesteps      | 774144     |
| train/                  |            |
|    approx_kl            | 0.05368045 |
|    clip_fraction        | 0.389      |
|    clip_range           | 0.2        |
|    entropy_loss         | -23.4      |
|    explained_variance   | -0.177     |
|    learning_rate        | 0.0003     |
|    loss                 | -0.0269    |
|    n_updates            | 3770       |
|    policy_gradient_loss | -0.0607    |
|    std                  | 4.75       |
|    value_loss           | 0.469      |
----------------------------------------
-----------------------------------------
| lens1/                  |             |
|    dim_0_var            | 0.079515636 |
|    dim_1_var            | 0.32387775  |
|    dim_2_var            | 0.63833165  |
|    dim_3_var            | 0.6171647   |
|    dim_4_var            | 0.56661344  |
|    dim_5_var            | 0.9571895   |
|    dim_6_var            | 0.9300862   |
|    dim_7_var            | 0.4474923   |
|    encoding_variance    | 0.5700338   |
| policy/                 |             |
|    ent_coef             | 0.01        |
| time/                   |             |
|    fps                  | 16          |
|    iterations           | 134         |
|    time_elapsed         | 17140       |
|    total_timesteps      | 776192      |
| train/                  |             |
|    approx_kl            | 0.0433256   |
|    clip_fraction        | 0.346       |
|    clip_range           | 0.2         |
|    entropy_loss         | -23.5       |
|    explained_variance   | -0.0699     |
|    learning_rate        | 0.0003      |
|    loss                 | 0.266       |
|    n_updates            | 3780        |
|    policy_gradient_loss | -0.0568     |
|    std                  | 4.76        |
|    value_loss           | 0.745       |
-----------------------------------------
Eval num_timesteps=776760, episode_reward=0.99 +/- 0.38
Episode length: 52.00 +/- 0.00
---------------------------------------
| eval/                   |           |
|    mean_ep_length       | 52        |
|    mean_reward          | 0.986     |
| time/                   |           |
|    total_timesteps      | 776760    |
| train/                  |           |
|    approx_kl            | 0.0497237 |
|    clip_fraction        | 0.398     |
|    clip_range           | 0.2       |
|    entropy_loss         | -23.5     |
|    explained_variance   | -0.189    |
|    learning_rate        | 0.0003    |
|    loss                 | -0.0579   |
|    n_updates            | 3790      |
|    policy_gradient_loss | -0.0594   |
|    std                  | 4.77      |
|    value_loss           | 0.575     |
---------------------------------------
-------------------------------
| time/              |        |
|    fps             | 15     |
|    iterations      | 135    |
|    time_elapsed    | 17282  |
|    total_timesteps | 778240 |
-------------------------------
-----------------------------------------
| lens1/                  |             |
|    dim_0_var            | 0.35692337  |
|    dim_1_var            | 0.9964      |
|    dim_2_var            | 0.96952283  |
|    dim_3_var            | 0.5521484   |
|    dim_4_var            | 0.7699852   |
|    dim_5_var            | 0.90677077  |
|    dim_6_var            | 0.16640961  |
|    dim_7_var            | 0.5217881   |
|    encoding_variance    | 0.65499336  |
| policy/                 |             |
|    ent_coef             | 0.01        |
| time/                   |             |
|    fps                  | 15          |
|    iterations           | 136         |
|    time_elapsed         | 17427       |
|    total_timesteps      | 780288      |
| train/                  |             |
|    approx_kl            | 0.049638174 |
|    clip_fraction        | 0.371       |
|    clip_range           | 0.2         |
|    entropy_loss         | -23.5       |
|    explained_variance   | -0.0489     |
|    learning_rate        | 0.0003      |
|    loss                 | -0.175      |
|    n_updates            | 3800        |
|    policy_gradient_loss | -0.0634     |
|    std                  | 4.78        |
|    value_loss           | 0.581       |
-----------------------------------------
----------------------------------------
| time/                   |            |
|    fps                  | 15         |
|    iterations           | 137        |
|    time_elapsed         | 17557      |
|    total_timesteps      | 782336     |
| train/                  |            |
|    approx_kl            | 0.04332199 |
|    clip_fraction        | 0.355      |
|    clip_range           | 0.2        |
|    entropy_loss         | -23.5      |
|    explained_variance   | -0.121     |
|    learning_rate        | 0.0003     |
|    loss                 | -0.00666   |
|    n_updates            | 3810       |
|    policy_gradient_loss | -0.0638    |
|    std                  | 4.78       |
|    value_loss           | 0.813      |
----------------------------------------
----------------------------------------
| time/                   |            |
|    fps                  | 15         |
|    iterations           | 138        |
|    time_elapsed         | 17672      |
|    total_timesteps      | 784384     |
| train/                  |            |
|    approx_kl            | 0.05152206 |
|    clip_fraction        | 0.377      |
|    clip_range           | 0.2        |
|    entropy_loss         | -23.5      |
|    explained_variance   | -0.0467    |
|    learning_rate        | 0.0003     |
|    loss                 | -0.17      |
|    n_updates            | 3820       |
|    policy_gradient_loss | -0.0629    |
|    std                  | 4.8        |
|    value_loss           | 0.538      |
----------------------------------------
-----------------------------------------
| lens1/                  |             |
|    dim_0_var            | 0.2583166   |
|    dim_1_var            | 0.9711827   |
|    dim_2_var            | 0.9107851   |
|    dim_3_var            | 0.76186967  |
|    dim_4_var            | 0.84772605  |
|    dim_5_var            | 0.35204116  |
|    dim_6_var            | 0.91742456  |
|    dim_7_var            | 0.42999232  |
|    encoding_variance    | 0.6811675   |
| policy/                 |             |
|    ent_coef             | 0.01        |
| time/                   |             |
|    fps                  | 15          |
|    iterations           | 139         |
|    time_elapsed         | 17806       |
|    total_timesteps      | 786432      |
| train/                  |             |
|    approx_kl            | 0.050166406 |
|    clip_fraction        | 0.384       |
|    clip_range           | 0.2         |
|    entropy_loss         | -23.5       |
|    explained_variance   | -0.24       |
|    learning_rate        | 0.0003      |
|    loss                 | -0.125      |
|    n_updates            | 3830        |
|    policy_gradient_loss | -0.0616     |
|    std                  | 4.78        |
|    value_loss           | 0.643       |
-----------------------------------------
----------------------------------------
| time/                   |            |
|    fps                  | 15         |
|    iterations           | 140        |
|    time_elapsed         | 17936      |
|    total_timesteps      | 788480     |
| train/                  |            |
|    approx_kl            | 0.05099912 |
|    clip_fraction        | 0.383      |
|    clip_range           | 0.2        |
|    entropy_loss         | -23.5      |
|    explained_variance   | 0.0422     |
|    learning_rate        | 0.0003     |
|    loss                 | -0.0816    |
|    n_updates            | 3840       |
|    policy_gradient_loss | -0.0633    |
|    std                  | 4.82       |
|    value_loss           | 0.538      |
----------------------------------------
-----------------------------------------
| lens1/                  |             |
|    dim_0_var            | 0.07217986  |
|    dim_1_var            | 0.51145196  |
|    dim_2_var            | 0.5209955   |
|    dim_3_var            | 0.7272108   |
|    dim_4_var            | 0.4851349   |
|    dim_5_var            | 0.55876726  |
|    dim_6_var            | 0.17725879  |
|    dim_7_var            | 0.4165157   |
|    encoding_variance    | 0.43368918  |
| policy/                 |             |
|    ent_coef             | 0.01        |
| time/                   |             |
|    fps                  | 15          |
|    iterations           | 141         |
|    time_elapsed         | 18075       |
|    total_timesteps      | 790528      |
| train/                  |             |
|    approx_kl            | 0.054841027 |
|    clip_fraction        | 0.393       |
|    clip_range           | 0.2         |
|    entropy_loss         | -23.5       |
|    explained_variance   | -0.162      |
|    learning_rate        | 0.0003      |
|    loss                 | -0.2        |
|    n_updates            | 3850        |
|    policy_gradient_loss | -0.0617     |
|    std                  | 4.85        |
|    value_loss           | 0.528       |
-----------------------------------------
-----------------------------------------
| time/                   |             |
|    fps                  | 15          |
|    iterations           | 142         |
|    time_elapsed         | 18211       |
|    total_timesteps      | 792576      |
| train/                  |             |
|    approx_kl            | 0.045669124 |
|    clip_fraction        | 0.365       |
|    clip_range           | 0.2         |
|    entropy_loss         | -23.6       |
|    explained_variance   | -0.0539     |
|    learning_rate        | 0.0003      |
|    loss                 | 0.0344      |
|    n_updates            | 3860        |
|    policy_gradient_loss | -0.0652     |
|    std                  | 4.88        |
|    value_loss           | 0.64        |
-----------------------------------------
-----------------------------------------
| time/                   |             |
|    fps                  | 15          |
|    iterations           | 143         |
|    time_elapsed         | 18350       |
|    total_timesteps      | 794624      |
| train/                  |             |
|    approx_kl            | 0.043315567 |
|    clip_fraction        | 0.328       |
|    clip_range           | 0.2         |
|    entropy_loss         | -23.6       |
|    explained_variance   | -0.0575     |
|    learning_rate        | 0.0003      |
|    loss                 | -0.102      |
|    n_updates            | 3870        |
|    policy_gradient_loss | -0.062      |
|    std                  | 4.88        |
|    value_loss           | 0.876       |
-----------------------------------------
----------------------------------------
| lens1/                  |            |
|    dim_0_var            | 0.3535138  |
|    dim_1_var            | 0.92160016 |
|    dim_2_var            | 0.24971052 |
|    dim_3_var            | 0.94529796 |
|    dim_4_var            | 0.40094158 |
|    dim_5_var            | 0.9622715  |
|    dim_6_var            | 0.3776726  |
|    dim_7_var            | 0.41145232 |
|    encoding_variance    | 0.57780755 |
| policy/                 |            |
|    ent_coef             | 0.01       |
| time/                   |            |
|    fps                  | 15         |
|    iterations           | 144        |
|    time_elapsed         | 18482      |
|    total_timesteps      | 796672     |
| train/                  |            |
|    approx_kl            | 0.04894396 |
|    clip_fraction        | 0.373      |
|    clip_range           | 0.2        |
|    entropy_loss         | -23.6      |
|    explained_variance   | -0.146     |
|    learning_rate        | 0.0003     |
|    loss                 | -0.102     |
|    n_updates            | 3880       |
|    policy_gradient_loss | -0.0641    |
|    std                  | 4.87       |
|    value_loss           | 0.646      |
----------------------------------------
-----------------------------------------
| time/                   |             |
|    fps                  | 15          |
|    iterations           | 145         |
|    time_elapsed         | 18616       |
|    total_timesteps      | 798720      |
| train/                  |             |
|    approx_kl            | 0.051780745 |
|    clip_fraction        | 0.385       |
|    clip_range           | 0.2         |
|    entropy_loss         | -23.6       |
|    explained_variance   | -0.0701     |
|    learning_rate        | 0.0003      |
|    loss                 | -0.163      |
|    n_updates            | 3890        |
|    policy_gradient_loss | -0.0602     |
|    std                  | 4.88        |
|    value_loss           | 0.485       |
-----------------------------------------
-----------------------------------------
| lens1/                  |             |
|    dim_0_var            | 0.21253186  |
|    dim_1_var            | 0.3826986   |
|    dim_2_var            | 0.4459091   |
|    dim_3_var            | 0.5253064   |
|    dim_4_var            | 0.33084142  |
|    dim_5_var            | 0.94594187  |
|    dim_6_var            | 0.024384828 |
|    dim_7_var            | 0.9297808   |
|    encoding_variance    | 0.4746742   |
| policy/                 |             |
|    ent_coef             | 0.01        |
| time/                   |             |
|    fps                  | 15          |
|    iterations           | 146         |
|    time_elapsed         | 18753       |
|    total_timesteps      | 800768      |
| train/                  |             |
|    approx_kl            | 0.05272921  |
|    clip_fraction        | 0.373       |
|    clip_range           | 0.2         |
|    entropy_loss         | -23.6       |
|    explained_variance   | -0.0655     |
|    learning_rate        | 0.0003      |
|    loss                 | -0.155      |
|    n_updates            | 3900        |
|    policy_gradient_loss | -0.0604     |
|    std                  | 4.87        |
|    value_loss           | 0.672       |
-----------------------------------------
Eval num_timesteps=801760, episode_reward=0.42 +/- 0.73
Episode length: 52.00 +/- 0.00
-----------------------------------------
| eval/                   |             |
|    mean_ep_length       | 52          |
|    mean_reward          | 0.417       |
| time/                   |             |
|    total_timesteps      | 801760      |
| train/                  |             |
|    approx_kl            | 0.055830866 |
|    clip_fraction        | 0.394       |
|    clip_range           | 0.2         |
|    entropy_loss         | -23.6       |
|    explained_variance   | 0.0997      |
|    learning_rate        | 0.0003      |
|    loss                 | -0.127      |
|    n_updates            | 3910        |
|    policy_gradient_loss | -0.0629     |
|    std                  | 4.87        |
|    value_loss           | 0.638       |
-----------------------------------------
-------------------------------
| time/              |        |
|    fps             | 15     |
|    iterations      | 147    |
|    time_elapsed    | 18897  |
|    total_timesteps | 802816 |
-------------------------------
----------------------------------------
| time/                   |            |
|    fps                  | 15         |
|    iterations           | 148        |
|    time_elapsed         | 19035      |
|    total_timesteps      | 804864     |
| train/                  |            |
|    approx_kl            | 0.05151708 |
|    clip_fraction        | 0.383      |
|    clip_range           | 0.2        |
|    entropy_loss         | -23.6      |
|    explained_variance   | -0.18      |
|    learning_rate        | 0.0003     |
|    loss                 | 0.0235     |
|    n_updates            | 3920       |
|    policy_gradient_loss | -0.0631    |
|    std                  | 4.87       |
|    value_loss           | 0.645      |
----------------------------------------
-----------------------------------------
| lens1/                  |             |
|    dim_0_var            | 0.5763817   |
|    dim_1_var            | 0.64278555  |
|    dim_2_var            | 0.5313233   |
|    dim_3_var            | 0.95240587  |
|    dim_4_var            | 0.552973    |
|    dim_5_var            | 0.21199895  |
|    dim_6_var            | 0.8086591   |
|    dim_7_var            | 0.9656748   |
|    encoding_variance    | 0.65527546  |
| policy/                 |             |
|    ent_coef             | 0.01        |
| time/                   |             |
|    fps                  | 15          |
|    iterations           | 149         |
|    time_elapsed         | 19166       |
|    total_timesteps      | 806912      |
| train/                  |             |
|    approx_kl            | 0.055082478 |
|    clip_fraction        | 0.402       |
|    clip_range           | 0.2         |
|    entropy_loss         | -23.6       |
|    explained_variance   | -0.221      |
|    learning_rate        | 0.0003      |
|    loss                 | -0.266      |
|    n_updates            | 3930        |
|    policy_gradient_loss | -0.0634     |
|    std                  | 4.89        |
|    value_loss           | 0.385       |
-----------------------------------------
-----------------------------------------
| time/                   |             |
|    fps                  | 15          |
|    iterations           | 150         |
|    time_elapsed         | 19302       |
|    total_timesteps      | 808960      |
| train/                  |             |
|    approx_kl            | 0.045278125 |
|    clip_fraction        | 0.352       |
|    clip_range           | 0.2         |
|    entropy_loss         | -23.7       |
|    explained_variance   | -0.0405     |
|    learning_rate        | 0.0003      |
|    loss                 | -0.18       |
|    n_updates            | 3940        |
|    policy_gradient_loss | -0.0612     |
|    std                  | 4.93        |
|    value_loss           | 0.72        |
-----------------------------------------
-----------------------------------------
| lens1/                  |             |
|    dim_0_var            | 0.5678844   |
|    dim_1_var            | 0.93134004  |
|    dim_2_var            | 0.84690684  |
|    dim_3_var            | 0.6113855   |
|    dim_4_var            | 0.47054526  |
|    dim_5_var            | 0.9794015   |
|    dim_6_var            | 0.6767053   |
|    dim_7_var            | 0.59099233  |
|    encoding_variance    | 0.70939505  |
| policy/                 |             |
|    ent_coef             | 0.01        |
| time/                   |             |
|    fps                  | 15          |
|    iterations           | 151         |
|    time_elapsed         | 19447       |
|    total_timesteps      | 811008      |
| train/                  |             |
|    approx_kl            | 0.050036505 |
|    clip_fraction        | 0.377       |
|    clip_range           | 0.2         |
|    entropy_loss         | -23.7       |
|    explained_variance   | -0.328      |
|    learning_rate        | 0.0003      |
|    loss                 | 0.0577      |
|    n_updates            | 3950        |
|    policy_gradient_loss | -0.0637     |
|    std                  | 4.93        |
|    value_loss           | 0.641       |
-----------------------------------------
-----------------------------------------
| time/                   |             |
|    fps                  | 15          |
|    iterations           | 152         |
|    time_elapsed         | 19611       |
|    total_timesteps      | 813056      |
| train/                  |             |
|    approx_kl            | 0.053392306 |
|    clip_fraction        | 0.38        |
|    clip_range           | 0.2         |
|    entropy_loss         | -23.7       |
|    explained_variance   | -0.0605     |
|    learning_rate        | 0.0003      |
|    loss                 | 0.238       |
|    n_updates            | 3960        |
|    policy_gradient_loss | -0.0633     |
|    std                  | 4.96        |
|    value_loss           | 0.708       |
-----------------------------------------
-----------------------------------------
| lens1/                  |             |
|    dim_0_var            | 0.093158826 |
|    dim_1_var            | 0.9666882   |
|    dim_2_var            | 0.6811459   |
|    dim_3_var            | 0.43709344  |
|    dim_4_var            | 0.8467851   |
|    dim_5_var            | 0.31202823  |
|    dim_6_var            | 0.66059947  |
|    dim_7_var            | 0.94540757  |
|    encoding_variance    | 0.61786354  |
| policy/                 |             |
|    ent_coef             | 0.01        |
| time/                   |             |
|    fps                  | 15          |
|    iterations           | 153         |
|    time_elapsed         | 19764       |
|    total_timesteps      | 815104      |
| train/                  |             |
|    approx_kl            | 0.05832927  |
|    clip_fraction        | 0.405       |
|    clip_range           | 0.2         |
|    entropy_loss         | -23.7       |
|    explained_variance   | -0.0336     |
|    learning_rate        | 0.0003      |
|    loss                 | -0.069      |
|    n_updates            | 3970        |
|    policy_gradient_loss | -0.0626     |
|    std                  | 4.98        |
|    value_loss           | 0.466       |
-----------------------------------------
-----------------------------------------
| time/                   |             |
|    fps                  | 15          |
|    iterations           | 154         |
|    time_elapsed         | 19897       |
|    total_timesteps      | 817152      |
| train/                  |             |
|    approx_kl            | 0.058695056 |
|    clip_fraction        | 0.411       |
|    clip_range           | 0.2         |
|    entropy_loss         | -23.8       |
|    explained_variance   | -0.0336     |
|    learning_rate        | 0.0003      |
|    loss                 | 0.0877      |
|    n_updates            | 3980        |
|    policy_gradient_loss | -0.0622     |
|    std                  | 4.99        |
|    value_loss           | 0.433       |
-----------------------------------------
----------------------------------------
| time/                   |            |
|    fps                  | 15         |
|    iterations           | 155        |
|    time_elapsed         | 20023      |
|    total_timesteps      | 819200     |
| train/                  |            |
|    approx_kl            | 0.04589535 |
|    clip_fraction        | 0.355      |
|    clip_range           | 0.2        |
|    entropy_loss         | -23.8      |
|    explained_variance   | 0.0353     |
|    learning_rate        | 0.0003     |
|    loss                 | -0.182     |
|    n_updates            | 3990       |
|    policy_gradient_loss | -0.0609    |
|    std                  | 5          |
|    value_loss           | 0.719      |
----------------------------------------
-----------------------------------------
| lens1/                  |             |
|    dim_0_var            | 0.9724023   |
|    dim_1_var            | 0.9631735   |
|    dim_2_var            | 0.94554466  |
|    dim_3_var            | 0.48249573  |
|    dim_4_var            | 0.34064007  |
|    dim_5_var            | 0.40859672  |
|    dim_6_var            | 0.92202914  |
|    dim_7_var            | 0.9419449   |
|    encoding_variance    | 0.7471033   |
| policy/                 |             |
|    ent_coef             | 0.01        |
| time/                   |             |
|    fps                  | 15          |
|    iterations           | 156         |
|    time_elapsed         | 20163       |
|    total_timesteps      | 821248      |
| train/                  |             |
|    approx_kl            | 0.052040145 |
|    clip_fraction        | 0.366       |
|    clip_range           | 0.2         |
|    entropy_loss         | -23.8       |
|    explained_variance   | -0.203      |
|    learning_rate        | 0.0003      |
|    loss                 | -0.0137     |
|    n_updates            | 4000        |
|    policy_gradient_loss | -0.0609     |
|    std                  | 5.02        |
|    value_loss           | 0.63        |
-----------------------------------------
-----------------------------------------
| time/                   |             |
|    fps                  | 15          |
|    iterations           | 157         |
|    time_elapsed         | 20298       |
|    total_timesteps      | 823296      |
| train/                  |             |
|    approx_kl            | 0.043410964 |
|    clip_fraction        | 0.347       |
|    clip_range           | 0.2         |
|    entropy_loss         | -23.8       |
|    explained_variance   | 0.0594      |
|    learning_rate        | 0.0003      |
|    loss                 | -0.064      |
|    n_updates            | 4010        |
|    policy_gradient_loss | -0.0583     |
|    std                  | 5.04        |
|    value_loss           | 0.702       |
-----------------------------------------
-----------------------------------------
| lens1/                  |             |
|    dim_0_var            | 0.17897029  |
|    dim_1_var            | 0.2823039   |
|    dim_2_var            | 0.9681731   |
|    dim_3_var            | 0.9846524   |
|    dim_4_var            | 0.7513093   |
|    dim_5_var            | 0.45125976  |
|    dim_6_var            | 0.9374655   |
|    dim_7_var            | 0.3124726   |
|    encoding_variance    | 0.60832584  |
| policy/                 |             |
|    ent_coef             | 0.01        |
| time/                   |             |
|    fps                  | 15          |
|    iterations           | 158         |
|    time_elapsed         | 20427       |
|    total_timesteps      | 825344      |
| train/                  |             |
|    approx_kl            | 0.043850314 |
|    clip_fraction        | 0.35        |
|    clip_range           | 0.2         |
|    entropy_loss         | -23.8       |
|    explained_variance   | -0.242      |
|    learning_rate        | 0.0003      |
|    loss                 | 0.156       |
|    n_updates            | 4020        |
|    policy_gradient_loss | -0.0586     |
|    std                  | 5.05        |
|    value_loss           | 0.65        |
-----------------------------------------
Eval num_timesteps=826760, episode_reward=1.23 +/- 2.55
Episode length: 52.00 +/- 0.00
----------------------------------------
| eval/                   |            |
|    mean_ep_length       | 52         |
|    mean_reward          | 1.23       |
| time/                   |            |
|    total_timesteps      | 826760     |
| train/                  |            |
|    approx_kl            | 0.04824502 |
|    clip_fraction        | 0.344      |
|    clip_range           | 0.2        |
|    entropy_loss         | -23.9      |
|    explained_variance   | -0.0837    |
|    learning_rate        | 0.0003     |
|    loss                 | -0.14      |
|    n_updates            | 4030       |
|    policy_gradient_loss | -0.063     |
|    std                  | 5.06       |
|    value_loss           | 0.675      |
----------------------------------------
-------------------------------
| time/              |        |
|    fps             | 15     |
|    iterations      | 159    |
|    time_elapsed    | 20555  |
|    total_timesteps | 827392 |
-------------------------------
-----------------------------------------
| time/                   |             |
|    fps                  | 15          |
|    iterations           | 160         |
|    time_elapsed         | 20683       |
|    total_timesteps      | 829440      |
| train/                  |             |
|    approx_kl            | 0.054225706 |
|    clip_fraction        | 0.384       |
|    clip_range           | 0.2         |
|    entropy_loss         | -23.8       |
|    explained_variance   | -0.445      |
|    learning_rate        | 0.0003      |
|    loss                 | -0.232      |
|    n_updates            | 4040        |
|    policy_gradient_loss | -0.0604     |
|    std                  | 5.05        |
|    value_loss           | 0.412       |
-----------------------------------------
-----------------------------------------
| lens1/                  |             |
|    dim_0_var            | 0.60295904  |
|    dim_1_var            | 0.45612308  |
|    dim_2_var            | 0.6137235   |
|    dim_3_var            | 0.22946264  |
|    dim_4_var            | 0.9586737   |
|    dim_5_var            | 0.94269073  |
|    dim_6_var            | 0.5443512   |
|    dim_7_var            | 0.20301923  |
|    encoding_variance    | 0.5688753   |
| policy/                 |             |
|    ent_coef             | 0.01        |
| time/                   |             |
|    fps                  | 15          |
|    iterations           | 161         |
|    time_elapsed         | 20808       |
|    total_timesteps      | 831488      |
| train/                  |             |
|    approx_kl            | 0.054037265 |
|    clip_fraction        | 0.396       |
|    clip_range           | 0.2         |
|    entropy_loss         | -23.9       |
|    explained_variance   | 0.0524      |
|    learning_rate        | 0.0003      |
|    loss                 | -0.106      |
|    n_updates            | 4050        |
|    policy_gradient_loss | -0.06       |
|    std                  | 5.06        |
|    value_loss           | 0.561       |
-----------------------------------------
-----------------------------------------
| time/                   |             |
|    fps                  | 15          |
|    iterations           | 162         |
|    time_elapsed         | 20936       |
|    total_timesteps      | 833536      |
| train/                  |             |
|    approx_kl            | 0.050970353 |
|    clip_fraction        | 0.377       |
|    clip_range           | 0.2         |
|    entropy_loss         | -23.9       |
|    explained_variance   | -0.221      |
|    learning_rate        | 0.0003      |
|    loss                 | -0.208      |
|    n_updates            | 4060        |
|    policy_gradient_loss | -0.0617     |
|    std                  | 5.08        |
|    value_loss           | 0.461       |
-----------------------------------------
----------------------------------------
| lens1/                  |            |
|    dim_0_var            | 0.85485095 |
|    dim_1_var            | 0.9555509  |
|    dim_2_var            | 0.946224   |
|    dim_3_var            | 0.7018479  |
|    dim_4_var            | 0.5255771  |
|    dim_5_var            | 0.49985084 |
|    dim_6_var            | 0.8844002  |
|    dim_7_var            | 0.38015956 |
|    encoding_variance    | 0.71855795 |
| policy/                 |            |
|    ent_coef             | 0.01       |
| time/                   |            |
|    fps                  | 15         |
|    iterations           | 163        |
|    time_elapsed         | 21061      |
|    total_timesteps      | 835584     |
| train/                  |            |
|    approx_kl            | 0.04693639 |
|    clip_fraction        | 0.38       |
|    clip_range           | 0.2        |
|    entropy_loss         | -23.9      |
|    explained_variance   | 0.104      |
|    learning_rate        | 0.0003     |
|    loss                 | -0.173     |
|    n_updates            | 4070       |
|    policy_gradient_loss | -0.0648    |
|    std                  | 5.08       |
|    value_loss           | 0.493      |
----------------------------------------
-----------------------------------------
| time/                   |             |
|    fps                  | 15          |
|    iterations           | 164         |
|    time_elapsed         | 21194       |
|    total_timesteps      | 837632      |
| train/                  |             |
|    approx_kl            | 0.046619155 |
|    clip_fraction        | 0.369       |
|    clip_range           | 0.2         |
|    entropy_loss         | -23.9       |
|    explained_variance   | -0.0581     |
|    learning_rate        | 0.0003      |
|    loss                 | -0.116      |
|    n_updates            | 4080        |
|    policy_gradient_loss | -0.0613     |
|    std                  | 5.09        |
|    value_loss           | 0.577       |
-----------------------------------------
-----------------------------------------
| time/                   |             |
|    fps                  | 15          |
|    iterations           | 165         |
|    time_elapsed         | 21316       |
|    total_timesteps      | 839680      |
| train/                  |             |
|    approx_kl            | 0.055154905 |
|    clip_fraction        | 0.384       |
|    clip_range           | 0.2         |
|    entropy_loss         | -24         |
|    explained_variance   | -0.259      |
|    learning_rate        | 0.0003      |
|    loss                 | -0.0386     |
|    n_updates            | 4090        |
|    policy_gradient_loss | -0.0568     |
|    std                  | 5.12        |
|    value_loss           | 0.536       |
-----------------------------------------
-----------------------------------------
| lens1/                  |             |
|    dim_0_var            | 0.22148125  |
|    dim_1_var            | 0.80437607  |
|    dim_2_var            | 0.7155843   |
|    dim_3_var            | 0.7436189   |
|    dim_4_var            | 0.8374574   |
|    dim_5_var            | 0.79425806  |
|    dim_6_var            | 0.68248075  |
|    dim_7_var            | 0.9719656   |
|    encoding_variance    | 0.7214029   |
| policy/                 |             |
|    ent_coef             | 0.01        |
| time/                   |             |
|    fps                  | 15          |
|    iterations           | 166         |
|    time_elapsed         | 21438       |
|    total_timesteps      | 841728      |
| train/                  |             |
|    approx_kl            | 0.045132663 |
|    clip_fraction        | 0.358       |
|    clip_range           | 0.2         |
|    entropy_loss         | -24         |
|    explained_variance   | 0.0776      |
|    learning_rate        | 0.0003      |
|    loss                 | -0.000482   |
|    n_updates            | 4100        |
|    policy_gradient_loss | -0.0602     |
|    std                  | 5.11        |
|    value_loss           | 0.679       |
-----------------------------------------
-----------------------------------------
| time/                   |             |
|    fps                  | 15          |
|    iterations           | 167         |
|    time_elapsed         | 21554       |
|    total_timesteps      | 843776      |
| train/                  |             |
|    approx_kl            | 0.048173748 |
|    clip_fraction        | 0.369       |
|    clip_range           | 0.2         |
|    entropy_loss         | -24         |
|    explained_variance   | -0.17       |
|    learning_rate        | 0.0003      |
|    loss                 | -0.117      |
|    n_updates            | 4110        |
|    policy_gradient_loss | -0.0603     |
|    std                  | 5.13        |
|    value_loss           | 0.819       |
-----------------------------------------
----------------------------------------
| lens1/                  |            |
|    dim_0_var            | 0.8029959  |
|    dim_1_var            | 0.77178437 |
|    dim_2_var            | 0.94664484 |
|    dim_3_var            | 0.76426756 |
|    dim_4_var            | 0.39067313 |
|    dim_5_var            | 0.9516002  |
|    dim_6_var            | 0.7015168  |
|    dim_7_var            | 0.5407121  |
|    encoding_variance    | 0.7337742  |
| policy/                 |            |
|    ent_coef             | 0.01       |
| time/                   |            |
|    fps                  | 15         |
|    iterations           | 168        |
|    time_elapsed         | 21686      |
|    total_timesteps      | 845824     |
| train/                  |            |
|    approx_kl            | 0.05518068 |
|    clip_fraction        | 0.396      |
|    clip_range           | 0.2        |
|    entropy_loss         | -24        |
|    explained_variance   | -0.225     |
|    learning_rate        | 0.0003     |
|    loss                 | -0.162     |
|    n_updates            | 4120       |
|    policy_gradient_loss | -0.0636    |
|    std                  | 5.15       |
|    value_loss           | 0.548      |
----------------------------------------
-----------------------------------------
| time/                   |             |
|    fps                  | 15          |
|    iterations           | 169         |
|    time_elapsed         | 21821       |
|    total_timesteps      | 847872      |
| train/                  |             |
|    approx_kl            | 0.051052224 |
|    clip_fraction        | 0.374       |
|    clip_range           | 0.2         |
|    entropy_loss         | -24         |
|    explained_variance   | -0.105      |
|    learning_rate        | 0.0003      |
|    loss                 | -0.219      |
|    n_updates            | 4130        |
|    policy_gradient_loss | -0.0636     |
|    std                  | 5.18        |
|    value_loss           | 0.606       |
-----------------------------------------
-----------------------------------------
| time/                   |             |
|    fps                  | 15          |
|    iterations           | 170         |
|    time_elapsed         | 21926       |
|    total_timesteps      | 849920      |
| train/                  |             |
|    approx_kl            | 0.049814485 |
|    clip_fraction        | 0.372       |
|    clip_range           | 0.2         |
|    entropy_loss         | -24         |
|    explained_variance   | 0.0022      |
|    learning_rate        | 0.0003      |
|    loss                 | -0.211      |
|    n_updates            | 4140        |
|    policy_gradient_loss | -0.0649     |
|    std                  | 5.17        |
|    value_loss           | 0.716       |
-----------------------------------------
Eval num_timesteps=851760, episode_reward=3.33 +/- 2.70
Episode length: 52.00 +/- 0.00
-----------------------------------------
| eval/                   |             |
|    mean_ep_length       | 52          |
|    mean_reward          | 3.33        |
| lens1/                  |             |
|    dim_0_var            | 0.88388425  |
|    dim_1_var            | 0.6270111   |
|    dim_2_var            | 0.9743156   |
|    dim_3_var            | 0.26065737  |
|    dim_4_var            | 0.5672837   |
|    dim_5_var            | 0.67188704  |
|    dim_6_var            | 0.95233226  |
|    dim_7_var            | 0.49805427  |
|    encoding_variance    | 0.6794281   |
| policy/                 |             |
|    ent_coef             | 0.01        |
| time/                   |             |
|    total_timesteps      | 851760      |
| train/                  |             |
|    approx_kl            | 0.051995594 |
|    clip_fraction        | 0.376       |
|    clip_range           | 0.2         |
|    entropy_loss         | -24         |
|    explained_variance   | 0.00537     |
|    learning_rate        | 0.0003      |
|    loss                 | -0.0495     |
|    n_updates            | 4150        |
|    policy_gradient_loss | -0.0583     |
|    std                  | 5.18        |
|    value_loss           | 0.755       |
-----------------------------------------
New best mean reward!
-------------------------------
| time/              |        |
|    fps             | 15     |
|    iterations      | 171    |
|    time_elapsed    | 22059  |
|    total_timesteps | 851968 |
-------------------------------
-----------------------------------------
| time/                   |             |
|    fps                  | 15          |
|    iterations           | 172         |
|    time_elapsed         | 22213       |
|    total_timesteps      | 854016      |
| train/                  |             |
|    approx_kl            | 0.052537493 |
|    clip_fraction        | 0.377       |
|    clip_range           | 0.2         |
|    entropy_loss         | -24         |
|    explained_variance   | -0.187      |
|    learning_rate        | 0.0003      |
|    loss                 | -0.211      |
|    n_updates            | 4160        |
|    policy_gradient_loss | -0.0668     |
|    std                  | 5.17        |
|    value_loss           | 0.61        |
-----------------------------------------
-----------------------------------------
| lens1/                  |             |
|    dim_0_var            | 0.96080077  |
|    dim_1_var            | 0.9676101   |
|    dim_2_var            | 0.5227722   |
|    dim_3_var            | 0.971431    |
|    dim_4_var            | 0.36287242  |
|    dim_5_var            | 0.25238755  |
|    dim_6_var            | 0.15644541  |
|    dim_7_var            | 0.97778887  |
|    encoding_variance    | 0.6465136   |
| policy/                 |             |
|    ent_coef             | 0.01        |
| time/                   |             |
|    fps                  | 15          |
|    iterations           | 173         |
|    time_elapsed         | 22345       |
|    total_timesteps      | 856064      |
| train/                  |             |
|    approx_kl            | 0.058258727 |
|    clip_fraction        | 0.398       |
|    clip_range           | 0.2         |
|    entropy_loss         | -24         |
|    explained_variance   | 0.0815      |
|    learning_rate        | 0.0003      |
|    loss                 | -0.0676     |
|    n_updates            | 4170        |
|    policy_gradient_loss | -0.0671     |
|    std                  | 5.2         |
|    value_loss           | 0.6         |
-----------------------------------------
----------------------------------------
| time/                   |            |
|    fps                  | 15         |
|    iterations           | 174        |
|    time_elapsed         | 22487      |
|    total_timesteps      | 858112     |
| train/                  |            |
|    approx_kl            | 0.05567246 |
|    clip_fraction        | 0.398      |
|    clip_range           | 0.2        |
|    entropy_loss         | -24.1      |
|    explained_variance   | -0.0134    |
|    learning_rate        | 0.0003     |
|    loss                 | -0.0838    |
|    n_updates            | 4180       |
|    policy_gradient_loss | -0.0623    |
|    std                  | 5.21       |
|    value_loss           | 0.564      |
----------------------------------------
-----------------------------------------
| lens1/                  |             |
|    dim_0_var            | 0.730351    |
|    dim_1_var            | 0.64113474  |
|    dim_2_var            | 0.94548905  |
|    dim_3_var            | 0.97508985  |
|    dim_4_var            | 0.43876418  |
|    dim_5_var            | 0.53818345  |
|    dim_6_var            | 0.9196444   |
|    dim_7_var            | 0.9574327   |
|    encoding_variance    | 0.7682611   |
| policy/                 |             |
|    ent_coef             | 0.01        |
| time/                   |             |
|    fps                  | 15          |
|    iterations           | 175         |
|    time_elapsed         | 22626       |
|    total_timesteps      | 860160      |
| train/                  |             |
|    approx_kl            | 0.053047903 |
|    clip_fraction        | 0.398       |
|    clip_range           | 0.2         |
|    entropy_loss         | -24.1       |
|    explained_variance   | -0.231      |
|    learning_rate        | 0.0003      |
|    loss                 | -0.103      |
|    n_updates            | 4190        |
|    policy_gradient_loss | -0.0578     |
|    std                  | 5.23        |
|    value_loss           | 0.594       |
-----------------------------------------
-----------------------------------------
| time/                   |             |
|    fps                  | 15          |
|    iterations           | 176         |
|    time_elapsed         | 22752       |
|    total_timesteps      | 862208      |
| train/                  |             |
|    approx_kl            | 0.054549392 |
|    clip_fraction        | 0.384       |
|    clip_range           | 0.2         |
|    entropy_loss         | -24.1       |
|    explained_variance   | -0.0824     |
|    learning_rate        | 0.0003      |
|    loss                 | -0.179      |
|    n_updates            | 4200        |
|    policy_gradient_loss | -0.064      |
|    std                  | 5.25        |
|    value_loss           | 0.54        |
-----------------------------------------
-----------------------------------------
| time/                   |             |
|    fps                  | 15          |
|    iterations           | 177         |
|    time_elapsed         | 22879       |
|    total_timesteps      | 864256      |
| train/                  |             |
|    approx_kl            | 0.052711815 |
|    clip_fraction        | 0.392       |
|    clip_range           | 0.2         |
|    entropy_loss         | -24.1       |
|    explained_variance   | 0.0141      |
|    learning_rate        | 0.0003      |
|    loss                 | -0.198      |
|    n_updates            | 4210        |
|    policy_gradient_loss | -0.0637     |
|    std                  | 5.26        |
|    value_loss           | 0.605       |
-----------------------------------------
----------------------------------------
| lens1/                  |            |
|    dim_0_var            | 0.926373   |
|    dim_1_var            | 0.51518935 |
|    dim_2_var            | 0.7593689  |
|    dim_3_var            | 0.62516266 |
|    dim_4_var            | 0.23476444 |
|    dim_5_var            | 0.98383665 |
|    dim_6_var            | 0.34683272 |
|    dim_7_var            | 0.97531843 |
|    encoding_variance    | 0.6708558  |
| policy/                 |            |
|    ent_coef             | 0.01       |
| time/                   |            |
|    fps                  | 15         |
|    iterations           | 178        |
|    time_elapsed         | 22995      |
|    total_timesteps      | 866304     |
| train/                  |            |
|    approx_kl            | 0.05063155 |
|    clip_fraction        | 0.388      |
|    clip_range           | 0.2        |
|    entropy_loss         | -24.1      |
|    explained_variance   | -0.347     |
|    learning_rate        | 0.0003     |
|    loss                 | -0.193     |
|    n_updates            | 4220       |
|    policy_gradient_loss | -0.0604    |
|    std                  | 5.27       |
|    value_loss           | 0.707      |
----------------------------------------
--------------------------------------
| time/                   |          |
|    fps                  | 15       |
|    iterations           | 179      |
|    time_elapsed         | 23123    |
|    total_timesteps      | 868352   |
| train/                  |          |
|    approx_kl            | 0.053787 |
|    clip_fraction        | 0.381    |
|    clip_range           | 0.2      |
|    entropy_loss         | -24.1    |
|    explained_variance   | -0.149   |
|    learning_rate        | 0.0003   |
|    loss                 | -0.0981  |
|    n_updates            | 4230     |
|    policy_gradient_loss | -0.0639  |
|    std                  | 5.28     |
|    value_loss           | 0.62     |
--------------------------------------
----------------------------------------
| lens1/                  |            |
|    dim_0_var            | 0.9367656  |
|    dim_1_var            | 0.5948381  |
|    dim_2_var            | 0.7352658  |
|    dim_3_var            | 0.6832193  |
|    dim_4_var            | 0.7560551  |
|    dim_5_var            | 0.82603407 |
|    dim_6_var            | 0.98649    |
|    dim_7_var            | 0.5215447  |
|    encoding_variance    | 0.7550268  |
| policy/                 |            |
|    ent_coef             | 0.01       |
| time/                   |            |
|    fps                  | 15         |
|    iterations           | 180        |
|    time_elapsed         | 23232      |
|    total_timesteps      | 870400     |
| train/                  |            |
|    approx_kl            | 0.04972893 |
|    clip_fraction        | 0.367      |
|    clip_range           | 0.2        |
|    entropy_loss         | -24.2      |
|    explained_variance   | 0.0333     |
|    learning_rate        | 0.0003     |
|    loss                 | -0.173     |
|    n_updates            | 4240       |
|    policy_gradient_loss | -0.0637    |
|    std                  | 5.3        |
|    value_loss           | 0.589      |
----------------------------------------
----------------------------------------
| time/                   |            |
|    fps                  | 15         |
|    iterations           | 181        |
|    time_elapsed         | 23355      |
|    total_timesteps      | 872448     |
| train/                  |            |
|    approx_kl            | 0.05781728 |
|    clip_fraction        | 0.399      |
|    clip_range           | 0.2        |
|    entropy_loss         | -24.2      |
|    explained_variance   | -0.0179    |
|    learning_rate        | 0.0003     |
|    loss                 | -0.192     |
|    n_updates            | 4250       |
|    policy_gradient_loss | -0.0673    |
|    std                  | 5.29       |
|    value_loss           | 0.57       |
----------------------------------------
---------------------------------------
| time/                   |           |
|    fps                  | 15        |
|    iterations           | 182       |
|    time_elapsed         | 23469     |
|    total_timesteps      | 874496    |
| train/                  |           |
|    approx_kl            | 0.0601616 |
|    clip_fraction        | 0.398     |
|    clip_range           | 0.2       |
|    entropy_loss         | -24.2     |
|    explained_variance   | -0.0436   |
|    learning_rate        | 0.0003    |
|    loss                 | -0.184    |
|    n_updates            | 4260      |
|    policy_gradient_loss | -0.0653   |
|    std                  | 5.29      |
|    value_loss           | 0.528     |
---------------------------------------
----------------------------------------
| lens1/                  |            |
|    dim_0_var            | 0.35277385 |
|    dim_1_var            | 0.8392355  |
|    dim_2_var            | 0.9706969  |
|    dim_3_var            | 0.6351251  |
|    dim_4_var            | 0.51557434 |
|    dim_5_var            | 0.58924645 |
|    dim_6_var            | 0.69106674 |
|    dim_7_var            | 0.23548955 |
|    encoding_variance    | 0.60365105 |
| policy/                 |            |
|    ent_coef             | 0.01       |
| time/                   |            |
|    fps                  | 15         |
|    iterations           | 183        |
|    time_elapsed         | 23590      |
|    total_timesteps      | 876544     |
| train/                  |            |
|    approx_kl            | 0.05523797 |
|    clip_fraction        | 0.388      |
|    clip_range           | 0.2        |
|    entropy_loss         | -24.2      |
|    explained_variance   | -0.178     |
|    learning_rate        | 0.0003     |
|    loss                 | -0.0977    |
|    n_updates            | 4270       |
|    policy_gradient_loss | -0.0611    |
|    std                  | 5.31       |
|    value_loss           | 0.623      |
----------------------------------------
Eval num_timesteps=876760, episode_reward=1.19 +/- 2.66
Episode length: 52.00 +/- 0.00
-----------------------------------------
| eval/                   |             |
|    mean_ep_length       | 52          |
|    mean_reward          | 1.19        |
| time/                   |             |
|    total_timesteps      | 876760      |
| train/                  |             |
|    approx_kl            | 0.054604594 |
|    clip_fraction        | 0.39        |
|    clip_range           | 0.2         |
|    entropy_loss         | -24.1       |
|    explained_variance   | -0.0812     |
|    learning_rate        | 0.0003      |
|    loss                 | -0.23       |
|    n_updates            | 4280        |
|    policy_gradient_loss | -0.0633     |
|    std                  | 5.28        |
|    value_loss           | 0.542       |
-----------------------------------------
-------------------------------
| time/              |        |
|    fps             | 15     |
|    iterations      | 184    |
|    time_elapsed    | 23717  |
|    total_timesteps | 878592 |
-------------------------------
-----------------------------------------
| lens1/                  |             |
|    dim_0_var            | 0.45693898  |
|    dim_1_var            | 0.9936      |
|    dim_2_var            | 0.7364009   |
|    dim_3_var            | 0.48951966  |
|    dim_4_var            | 0.8531205   |
|    dim_5_var            | 0.3643992   |
|    dim_6_var            | 0.79097337  |
|    dim_7_var            | 0.38179496  |
|    encoding_variance    | 0.63334334  |
| policy/                 |             |
|    ent_coef             | 0.01        |
| time/                   |             |
|    fps                  | 15          |
|    iterations           | 185         |
|    time_elapsed         | 23822       |
|    total_timesteps      | 880640      |
| train/                  |             |
|    approx_kl            | 0.051335327 |
|    clip_fraction        | 0.37        |
|    clip_range           | 0.2         |
|    entropy_loss         | -24.1       |
|    explained_variance   | -0.0231     |
|    learning_rate        | 0.0003      |
|    loss                 | -0.0287     |
|    n_updates            | 4290        |
|    policy_gradient_loss | -0.0652     |
|    std                  | 5.29        |
|    value_loss           | 0.722       |
-----------------------------------------
-----------------------------------------
| time/                   |             |
|    fps                  | 15          |
|    iterations           | 186         |
|    time_elapsed         | 23933       |
|    total_timesteps      | 882688      |
| train/                  |             |
|    approx_kl            | 0.054460205 |
|    clip_fraction        | 0.391       |
|    clip_range           | 0.2         |
|    entropy_loss         | -24.2       |
|    explained_variance   | -0.152      |
|    learning_rate        | 0.0003      |
|    loss                 | -0.13       |
|    n_updates            | 4300        |
|    policy_gradient_loss | -0.0633     |
|    std                  | 5.3         |
|    value_loss           | 0.877       |
-----------------------------------------
-----------------------------------------
| time/                   |             |
|    fps                  | 15          |
|    iterations           | 187         |
|    time_elapsed         | 24049       |
|    total_timesteps      | 884736      |
| train/                  |             |
|    approx_kl            | 0.055358984 |
|    clip_fraction        | 0.381       |
|    clip_range           | 0.2         |
|    entropy_loss         | -24.2       |
|    explained_variance   | 0.123       |
|    learning_rate        | 0.0003      |
|    loss                 | 0.0388      |
|    n_updates            | 4310        |
|    policy_gradient_loss | -0.063      |
|    std                  | 5.3         |
|    value_loss           | 0.666       |
-----------------------------------------
----------------------------------------
| lens1/                  |            |
|    dim_0_var            | 0.9574779  |
|    dim_1_var            | 0.9645293  |
|    dim_2_var            | 0.29204398 |
|    dim_3_var            | 0.55005914 |
|    dim_4_var            | 0.37794617 |
|    dim_5_var            | 0.47094154 |
|    dim_6_var            | 0.9695804  |
|    dim_7_var            | 0.48083097 |
|    encoding_variance    | 0.63292587 |
| policy/                 |            |
|    ent_coef             | 0.01       |
| time/                   |            |
|    fps                  | 15         |
|    iterations           | 188        |
|    time_elapsed         | 24163      |
|    total_timesteps      | 886784     |
| train/                  |            |
|    approx_kl            | 0.06629887 |
|    clip_fraction        | 0.412      |
|    clip_range           | 0.2        |
|    entropy_loss         | -24.2      |
|    explained_variance   | 0.00971    |
|    learning_rate        | 0.0003     |
|    loss                 | -0.14      |
|    n_updates            | 4320       |
|    policy_gradient_loss | -0.062     |
|    std                  | 5.32       |
|    value_loss           | 0.456      |
----------------------------------------
-----------------------------------------
| time/                   |             |
|    fps                  | 15          |
|    iterations           | 189         |
|    time_elapsed         | 24306       |
|    total_timesteps      | 888832      |
| train/                  |             |
|    approx_kl            | 0.052261956 |
|    clip_fraction        | 0.379       |
|    clip_range           | 0.2         |
|    entropy_loss         | -24.2       |
|    explained_variance   | -0.0595     |
|    learning_rate        | 0.0003      |
|    loss                 | -0.122      |
|    n_updates            | 4330        |
|    policy_gradient_loss | -0.0595     |
|    std                  | 5.32        |
|    value_loss           | 0.553       |
-----------------------------------------
-----------------------------------------
| lens1/                  |             |
|    dim_0_var            | 0.98522806  |
|    dim_1_var            | 0.44064292  |
|    dim_2_var            | 0.21409409  |
|    dim_3_var            | 0.32993776  |
|    dim_4_var            | 0.5359769   |
|    dim_5_var            | 0.96652925  |
|    dim_6_var            | 0.9039411   |
|    dim_7_var            | 0.9847437   |
|    encoding_variance    | 0.6701369   |
| policy/                 |             |
|    ent_coef             | 0.01        |
| time/                   |             |
|    fps                  | 15          |
|    iterations           | 190         |
|    time_elapsed         | 24448       |
|    total_timesteps      | 890880      |
| train/                  |             |
|    approx_kl            | 0.055303544 |
|    clip_fraction        | 0.382       |
|    clip_range           | 0.2         |
|    entropy_loss         | -24.2       |
|    explained_variance   | -0.383      |
|    learning_rate        | 0.0003      |
|    loss                 | -0.168      |
|    n_updates            | 4340        |
|    policy_gradient_loss | -0.0594     |
|    std                  | 5.35        |
|    value_loss           | 0.646       |
-----------------------------------------
-----------------------------------------
| time/                   |             |
|    fps                  | 15          |
|    iterations           | 191         |
|    time_elapsed         | 24573       |
|    total_timesteps      | 892928      |
| train/                  |             |
|    approx_kl            | 0.056671716 |
|    clip_fraction        | 0.398       |
|    clip_range           | 0.2         |
|    entropy_loss         | -24.2       |
|    explained_variance   | -0.0741     |
|    learning_rate        | 0.0003      |
|    loss                 | -0.108      |
|    n_updates            | 4350        |
|    policy_gradient_loss | -0.0647     |
|    std                  | 5.35        |
|    value_loss           | 0.626       |
-----------------------------------------
----------------------------------------
| time/                   |            |
|    fps                  | 15         |
|    iterations           | 192        |
|    time_elapsed         | 24699      |
|    total_timesteps      | 894976     |
| train/                  |            |
|    approx_kl            | 0.05309019 |
|    clip_fraction        | 0.382      |
|    clip_range           | 0.2        |
|    entropy_loss         | -24.2      |
|    explained_variance   | -0.0957    |
|    learning_rate        | 0.0003     |
|    loss                 | -0.0941    |
|    n_updates            | 4360       |
|    policy_gradient_loss | -0.0658    |
|    std                  | 5.35       |
|    value_loss           | 0.833      |
----------------------------------------
-----------------------------------------
| lens1/                  |             |
|    dim_0_var            | 0.8756436   |
|    dim_1_var            | 0.9788858   |
|    dim_2_var            | 0.6941419   |
|    dim_3_var            | 0.8553722   |
|    dim_4_var            | 0.5241474   |
|    dim_5_var            | 0.3916      |
|    dim_6_var            | 0.9605032   |
|    dim_7_var            | 0.5593534   |
|    encoding_variance    | 0.72995627  |
| policy/                 |             |
|    ent_coef             | 0.01        |
| time/                   |             |
|    fps                  | 15          |
|    iterations           | 193         |
|    time_elapsed         | 24816       |
|    total_timesteps      | 897024      |
| train/                  |             |
|    approx_kl            | 0.061410457 |
|    clip_fraction        | 0.389       |
|    clip_range           | 0.2         |
|    entropy_loss         | -24.2       |
|    explained_variance   | -0.0241     |
|    learning_rate        | 0.0003      |
|    loss                 | -0.157      |
|    n_updates            | 4370        |
|    policy_gradient_loss | -0.0642     |
|    std                  | 5.34        |
|    value_loss           | 0.595       |
-----------------------------------------
-----------------------------------------
| time/                   |             |
|    fps                  | 15          |
|    iterations           | 194         |
|    time_elapsed         | 24944       |
|    total_timesteps      | 899072      |
| train/                  |             |
|    approx_kl            | 0.059363216 |
|    clip_fraction        | 0.387       |
|    clip_range           | 0.2         |
|    entropy_loss         | -24.2       |
|    explained_variance   | -0.0137     |
|    learning_rate        | 0.0003      |
|    loss                 | -0.0325     |
|    n_updates            | 4380        |
|    policy_gradient_loss | -0.0664     |
|    std                  | 5.38        |
|    value_loss           | 0.746       |
-----------------------------------------
-----------------------------------------
| lens1/                  |             |
|    dim_0_var            | 0.32364547  |
|    dim_1_var            | 0.9611124   |
|    dim_2_var            | 0.96529585  |
|    dim_3_var            | 0.9182791   |
|    dim_4_var            | 0.37272614  |
|    dim_5_var            | 0.7873369   |
|    dim_6_var            | 0.35669684  |
|    dim_7_var            | 0.8073017   |
|    encoding_variance    | 0.6865492   |
| policy/                 |             |
|    ent_coef             | 0.01        |
| time/                   |             |
|    fps                  | 15          |
|    iterations           | 195         |
|    time_elapsed         | 25086       |
|    total_timesteps      | 901120      |
| train/                  |             |
|    approx_kl            | 0.054757886 |
|    clip_fraction        | 0.387       |
|    clip_range           | 0.2         |
|    entropy_loss         | -24.3       |
|    explained_variance   | -0.0185     |
|    learning_rate        | 0.0003      |
|    loss                 | -0.0761     |
|    n_updates            | 4390        |
|    policy_gradient_loss | -0.0638     |
|    std                  | 5.4         |
|    value_loss           | 0.699       |
-----------------------------------------
Eval num_timesteps=901760, episode_reward=0.44 +/- 1.95
Episode length: 52.00 +/- 0.00
-----------------------------------------
| eval/                   |             |
|    mean_ep_length       | 52          |
|    mean_reward          | 0.438       |
| time/                   |             |
|    total_timesteps      | 901760      |
| train/                  |             |
|    approx_kl            | 0.064864755 |
|    clip_fraction        | 0.389       |
|    clip_range           | 0.2         |
|    entropy_loss         | -24.3       |
|    explained_variance   | -0.27       |
|    learning_rate        | 0.0003      |
|    loss                 | -0.147      |
|    n_updates            | 4400        |
|    policy_gradient_loss | -0.0638     |
|    std                  | 5.44        |
|    value_loss           | 0.628       |
-----------------------------------------
-------------------------------
| time/              |        |
|    fps             | 15     |
|    iterations      | 196    |
|    time_elapsed    | 25220  |
|    total_timesteps | 903168 |
-------------------------------
----------------------------------------
| lens1/                  |            |
|    dim_0_var            | 0.11646977 |
|    dim_1_var            | 0.34906998 |
|    dim_2_var            | 0.69992656 |
|    dim_3_var            | 0.7681279  |
|    dim_4_var            | 0.277964   |
|    dim_5_var            | 0.9483455  |
|    dim_6_var            | 0.93825126 |
|    dim_7_var            | 0.9712502  |
|    encoding_variance    | 0.6336758  |
| policy/                 |            |
|    ent_coef             | 0.01       |
| time/                   |            |
|    fps                  | 15         |
|    iterations           | 197        |
|    time_elapsed         | 25352      |
|    total_timesteps      | 905216     |
| train/                  |            |
|    approx_kl            | 0.06064643 |
|    clip_fraction        | 0.407      |
|    clip_range           | 0.2        |
|    entropy_loss         | -24.3      |
|    explained_variance   | -0.0342    |
|    learning_rate        | 0.0003     |
|    loss                 | -0.184     |
|    n_updates            | 4410       |
|    policy_gradient_loss | -0.0661    |
|    std                  | 5.46       |
|    value_loss           | 0.502      |
----------------------------------------
----------------------------------------
| time/                   |            |
|    fps                  | 15         |
|    iterations           | 198        |
|    time_elapsed         | 25486      |
|    total_timesteps      | 907264     |
| train/                  |            |
|    approx_kl            | 0.05837072 |
|    clip_fraction        | 0.41       |
|    clip_range           | 0.2        |
|    entropy_loss         | -24.3      |
|    explained_variance   | -0.165     |
|    learning_rate        | 0.0003     |
|    loss                 | -0.236     |
|    n_updates            | 4420       |
|    policy_gradient_loss | -0.0624    |
|    std                  | 5.45       |
|    value_loss           | 0.411      |
----------------------------------------
----------------------------------------
| time/                   |            |
|    fps                  | 15         |
|    iterations           | 199        |
|    time_elapsed         | 25626      |
|    total_timesteps      | 909312     |
| train/                  |            |
|    approx_kl            | 0.06035494 |
|    clip_fraction        | 0.386      |
|    clip_range           | 0.2        |
|    entropy_loss         | -24.3      |
|    explained_variance   | -0.0286    |
|    learning_rate        | 0.0003     |
|    loss                 | -0.117     |
|    n_updates            | 4430       |
|    policy_gradient_loss | -0.0653    |
|    std                  | 5.44       |
|    value_loss           | 0.719      |
----------------------------------------
-----------------------------------------
| lens1/                  |             |
|    dim_0_var            | 0.39059463  |
|    dim_1_var            | 0.5904      |
|    dim_2_var            | 0.5793846   |
|    dim_3_var            | 0.9513588   |
|    dim_4_var            | 0.3478888   |
|    dim_5_var            | 0.5793238   |
|    dim_6_var            | 0.68653107  |
|    dim_7_var            | 0.20141812  |
|    encoding_variance    | 0.5408626   |
| policy/                 |             |
|    ent_coef             | 0.01        |
| time/                   |             |
|    fps                  | 15          |
|    iterations           | 200         |
|    time_elapsed         | 25737       |
|    total_timesteps      | 911360      |
| train/                  |             |
|    approx_kl            | 0.058882907 |
|    clip_fraction        | 0.424       |
|    clip_range           | 0.2         |
|    entropy_loss         | -24.3       |
|    explained_variance   | 0.0914      |
|    learning_rate        | 0.0003      |
|    loss                 | -0.126      |
|    n_updates            | 4440        |
|    policy_gradient_loss | -0.0658     |
|    std                  | 5.45        |
|    value_loss           | 0.533       |
-----------------------------------------
----------------------------------------
| time/                   |            |
|    fps                  | 15         |
|    iterations           | 201        |
|    time_elapsed         | 25863      |
|    total_timesteps      | 913408     |
| train/                  |            |
|    approx_kl            | 0.05870112 |
|    clip_fraction        | 0.396      |
|    clip_range           | 0.2        |
|    entropy_loss         | -24.3      |
|    explained_variance   | -0.124     |
|    learning_rate        | 0.0003     |
|    loss                 | -0.156     |
|    n_updates            | 4450       |
|    policy_gradient_loss | -0.0598    |
|    std                  | 5.45       |
|    value_loss           | 0.591      |
----------------------------------------
----------------------------------------
| lens1/                  |            |
|    dim_0_var            | 0.11359703 |
|    dim_1_var            | 0.3916     |
|    dim_2_var            | 0.5343576  |
|    dim_3_var            | 0.42513055 |
|    dim_4_var            | 0.3729181  |
|    dim_5_var            | 0.97746545 |
|    dim_6_var            | 0.7941503  |
|    dim_7_var            | 0.26529905 |
|    encoding_variance    | 0.48431495 |
| policy/                 |            |
|    ent_coef             | 0.01       |
| time/                   |            |
|    fps                  | 15         |
|    iterations           | 202        |
|    time_elapsed         | 25969      |
|    total_timesteps      | 915456     |
| train/                  |            |
|    approx_kl            | 0.05260968 |
|    clip_fraction        | 0.376      |
|    clip_range           | 0.2        |
|    entropy_loss         | -24.4      |
|    explained_variance   | -0.216     |
|    learning_rate        | 0.0003     |
|    loss                 | -0.202     |
|    n_updates            | 4460       |
|    policy_gradient_loss | -0.0614    |
|    std                  | 5.47       |
|    value_loss           | 0.792      |
----------------------------------------
-----------------------------------------
| time/                   |             |
|    fps                  | 15          |
|    iterations           | 203         |
|    time_elapsed         | 26079       |
|    total_timesteps      | 917504      |
| train/                  |             |
|    approx_kl            | 0.052317757 |
|    clip_fraction        | 0.397       |
|    clip_range           | 0.2         |
|    entropy_loss         | -24.4       |
|    explained_variance   | 0.0116      |
|    learning_rate        | 0.0003      |
|    loss                 | -0.12       |
|    n_updates            | 4470        |
|    policy_gradient_loss | -0.0589     |
|    std                  | 5.5         |
|    value_loss           | 0.594       |
-----------------------------------------
-----------------------------------------
| time/                   |             |
|    fps                  | 15          |
|    iterations           | 204         |
|    time_elapsed         | 26193       |
|    total_timesteps      | 919552      |
| train/                  |             |
|    approx_kl            | 0.055836402 |
|    clip_fraction        | 0.381       |
|    clip_range           | 0.2         |
|    entropy_loss         | -24.4       |
|    explained_variance   | -0.0114     |
|    learning_rate        | 0.0003      |
|    loss                 | -0.197      |
|    n_updates            | 4480        |
|    policy_gradient_loss | -0.06       |
|    std                  | 5.53        |
|    value_loss           | 0.677       |
-----------------------------------------
----------------------------------------
| lens1/                  |            |
|    dim_0_var            | 0.9459711  |
|    dim_1_var            | 0.25959468 |
|    dim_2_var            | 0.97803605 |
|    dim_3_var            | 0.349835   |
|    dim_4_var            | 0.97406584 |
|    dim_5_var            | 0.45189944 |
|    dim_6_var            | 0.95126617 |
|    dim_7_var            | 0.92506164 |
|    encoding_variance    | 0.72946644 |
| policy/                 |            |
|    ent_coef             | 0.01       |
| time/                   |            |
|    fps                  | 15         |
|    iterations           | 205        |
|    time_elapsed         | 26306      |
|    total_timesteps      | 921600     |
| train/                  |            |
|    approx_kl            | 0.05359005 |
|    clip_fraction        | 0.389      |
|    clip_range           | 0.2        |
|    entropy_loss         | -24.4      |
|    explained_variance   | -0.0389    |
|    learning_rate        | 0.0003     |
|    loss                 | -0.13      |
|    n_updates            | 4490       |
|    policy_gradient_loss | -0.0649    |
|    std                  | 5.5        |
|    value_loss           | 0.74       |
----------------------------------------
----------------------------------------
| time/                   |            |
|    fps                  | 15         |
|    iterations           | 206        |
|    time_elapsed         | 26422      |
|    total_timesteps      | 923648     |
| train/                  |            |
|    approx_kl            | 0.05901168 |
|    clip_fraction        | 0.385      |
|    clip_range           | 0.2        |
|    entropy_loss         | -24.4      |
|    explained_variance   | -0.276     |
|    learning_rate        | 0.0003     |
|    loss                 | -0.176     |
|    n_updates            | 4500       |
|    policy_gradient_loss | -0.0653    |
|    std                  | 5.48       |
|    value_loss           | 0.695      |
----------------------------------------
-----------------------------------------
| lens1/                  |             |
|    dim_0_var            | 0.5575325   |
|    dim_1_var            | 0.8077332   |
|    dim_2_var            | 0.75271016  |
|    dim_3_var            | 0.9284703   |
|    dim_4_var            | 0.23973808  |
|    dim_5_var            | 0.88313067  |
|    dim_6_var            | 0.73385376  |
|    dim_7_var            | 0.4332833   |
|    encoding_variance    | 0.6670566   |
| policy/                 |             |
|    ent_coef             | 0.01        |
| time/                   |             |
|    fps                  | 15          |
|    iterations           | 207         |
|    time_elapsed         | 26527       |
|    total_timesteps      | 925696      |
| train/                  |             |
|    approx_kl            | 0.055341683 |
|    clip_fraction        | 0.4         |
|    clip_range           | 0.2         |
|    entropy_loss         | -24.4       |
|    explained_variance   | -0.0301     |
|    learning_rate        | 0.0003      |
|    loss                 | -0.0861     |
|    n_updates            | 4510        |
|    policy_gradient_loss | -0.0641     |
|    std                  | 5.51        |
|    value_loss           | 0.417       |
-----------------------------------------
Eval num_timesteps=926760, episode_reward=3.15 +/- 3.57
Episode length: 52.00 +/- 0.00
-----------------------------------------
| eval/                   |             |
|    mean_ep_length       | 52          |
|    mean_reward          | 3.15        |
| time/                   |             |
|    total_timesteps      | 926760      |
| train/                  |             |
|    approx_kl            | 0.052004233 |
|    clip_fraction        | 0.387       |
|    clip_range           | 0.2         |
|    entropy_loss         | -24.4       |
|    explained_variance   | -0.0208     |
|    learning_rate        | 0.0003      |
|    loss                 | -0.206      |
|    n_updates            | 4520        |
|    policy_gradient_loss | -0.0656     |
|    std                  | 5.52        |
|    value_loss           | 0.589       |
-----------------------------------------
-------------------------------
| time/              |        |
|    fps             | 15     |
|    iterations      | 208    |
|    time_elapsed    | 26631  |
|    total_timesteps | 927744 |
-------------------------------
----------------------------------------
| time/                   |            |
|    fps                  | 16         |
|    iterations           | 209        |
|    time_elapsed         | 26731      |
|    total_timesteps      | 929792     |
| train/                  |            |
|    approx_kl            | 0.05306135 |
|    clip_fraction        | 0.389      |
|    clip_range           | 0.2        |
|    entropy_loss         | -24.4      |
|    explained_variance   | -0.186     |
|    learning_rate        | 0.0003     |
|    loss                 | -0.197     |
|    n_updates            | 4530       |
|    policy_gradient_loss | -0.0647    |
|    std                  | 5.53       |
|    value_loss           | 0.741      |
----------------------------------------
----------------------------------------
| lens1/                  |            |
|    dim_0_var            | 0.08347634 |
|    dim_1_var            | 0.37829506 |
|    dim_2_var            | 0.59664714 |
|    dim_3_var            | 0.2970153  |
|    dim_4_var            | 0.40614536 |
|    dim_5_var            | 0.7449722  |
|    dim_6_var            | 0.7078774  |
|    dim_7_var            | 0.7994782  |
|    encoding_variance    | 0.50173837 |
| policy/                 |            |
|    ent_coef             | 0.01       |
| time/                   |            |
|    fps                  | 16         |
|    iterations           | 210        |
|    time_elapsed         | 26843      |
|    total_timesteps      | 931840     |
| train/                  |            |
|    approx_kl            | 0.06648457 |
|    clip_fraction        | 0.414      |
|    clip_range           | 0.2        |
|    entropy_loss         | -24.4      |
|    explained_variance   | -0.0361    |
|    learning_rate        | 0.0003     |
|    loss                 | -0.108     |
|    n_updates            | 4540       |
|    policy_gradient_loss | -0.0668    |
|    std                  | 5.55       |
|    value_loss           | 0.581      |
----------------------------------------
---------------------------------------
| time/                   |           |
|    fps                  | 16        |
|    iterations           | 211       |
|    time_elapsed         | 26978     |
|    total_timesteps      | 933888    |
| train/                  |           |
|    approx_kl            | 0.0639358 |
|    clip_fraction        | 0.399     |
|    clip_range           | 0.2       |
|    entropy_loss         | -24.5     |
|    explained_variance   | -0.125    |
|    learning_rate        | 0.0003    |
|    loss                 | -0.217    |
|    n_updates            | 4550      |
|    policy_gradient_loss | -0.062    |
|    std                  | 5.56      |
|    value_loss           | 0.547     |
---------------------------------------
----------------------------------------
| lens1/                  |            |
|    dim_0_var            | 0.276383   |
|    dim_1_var            | 0.73361677 |
|    dim_2_var            | 0.6603281  |
|    dim_3_var            | 0.62382543 |
|    dim_4_var            | 0.3405391  |
|    dim_5_var            | 0.2602169  |
|    dim_6_var            | 0.7884001  |
|    dim_7_var            | 0.39073935 |
|    encoding_variance    | 0.509256   |
| policy/                 |            |
|    ent_coef             | 0.01       |
| time/                   |            |
|    fps                  | 16         |
|    iterations           | 212        |
|    time_elapsed         | 27109      |
|    total_timesteps      | 935936     |
| train/                  |            |
|    approx_kl            | 0.06878863 |
|    clip_fraction        | 0.411      |
|    clip_range           | 0.2        |
|    entropy_loss         | -24.5      |
|    explained_variance   | -0.304     |
|    learning_rate        | 0.0003     |
|    loss                 | -0.219     |
|    n_updates            | 4560       |
|    policy_gradient_loss | -0.0618    |
|    std                  | 5.58       |
|    value_loss           | 0.475      |
----------------------------------------
-----------------------------------------
| time/                   |             |
|    fps                  | 16          |
|    iterations           | 213         |
|    time_elapsed         | 27245       |
|    total_timesteps      | 937984      |
| train/                  |             |
|    approx_kl            | 0.070647076 |
|    clip_fraction        | 0.43        |
|    clip_range           | 0.2         |
|    entropy_loss         | -24.5       |
|    explained_variance   | -0.233      |
|    learning_rate        | 0.0003      |
|    loss                 | -0.185      |
|    n_updates            | 4570        |
|    policy_gradient_loss | -0.0614     |
|    std                  | 5.59        |
|    value_loss           | 0.347       |
-----------------------------------------
----------------------------------------
| lens1/                  |            |
|    dim_0_var            | 0.96350306 |
|    dim_1_var            | 0.97984976 |
|    dim_2_var            | 0.29688737 |
|    dim_3_var            | 0.98468226 |
|    dim_4_var            | 0.4144716  |
|    dim_5_var            | 0.98412704 |
|    dim_6_var            | 0.97291136 |
|    dim_7_var            | 0.98612976 |
|    encoding_variance    | 0.8228202  |
| policy/                 |            |
|    ent_coef             | 0.01       |
| time/                   |            |
|    fps                  | 16         |
|    iterations           | 214        |
|    time_elapsed         | 27370      |
|    total_timesteps      | 940032     |
| train/                  |            |
|    approx_kl            | 0.05960792 |
|    clip_fraction        | 0.379      |
|    clip_range           | 0.2        |
|    entropy_loss         | -24.5      |
|    explained_variance   | -0.117     |
|    learning_rate        | 0.0003     |
|    loss                 | -0.175     |
|    n_updates            | 4580       |
|    policy_gradient_loss | -0.0616    |
|    std                  | 5.6        |
|    value_loss           | 0.772      |
----------------------------------------
-----------------------------------------
| time/                   |             |
|    fps                  | 16          |
|    iterations           | 215         |
|    time_elapsed         | 27489       |
|    total_timesteps      | 942080      |
| train/                  |             |
|    approx_kl            | 0.057973716 |
|    clip_fraction        | 0.409       |
|    clip_range           | 0.2         |
|    entropy_loss         | -24.5       |
|    explained_variance   | 0.107       |
|    learning_rate        | 0.0003      |
|    loss                 | -0.182      |
|    n_updates            | 4590        |
|    policy_gradient_loss | -0.0646     |
|    std                  | 5.6         |
|    value_loss           | 0.528       |
-----------------------------------------
----------------------------------------
| time/                   |            |
|    fps                  | 16         |
|    iterations           | 216        |
|    time_elapsed         | 27614      |
|    total_timesteps      | 944128     |
| train/                  |            |
|    approx_kl            | 0.06262246 |
|    clip_fraction        | 0.427      |
|    clip_range           | 0.2        |
|    entropy_loss         | -24.5      |
|    explained_variance   | -0.119     |
|    learning_rate        | 0.0003     |
|    loss                 | -0.246     |
|    n_updates            | 4600       |
|    policy_gradient_loss | -0.067     |
|    std                  | 5.63       |
|    value_loss           | 0.46       |
----------------------------------------
----------------------------------------
| lens1/                  |            |
|    dim_0_var            | 0.93982905 |
|    dim_1_var            | 0.39892066 |
|    dim_2_var            | 0.51134706 |
|    dim_3_var            | 0.9826824  |
|    dim_4_var            | 0.14815556 |
|    dim_5_var            | 0.9708315  |
|    dim_6_var            | 0.66863513 |
|    dim_7_var            | 0.32982898 |
|    encoding_variance    | 0.6187787  |
| policy/                 |            |
|    ent_coef             | 0.01       |
| time/                   |            |
|    fps                  | 16         |
|    iterations           | 217        |
|    time_elapsed         | 27739      |
|    total_timesteps      | 946176     |
| train/                  |            |
|    approx_kl            | 0.06240999 |
|    clip_fraction        | 0.401      |
|    clip_range           | 0.2        |
|    entropy_loss         | -24.5      |
|    explained_variance   | -0.151     |
|    learning_rate        | 0.0003     |
|    loss                 | -0.196     |
|    n_updates            | 4610       |
|    policy_gradient_loss | -0.0649    |
|    std                  | 5.62       |
|    value_loss           | 0.691      |
----------------------------------------
----------------------------------------
| time/                   |            |
|    fps                  | 16         |
|    iterations           | 218        |
|    time_elapsed         | 27864      |
|    total_timesteps      | 948224     |
| train/                  |            |
|    approx_kl            | 0.07059781 |
|    clip_fraction        | 0.412      |
|    clip_range           | 0.2        |
|    entropy_loss         | -24.5      |
|    explained_variance   | -0.0527    |
|    learning_rate        | 0.0003     |
|    loss                 | -0.244     |
|    n_updates            | 4620       |
|    policy_gradient_loss | -0.0672    |
|    std                  | 5.65       |
|    value_loss           | 0.464      |
----------------------------------------
----------------------------------------
| lens1/                  |            |
|    dim_0_var            | 0.5354601  |
|    dim_1_var            | 0.33555353 |
|    dim_2_var            | 0.47927982 |
|    dim_3_var            | 0.98152953 |
|    dim_4_var            | 0.54053366 |
|    dim_5_var            | 0.3986893  |
|    dim_6_var            | 0.6417609  |
|    dim_7_var            | 0.5411549  |
|    encoding_variance    | 0.55674523 |
| policy/                 |            |
|    ent_coef             | 0.01       |
| time/                   |            |
|    fps                  | 16         |
|    iterations           | 219        |
|    time_elapsed         | 27991      |
|    total_timesteps      | 950272     |
| train/                  |            |
|    approx_kl            | 0.06351092 |
|    clip_fraction        | 0.411      |
|    clip_range           | 0.2        |
|    entropy_loss         | -24.5      |
|    explained_variance   | 0.108      |
|    learning_rate        | 0.0003     |
|    loss                 | -0.129     |
|    n_updates            | 4630       |
|    policy_gradient_loss | -0.0655    |
|    std                  | 5.65       |
|    value_loss           | 0.676      |
----------------------------------------
Eval num_timesteps=951760, episode_reward=1.76 +/- 2.34
Episode length: 52.00 +/- 0.00
----------------------------------------
| eval/                   |            |
|    mean_ep_length       | 52         |
|    mean_reward          | 1.76       |
| time/                   |            |
|    total_timesteps      | 951760     |
| train/                  |            |
|    approx_kl            | 0.06106294 |
|    clip_fraction        | 0.414      |
|    clip_range           | 0.2        |
|    entropy_loss         | -24.5      |
|    explained_variance   | -0.0882    |
|    learning_rate        | 0.0003     |
|    loss                 | -0.109     |
|    n_updates            | 4640       |
|    policy_gradient_loss | -0.0605    |
|    std                  | 5.67       |
|    value_loss           | 0.576      |
----------------------------------------
-------------------------------
| time/              |        |
|    fps             | 16     |
|    iterations      | 220    |
|    time_elapsed    | 28123  |
|    total_timesteps | 952320 |
-------------------------------
----------------------------------------
| time/                   |            |
|    fps                  | 16         |
|    iterations           | 221        |
|    time_elapsed         | 28251      |
|    total_timesteps      | 954368     |
| train/                  |            |
|    approx_kl            | 0.05918578 |
|    clip_fraction        | 0.398      |
|    clip_range           | 0.2        |
|    entropy_loss         | -24.6      |
|    explained_variance   | -0.0274    |
|    learning_rate        | 0.0003     |
|    loss                 | -0.131     |
|    n_updates            | 4650       |
|    policy_gradient_loss | -0.0661    |
|    std                  | 5.68       |
|    value_loss           | 0.768      |
----------------------------------------
----------------------------------------
| lens1/                  |            |
|    dim_0_var            | 0.39514115 |
|    dim_1_var            | 0.95901304 |
|    dim_2_var            | 0.968218   |
|    dim_3_var            | 0.946261   |
|    dim_4_var            | 0.81294215 |
|    dim_5_var            | 0.93961734 |
|    dim_6_var            | 0.7330635  |
|    dim_7_var            | 0.8965218  |
|    encoding_variance    | 0.8313473  |
| policy/                 |            |
|    ent_coef             | 0.01       |
| time/                   |            |
|    fps                  | 16         |
|    iterations           | 222        |
|    time_elapsed         | 28384      |
|    total_timesteps      | 956416     |
| train/                  |            |
|    approx_kl            | 0.06910184 |
|    clip_fraction        | 0.425      |
|    clip_range           | 0.2        |
|    entropy_loss         | -24.6      |
|    explained_variance   | -0.0736    |
|    learning_rate        | 0.0003     |
|    loss                 | -0.066     |
|    n_updates            | 4660       |
|    policy_gradient_loss | -0.0652    |
|    std                  | 5.7        |
|    value_loss           | 0.541      |
----------------------------------------
----------------------------------------
| time/                   |            |
|    fps                  | 16         |
|    iterations           | 223        |
|    time_elapsed         | 28513      |
|    total_timesteps      | 958464     |
| train/                  |            |
|    approx_kl            | 0.06343129 |
|    clip_fraction        | 0.412      |
|    clip_range           | 0.2        |
|    entropy_loss         | -24.6      |
|    explained_variance   | -0.084     |
|    learning_rate        | 0.0003     |
|    loss                 | -0.202     |
|    n_updates            | 4670       |
|    policy_gradient_loss | -0.0636    |
|    std                  | 5.69       |
|    value_loss           | 0.555      |
----------------------------------------
-----------------------------------------
| lens1/                  |             |
|    dim_0_var            | 0.7654834   |
|    dim_1_var            | 0.8806264   |
|    dim_2_var            | 0.96261954  |
|    dim_3_var            | 0.8374184   |
|    dim_4_var            | 0.8279555   |
|    dim_5_var            | 0.53974813  |
|    dim_6_var            | 0.6681221   |
|    dim_7_var            | 0.95715034  |
|    encoding_variance    | 0.8048905   |
| policy/                 |             |
|    ent_coef             | 0.01        |
| time/                   |             |
|    fps                  | 16          |
|    iterations           | 224         |
|    time_elapsed         | 28642       |
|    total_timesteps      | 960512      |
| train/                  |             |
|    approx_kl            | 0.062454566 |
|    clip_fraction        | 0.409       |
|    clip_range           | 0.2         |
|    entropy_loss         | -24.6       |
|    explained_variance   | -0.0723     |
|    learning_rate        | 0.0003      |
|    loss                 | -0.148      |
|    n_updates            | 4680        |
|    policy_gradient_loss | -0.0606     |
|    std                  | 5.71        |
|    value_loss           | 0.531       |
-----------------------------------------
----------------------------------------
| time/                   |            |
|    fps                  | 16         |
|    iterations           | 225        |
|    time_elapsed         | 28772      |
|    total_timesteps      | 962560     |
| train/                  |            |
|    approx_kl            | 0.05901982 |
|    clip_fraction        | 0.424      |
|    clip_range           | 0.2        |
|    entropy_loss         | -24.6      |
|    explained_variance   | -0.225     |
|    learning_rate        | 0.0003     |
|    loss                 | -0.0472    |
|    n_updates            | 4690       |
|    policy_gradient_loss | -0.0598    |
|    std                  | 5.7        |
|    value_loss           | 0.699      |
----------------------------------------
----------------------------------------
| time/                   |            |
|    fps                  | 16         |
|    iterations           | 226        |
|    time_elapsed         | 28898      |
|    total_timesteps      | 964608     |
| train/                  |            |
|    approx_kl            | 0.06518449 |
|    clip_fraction        | 0.394      |
|    clip_range           | 0.2        |
|    entropy_loss         | -24.6      |
|    explained_variance   | -0.381     |
|    learning_rate        | 0.0003     |
|    loss                 | -0.193     |
|    n_updates            | 4700       |
|    policy_gradient_loss | -0.0588    |
|    std                  | 5.72       |
|    value_loss           | 0.689      |
----------------------------------------
----------------------------------------
| lens1/                  |            |
|    dim_0_var            | 0.92875844 |
|    dim_1_var            | 0.6916883  |
|    dim_2_var            | 0.9603644  |
|    dim_3_var            | 0.45475656 |
|    dim_4_var            | 0.4611386  |
|    dim_5_var            | 0.98741096 |
|    dim_6_var            | 0.95149505 |
|    dim_7_var            | 0.94244415 |
|    encoding_variance    | 0.7972574  |
| policy/                 |            |
|    ent_coef             | 0.01       |
| time/                   |            |
|    fps                  | 16         |
|    iterations           | 227        |
|    time_elapsed         | 29026      |
|    total_timesteps      | 966656     |
| train/                  |            |
|    approx_kl            | 0.06519284 |
|    clip_fraction        | 0.413      |
|    clip_range           | 0.2        |
|    entropy_loss         | -24.7      |
|    explained_variance   | -0.0683    |
|    learning_rate        | 0.0003     |
|    loss                 | -0.193     |
|    n_updates            | 4710       |
|    policy_gradient_loss | -0.0642    |
|    std                  | 5.75       |
|    value_loss           | 0.578      |
----------------------------------------
----------------------------------------
| time/                   |            |
|    fps                  | 16         |
|    iterations           | 228        |
|    time_elapsed         | 29155      |
|    total_timesteps      | 968704     |
| train/                  |            |
|    approx_kl            | 0.06014496 |
|    clip_fraction        | 0.404      |
|    clip_range           | 0.2        |
|    entropy_loss         | -24.7      |
|    explained_variance   | -0.165     |
|    learning_rate        | 0.0003     |
|    loss                 | -0.191     |
|    n_updates            | 4720       |
|    policy_gradient_loss | -0.0644    |
|    std                  | 5.77       |
|    value_loss           | 0.629      |
----------------------------------------
----------------------------------------
| lens1/                  |            |
|    dim_0_var            | 0.91367066 |
|    dim_1_var            | 0.9771074  |
|    dim_2_var            | 0.66173005 |
|    dim_3_var            | 0.9728824  |
|    dim_4_var            | 0.448449   |
|    dim_5_var            | 0.9753268  |
|    dim_6_var            | 0.24298224 |
|    dim_7_var            | 0.45846835 |
|    encoding_variance    | 0.7063271  |
| policy/                 |            |
|    ent_coef             | 0.01       |
| time/                   |            |
|    fps                  | 16         |
|    iterations           | 229        |
|    time_elapsed         | 29286      |
|    total_timesteps      | 970752     |
| train/                  |            |
|    approx_kl            | 0.05728527 |
|    clip_fraction        | 0.378      |
|    clip_range           | 0.2        |
|    entropy_loss         | -24.7      |
|    explained_variance   | -0.0866    |
|    learning_rate        | 0.0003     |
|    loss                 | -0.0929    |
|    n_updates            | 4730       |
|    policy_gradient_loss | -0.0595    |
|    std                  | 5.76       |
|    value_loss           | 0.873      |
----------------------------------------
-----------------------------------------
| time/                   |             |
|    fps                  | 16          |
|    iterations           | 230         |
|    time_elapsed         | 29405       |
|    total_timesteps      | 972800      |
| train/                  |             |
|    approx_kl            | 0.058934584 |
|    clip_fraction        | 0.42        |
|    clip_range           | 0.2         |
|    entropy_loss         | -24.7       |
|    explained_variance   | -0.105      |
|    learning_rate        | 0.0003      |
|    loss                 | -0.26       |
|    n_updates            | 4740        |
|    policy_gradient_loss | -0.0624     |
|    std                  | 5.78        |
|    value_loss           | 0.514       |
-----------------------------------------
----------------------------------------
| time/                   |            |
|    fps                  | 16         |
|    iterations           | 231        |
|    time_elapsed         | 29543      |
|    total_timesteps      | 974848     |
| train/                  |            |
|    approx_kl            | 0.06665486 |
|    clip_fraction        | 0.425      |
|    clip_range           | 0.2        |
|    entropy_loss         | -24.7      |
|    explained_variance   | -0.105     |
|    learning_rate        | 0.0003     |
|    loss                 | -0.0135    |
|    n_updates            | 4750       |
|    policy_gradient_loss | -0.0651    |
|    std                  | 5.8        |
|    value_loss           | 0.433      |
----------------------------------------
Eval num_timesteps=976760, episode_reward=1.25 +/- 1.10
Episode length: 52.00 +/- 0.00
-----------------------------------------
| eval/                   |             |
|    mean_ep_length       | 52          |
|    mean_reward          | 1.25        |
| lens1/                  |             |
|    dim_0_var            | 0.1851896   |
|    dim_1_var            | 0.99355143  |
|    dim_2_var            | 0.41796452  |
|    dim_3_var            | 0.2912109   |
|    dim_4_var            | 0.9794271   |
|    dim_5_var            | 0.24955425  |
|    dim_6_var            | 0.19000036  |
|    dim_7_var            | 0.26408145  |
|    encoding_variance    | 0.44637233  |
| policy/                 |             |
|    ent_coef             | 0.01        |
| time/                   |             |
|    total_timesteps      | 976760      |
| train/                  |             |
|    approx_kl            | 0.062572174 |
|    clip_fraction        | 0.41        |
|    clip_range           | 0.2         |
|    entropy_loss         | -24.8       |
|    explained_variance   | -0.201      |
|    learning_rate        | 0.0003      |
|    loss                 | -0.248      |
|    n_updates            | 4760        |
|    policy_gradient_loss | -0.0609     |
|    std                  | 5.83        |
|    value_loss           | 0.559       |
-----------------------------------------
-------------------------------
| time/              |        |
|    fps             | 16     |
|    iterations      | 232    |
|    time_elapsed    | 29690  |
|    total_timesteps | 976896 |
-------------------------------
----------------------------------------
| time/                   |            |
|    fps                  | 16         |
|    iterations           | 233        |
|    time_elapsed         | 29822      |
|    total_timesteps      | 978944     |
| train/                  |            |
|    approx_kl            | 0.06600298 |
|    clip_fraction        | 0.428      |
|    clip_range           | 0.2        |
|    entropy_loss         | -24.8      |
|    explained_variance   | -0.12      |
|    learning_rate        | 0.0003     |
|    loss                 | -0.163     |
|    n_updates            | 4770       |
|    policy_gradient_loss | -0.0605    |
|    std                  | 5.84       |
|    value_loss           | 0.462      |
----------------------------------------
-----------------------------------------
| lens1/                  |             |
|    dim_0_var            | 0.17380182  |
|    dim_1_var            | 0.9836937   |
|    dim_2_var            | 0.37696812  |
|    dim_3_var            | 0.413632    |
|    dim_4_var            | 0.24085931  |
|    dim_5_var            | 0.96560156  |
|    dim_6_var            | 0.73618805  |
|    dim_7_var            | 0.6205935   |
|    encoding_variance    | 0.56391716  |
| policy/                 |             |
|    ent_coef             | 0.01        |
| time/                   |             |
|    fps                  | 15          |
|    iterations           | 234         |
|    time_elapsed         | 29954       |
|    total_timesteps      | 980992      |
| train/                  |             |
|    approx_kl            | 0.057799935 |
|    clip_fraction        | 0.413       |
|    clip_range           | 0.2         |
|    entropy_loss         | -24.8       |
|    explained_variance   | -0.191      |
|    learning_rate        | 0.0003      |
|    loss                 | -0.152      |
|    n_updates            | 4780        |
|    policy_gradient_loss | -0.0566     |
|    std                  | 5.87        |
|    value_loss           | 0.523       |
-----------------------------------------
-----------------------------------------
| time/                   |             |
|    fps                  | 15          |
|    iterations           | 235         |
|    time_elapsed         | 30087       |
|    total_timesteps      | 983040      |
| train/                  |             |
|    approx_kl            | 0.056098152 |
|    clip_fraction        | 0.389       |
|    clip_range           | 0.2         |
|    entropy_loss         | -24.8       |
|    explained_variance   | -0.0329     |
|    learning_rate        | 0.0003      |
|    loss                 | -0.168      |
|    n_updates            | 4790        |
|    policy_gradient_loss | -0.0621     |
|    std                  | 5.86        |
|    value_loss           | 0.629       |
-----------------------------------------
-----------------------------------------
| lens1/                  |             |
|    dim_0_var            | 0.7882999   |
|    dim_1_var            | 0.9362999   |
|    dim_2_var            | 0.94350743  |
|    dim_3_var            | 0.5184705   |
|    dim_4_var            | 0.8658142   |
|    dim_5_var            | 0.64847374  |
|    dim_6_var            | 0.16422564  |
|    dim_7_var            | 0.42205298  |
|    encoding_variance    | 0.66089314  |
| policy/                 |             |
|    ent_coef             | 0.01        |
| time/                   |             |
|    fps                  | 15          |
|    iterations           | 236         |
|    time_elapsed         | 30213       |
|    total_timesteps      | 985088      |
| train/                  |             |
|    approx_kl            | 0.061149027 |
|    clip_fraction        | 0.406       |
|    clip_range           | 0.2         |
|    entropy_loss         | -24.8       |
|    explained_variance   | 0.111       |
|    learning_rate        | 0.0003      |
|    loss                 | -0.149      |
|    n_updates            | 4800        |
|    policy_gradient_loss | -0.0655     |
|    std                  | 5.88        |
|    value_loss           | 0.563       |
-----------------------------------------
-----------------------------------------
| time/                   |             |
|    fps                  | 15          |
|    iterations           | 237         |
|    time_elapsed         | 30342       |
|    total_timesteps      | 987136      |
| train/                  |             |
|    approx_kl            | 0.053045116 |
|    clip_fraction        | 0.383       |
|    clip_range           | 0.2         |
|    entropy_loss         | -24.9       |
|    explained_variance   | 0.0403      |
|    learning_rate        | 0.0003      |
|    loss                 | -0.246      |
|    n_updates            | 4810        |
|    policy_gradient_loss | -0.064      |
|    std                  | 5.91        |
|    value_loss           | 0.685       |
-----------------------------------------
-----------------------------------------
| time/                   |             |
|    fps                  | 15          |
|    iterations           | 238         |
|    time_elapsed         | 30469       |
|    total_timesteps      | 989184      |
| train/                  |             |
|    approx_kl            | 0.052406523 |
|    clip_fraction        | 0.375       |
|    clip_range           | 0.2         |
|    entropy_loss         | -24.9       |
|    explained_variance   | 0.163       |
|    learning_rate        | 0.0003      |
|    loss                 | 0.053       |
|    n_updates            | 4820        |
|    policy_gradient_loss | -0.0644     |
|    std                  | 5.9         |
|    value_loss           | 0.927       |
-----------------------------------------
----------------------------------------
| lens1/                  |            |
|    dim_0_var            | 0.5675769  |
|    dim_1_var            | 0.45429832 |
|    dim_2_var            | 0.8323813  |
|    dim_3_var            | 0.93919706 |
|    dim_4_var            | 0.96213484 |
|    dim_5_var            | 0.75165945 |
|    dim_6_var            | 0.9280856  |
|    dim_7_var            | 0.24018253 |
|    encoding_variance    | 0.7094395  |
| policy/                 |            |
|    ent_coef             | 0.01       |
| time/                   |            |
|    fps                  | 16         |
|    iterations           | 239        |
|    time_elapsed         | 30588      |
|    total_timesteps      | 991232     |
| train/                  |            |
|    approx_kl            | 0.06098243 |
|    clip_fraction        | 0.397      |
|    clip_range           | 0.2        |
|    entropy_loss         | -24.9      |
|    explained_variance   | -0.892     |
|    learning_rate        | 0.0003     |
|    loss                 | -0.0954    |
|    n_updates            | 4830       |
|    policy_gradient_loss | -0.0615    |
|    std                  | 5.87       |
|    value_loss           | 0.797      |
----------------------------------------
----------------------------------------
| time/                   |            |
|    fps                  | 15         |
|    iterations           | 240        |
|    time_elapsed         | 30720      |
|    total_timesteps      | 993280     |
| train/                  |            |
|    approx_kl            | 0.05575081 |
|    clip_fraction        | 0.387      |
|    clip_range           | 0.2        |
|    entropy_loss         | -24.9      |
|    explained_variance   | 0.207      |
|    learning_rate        | 0.0003     |
|    loss                 | -0.111     |
|    n_updates            | 4840       |
|    policy_gradient_loss | -0.0644    |
|    std                  | 5.89       |
|    value_loss           | 0.843      |
----------------------------------------
-----------------------------------------
| lens1/                  |             |
|    dim_0_var            | 0.56462526  |
|    dim_1_var            | 0.48224097  |
|    dim_2_var            | 0.5885094   |
|    dim_3_var            | 0.78394717  |
|    dim_4_var            | 0.30271894  |
|    dim_5_var            | 0.6561742   |
|    dim_6_var            | 0.89911604  |
|    dim_7_var            | 0.31737807  |
|    encoding_variance    | 0.5743387   |
| policy/                 |             |
|    ent_coef             | 0.01        |
| time/                   |             |
|    fps                  | 15          |
|    iterations           | 241         |
|    time_elapsed         | 30855       |
|    total_timesteps      | 995328      |
| train/                  |             |
|    approx_kl            | 0.060865004 |
|    clip_fraction        | 0.412       |
|    clip_range           | 0.2         |
|    entropy_loss         | -24.9       |
|    explained_variance   | 0.0142      |
|    learning_rate        | 0.0003      |
|    loss                 | -0.156      |
|    n_updates            | 4850        |
|    policy_gradient_loss | -0.0675     |
|    std                  | 5.92        |
|    value_loss           | 0.698       |
-----------------------------------------
----------------------------------------
| time/                   |            |
|    fps                  | 15         |
|    iterations           | 242        |
|    time_elapsed         | 30982      |
|    total_timesteps      | 997376     |
| train/                  |            |
|    approx_kl            | 0.06438051 |
|    clip_fraction        | 0.406      |
|    clip_range           | 0.2        |
|    entropy_loss         | -24.9      |
|    explained_variance   | 0.034      |
|    learning_rate        | 0.0003     |
|    loss                 | -0.142     |
|    n_updates            | 4860       |
|    policy_gradient_loss | -0.0655    |
|    std                  | 5.93       |
|    value_loss           | 0.771      |
----------------------------------------
-----------------------------------------
| time/                   |             |
|    fps                  | 15          |
|    iterations           | 243         |
|    time_elapsed         | 31108       |
|    total_timesteps      | 999424      |
| train/                  |             |
|    approx_kl            | 0.053814933 |
|    clip_fraction        | 0.396       |
|    clip_range           | 0.2         |
|    entropy_loss         | -24.9       |
|    explained_variance   | -0.112      |
|    learning_rate        | 0.0003      |
|    loss                 | -0.179      |
|    n_updates            | 4870        |
|    policy_gradient_loss | -0.0637     |
|    std                  | 5.97        |
|    value_loss           | 0.794       |
-----------------------------------------
----------------------------------------
| lens1/                  |            |
|    dim_0_var            | 0.96795624 |
|    dim_1_var            | 0.9789949  |
|    dim_2_var            | 0.9810124  |
|    dim_3_var            | 0.5622957  |
|    dim_4_var            | 0.51126385 |
|    dim_5_var            | 0.47828883 |
|    dim_6_var            | 0.985742   |
|    dim_7_var            | 0.9761557  |
|    encoding_variance    | 0.80521387 |
| policy/                 |            |
|    ent_coef             | 0.01       |
| time/                   |            |
|    fps                  | 15         |
|    iterations           | 244        |
|    time_elapsed         | 31236      |
|    total_timesteps      | 1001472    |
| train/                  |            |
|    approx_kl            | 0.06748295 |
|    clip_fraction        | 0.432      |
|    clip_range           | 0.2        |
|    entropy_loss         | -25        |
|    explained_variance   | -0.0987    |
|    learning_rate        | 0.0003     |
|    loss                 | -0.126     |
|    n_updates            | 4880       |
|    policy_gradient_loss | -0.0633    |
|    std                  | 6          |
|    value_loss           | 0.587      |
----------------------------------------
Eval num_timesteps=1001760, episode_reward=1.38 +/- 1.79
Episode length: 52.00 +/- 0.00
----------------------------------------
| eval/                   |            |
|    mean_ep_length       | 52         |
|    mean_reward          | 1.38       |
| time/                   |            |
|    total_timesteps      | 1001760    |
| train/                  |            |
|    approx_kl            | 0.07777946 |
|    clip_fraction        | 0.437      |
|    clip_range           | 0.2        |
|    entropy_loss         | -25        |
|    explained_variance   | -0.239     |
|    learning_rate        | 0.0003     |
|    loss                 | -0.241     |
|    n_updates            | 4890       |
|    policy_gradient_loss | -0.067     |
|    std                  | 6.02       |
|    value_loss           | 0.453      |
----------------------------------------
--------------------------------
| time/              |         |
|    fps             | 15      |
|    iterations      | 245     |
|    time_elapsed    | 31364   |
|    total_timesteps | 1003520 |
--------------------------------

Lens 1 training complete.
   Model saved to: C:\RAHUL BOGI\RL_Session Trainings\xauusd_v3\models\lens1_retrain_500k_balanced

============================================================
XAUUSD v3 Two-Lens SMC Trading Engine
Mode: analyse-lens1
Project root: C:\RAHUL BOGI\RL_Session Trainings\xauusd_v3
============================================================


Lens 1 analysis complete.
   Outputs saved to: C:\RAHUL BOGI\RL_Session Trainings\xauusd_v3\output\lens1_analysis

============================================================
XAUUSD v3 Two-Lens SMC Trading Engine
Mode: train-lens2
Project root: C:\RAHUL BOGI\RL_Session Trainings\xauusd_v3
============================================================

Logging to C:\RAHUL BOGI\RL_Session Trainings\xauusd_v3\output\tensorboard\lens2\MaskablePPO_2
----------------------------------
| session/            |          |
|    london_range_pts | 19.7     |
| time/               |          |
|    fps              | 7        |
|    iterations       | 1        |
|    time_elapsed     | 286      |
|    total_timesteps  | 902048   |
----------------------------------
-----------------------------------------
| session/                |             |
|    london_range_pts     | 20.8        |
| time/                   |             |
|    fps                  | 6           |
|    iterations           | 2           |
|    time_elapsed         | 610         |
|    total_timesteps      | 904096      |
| train/                  |             |
|    approx_kl            | 0.014107283 |
|    clip_fraction        | 0.0557      |
|    clip_range           | 0.2         |
|    entropy_loss         | -0.0827     |
|    explained_variance   | 0.687       |
|    learning_rate        | 0.0003      |
|    loss                 | 0.0385      |
|    n_updates            | 4380        |
|    policy_gradient_loss | -0.0151     |
|    value_loss           | 0.105       |
-----------------------------------------
-----------------------------------------------------
| policy/                              |            |
|    ent_coef                          | 0.01       |
|    hold_rate_500                     | 0.957      |
| session/                             |            |
|    london_range_pts                  | 25.4       |
| time/                                |            |
|    fps                               | 6          |
|    iterations                        | 3          |
|    time_elapsed                      | 996        |
|    total_timesteps                   | 906144     |
| trade/                               |            |
|    avg_first_trade_duration_min      | 138        |
|    avg_first_trade_entry_delay_an... | 280        |
|    episode_pnl                       | 1          |
|    first_trade_is_ny_open_rate       | 0.111      |
|    first_trade_matches_intent_rate   | 0.444      |
|    first_trade_pnl                   | 3.88       |
|    first_trade_win_rate              | 0.667      |
|    ny_open_trade_rate                | 0.02       |
|    pnl_continuation_days             | 0.941      |
|    pnl_sweep_high_days               | 1.16       |
|    pnl_sweep_low_days                | 1.01       |
|    trades_per_episode                | 0.28       |
|    win_rate                          | 0.778      |
|    win_rate_continuation             | 0.103      |
|    win_rate_sweep_days               | 0.19       |
| train/                               |            |
|    approx_kl                         | 0.01145719 |
|    clip_fraction                     | 0.042      |
|    clip_range                        | 0.2        |
|    entropy_loss                      | -0.0584    |
|    explained_variance                | 0.632      |
|    learning_rate                     | 0.0003     |
|    loss                              | 0.0154     |
|    n_updates                         | 4390       |
|    policy_gradient_loss              | -0.0157    |
|    value_loss                        | 0.127      |
-----------------------------------------------------
----------------------------------------
| session/                |            |
|    london_range_pts     | 40.2       |
| time/                   |            |
|    fps                  | 5          |
|    iterations           | 4          |
|    time_elapsed         | 1470       |
|    total_timesteps      | 908192     |
| train/                  |            |
|    approx_kl            | 0.01677215 |
|    clip_fraction        | 0.0516     |
|    clip_range           | 0.2        |
|    entropy_loss         | -0.0763    |
|    explained_variance   | 0.666      |
|    learning_rate        | 0.0003     |
|    loss                 | 0.0293     |
|    n_updates            | 4400       |
|    policy_gradient_loss | -0.0175    |
|    value_loss           | 0.125      |
----------------------------------------
------------------------------------------------------
| policy/                              |             |
|    ent_coef                          | 0.01        |
|    hold_rate_500                     | 0.94        |
| session/                             |             |
|    london_range_pts                  | 23          |
| time/                                |             |
|    fps                               | 5           |
|    iterations                        | 5           |
|    time_elapsed                      | 2000        |
|    total_timesteps                   | 910240      |
| trade/                               |             |
|    avg_first_trade_duration_min      | 227         |
|    avg_first_trade_entry_delay_an... | 195         |
|    episode_pnl                       | 0.595       |
|    first_trade_is_ny_open_rate       | 0.286       |
|    first_trade_matches_intent_rate   | 0.429       |
|    first_trade_pnl                   | 4.87        |
|    first_trade_win_rate              | 0.857       |
|    ny_open_trade_rate                | 0.04        |
|    pnl_continuation_days             | 0.62        |
|    pnl_sweep_high_days               | 0.789       |
|    pnl_sweep_low_days                | -0.0278     |
|    trades_per_episode                | 0.16        |
|    win_rate                          | 0.714       |
|    win_rate_continuation             | 0.105       |
|    win_rate_sweep_days               | 0.0833      |
| train/                               |             |
|    approx_kl                         | 0.007996502 |
|    clip_fraction                     | 0.0413      |
|    clip_range                        | 0.2         |
|    entropy_loss                      | -0.0701     |
|    explained_variance                | 0.609       |
|    learning_rate                     | 0.0003      |
|    loss                              | 0.0302      |
|    n_updates                         | 4410        |
|    policy_gradient_loss              | -0.0104     |
|    value_loss                        | 0.135       |
------------------------------------------------------
-----------------------------------------
| session/                |             |
|    london_range_pts     | 34.4        |
| time/                   |             |
|    fps                  | 4           |
|    iterations           | 6           |
|    time_elapsed         | 2581        |
|    total_timesteps      | 912288      |
| train/                  |             |
|    approx_kl            | 0.011341683 |
|    clip_fraction        | 0.0337      |
|    clip_range           | 0.2         |
|    entropy_loss         | -0.05       |
|    explained_variance   | 0.654       |
|    learning_rate        | 0.0003      |
|    loss                 | 0.00798     |
|    n_updates            | 4420        |
|    policy_gradient_loss | -0.0107     |
|    value_loss           | 0.112       |
-----------------------------------------
-----------------------------------------
| session/                |             |
|    london_range_pts     | 52.7        |
| time/                   |             |
|    fps                  | 4           |
|    iterations           | 7           |
|    time_elapsed         | 3183        |
|    total_timesteps      | 914336      |
| train/                  |             |
|    approx_kl            | 0.008068689 |
|    clip_fraction        | 0.0319      |
|    clip_range           | 0.2         |
|    entropy_loss         | -0.0367     |
|    explained_variance   | 0.768       |
|    learning_rate        | 0.0003      |
|    loss                 | 0.0183      |
|    n_updates            | 4430        |
|    policy_gradient_loss | -0.0116     |
|    value_loss           | 0.0931      |
-----------------------------------------
-----------------------------------------------------
| policy/                              |            |
|    ent_coef                          | 0.01       |
|    hold_rate_500                     | 0.971      |
| session/                             |            |
|    london_range_pts                  | 43         |
| time/                                |            |
|    fps                               | 4          |
|    iterations                        | 8          |
|    time_elapsed                      | 3840       |
|    total_timesteps                   | 916384     |
| trade/                               |            |
|    avg_first_trade_duration_min      | 170        |
|    avg_first_trade_entry_delay_an... | 239        |
|    episode_pnl                       | 1.13       |
|    first_trade_is_ny_open_rate       | 0.273      |
|    first_trade_matches_intent_rate   | 0.545      |
|    first_trade_pnl                   | 2.75       |
|    first_trade_win_rate              | 0.545      |
|    ny_open_trade_rate                | 0.06       |
|    pnl_continuation_days             | 1.46       |
|    pnl_sweep_high_days               | -2.53      |
|    pnl_sweep_low_days                | 0.9        |
|    trades_per_episode                | 0.36       |
|    win_rate                          | 0.545      |
|    win_rate_continuation             | 0.1        |
|    win_rate_sweep_days               | 0.2        |
| train/                               |            |
|    approx_kl                         | 0.00601793 |
|    clip_fraction                     | 0.0142     |
|    clip_range                        | 0.2        |
|    entropy_loss                      | -0.0191    |
|    explained_variance                | 0.781      |
|    learning_rate                     | 0.0003     |
|    loss                              | 0.0176     |
|    n_updates                         | 4440       |
|    policy_gradient_loss              | -0.00581   |
|    value_loss                        | 0.083      |
-----------------------------------------------------
-----------------------------------------
| session/                |             |
|    london_range_pts     | 17.9        |
| time/                   |             |
|    fps                  | 4           |
|    iterations           | 9           |
|    time_elapsed         | 4499        |
|    total_timesteps      | 918432      |
| train/                  |             |
|    approx_kl            | 0.020896178 |
|    clip_fraction        | 0.0707      |
|    clip_range           | 0.2         |
|    entropy_loss         | -0.101      |
|    explained_variance   | 0.638       |
|    learning_rate        | 0.0003      |
|    loss                 | -0.0232     |
|    n_updates            | 4450        |
|    policy_gradient_loss | -0.0221     |
|    value_loss           | 0.135       |
-----------------------------------------
-------------------------------------------------------
| policy/                              |              |
|    ent_coef                          | 0.01         |
|    hold_rate_500                     | 0.949        |
| session/                             |              |
|    london_range_pts                  | 18.2         |
| time/                                |              |
|    fps                               | 4            |
|    iterations                        | 10           |
|    time_elapsed                      | 4923         |
|    total_timesteps                   | 920480       |
| trade/                               |              |
|    avg_first_trade_duration_min      | 146          |
|    avg_first_trade_entry_delay_an... | 262          |
|    episode_pnl                       | 0.712        |
|    first_trade_is_ny_open_rate       | 0            |
|    first_trade_matches_intent_rate   | 0.25         |
|    first_trade_pnl                   | 4.96         |
|    first_trade_win_rate              | 1            |
|    ny_open_trade_rate                | 0            |
|    pnl_continuation_days             | 0.668        |
|    pnl_sweep_high_days               | 1.7          |
|    pnl_sweep_low_days                | 0            |
|    trades_per_episode                | 0.12         |
|    win_rate                          | 1            |
|    win_rate_continuation             | 0.0606       |
|    win_rate_sweep_days               | 0.118        |
| train/                               |              |
|    approx_kl                         | 0.0074392944 |
|    clip_fraction                     | 0.0399       |
|    clip_range                        | 0.2          |
|    entropy_loss                      | -0.0597      |
|    explained_variance                | 0.708        |
|    learning_rate                     | 0.0003       |
|    loss                              | 0.00345      |
|    n_updates                         | 4460         |
|    policy_gradient_loss              | -0.0139      |
|    value_loss                        | 0.121        |
-------------------------------------------------------
-----------------------------------------
| session/                |             |
|    london_range_pts     | 29.3        |
| time/                   |             |
|    fps                  | 4           |
|    iterations           | 11          |
|    time_elapsed         | 5392        |
|    total_timesteps      | 922528      |
| train/                  |             |
|    approx_kl            | 0.010402836 |
|    clip_fraction        | 0.0448      |
|    clip_range           | 0.2         |
|    entropy_loss         | -0.0657     |
|    explained_variance   | 0.716       |
|    learning_rate        | 0.0003      |
|    loss                 | 0.0112      |
|    n_updates            | 4470        |
|    policy_gradient_loss | -0.0145     |
|    value_loss           | 0.124       |
-----------------------------------------
-----------------------------------------
| session/                |             |
|    london_range_pts     | 20.3        |
| time/                   |             |
|    fps                  | 4           |
|    iterations           | 12          |
|    time_elapsed         | 5868        |
|    total_timesteps      | 924576      |
| train/                  |             |
|    approx_kl            | 0.008724981 |
|    clip_fraction        | 0.0392      |
|    clip_range           | 0.2         |
|    entropy_loss         | -0.0597     |
|    explained_variance   | 0.735       |
|    learning_rate        | 0.0003      |
|    loss                 | 0.0163      |
|    n_updates            | 4480        |
|    policy_gradient_loss | -0.0135     |
|    value_loss           | 0.104       |
-----------------------------------------
Eval num_timesteps=925000, episode_reward=-4.64 +/- 0.17
Episode length: 35.00 +/- 0.00
------------------------------------------------------
| eval/                                |             |
|    mean_ep_length                    | 35          |
|    mean_reward                       | -4.64       |
| policy/                              |             |
|    ent_coef                          | 0.01        |
|    hold_rate_500                     | 0.952       |
| session/                             |             |
|    london_range_pts                  | 28          |
| time/                                |             |
|    total_timesteps                   | 925000      |
| trade/                               |             |
|    avg_first_trade_duration_min      | 109         |
|    avg_first_trade_entry_delay_an... | 319         |
|    episode_pnl                       | 1.48        |
|    first_trade_is_ny_open_rate       | 0           |
|    first_trade_matches_intent_rate   | 0.5         |
|    first_trade_pnl                   | 4.04        |
|    first_trade_win_rate              | 0.625       |
|    ny_open_trade_rate                | 0           |
|    pnl_continuation_days             | 2.07        |
|    pnl_sweep_high_days               | 0.608       |
|    pnl_sweep_low_days                | 0.932       |
|    trades_per_episode                | 0.3         |
|    win_rate                          | 0.625       |
|    win_rate_continuation             | 0.0714      |
|    win_rate_sweep_days               | 0.136       |
| train/                               |             |
|    approx_kl                         | 0.014476983 |
|    clip_fraction                     | 0.0509      |
|    clip_range                        | 0.2         |
|    entropy_loss                      | -0.0648     |
|    explained_variance                | 0.662       |
|    learning_rate                     | 0.0003      |
|    loss                              | -0.00279    |
|    n_updates                         | 4490        |
|    policy_gradient_loss              | -0.0168     |
|    value_loss                        | 0.126       |
| validation/                          |             |
|    acceptance_passed                 | 0           |
|    avg_first_trade_duration_min      | 172         |
|    avg_first_trade_entry_delay_an... | 249         |
|    first_trade_is_ny_open_rate       | 0.25        |
|    first_trade_matches_intent_rate   | 0.438       |
|    first_trade_win_rate              | 68.8        |
|    ny_open_first_trade_win_rate      | 25          |
|    ny_open_trade_rate                | 0.0348      |
|    pnl_continuation_days             | 0.379       |
|    pnl_sweep_low_days                | 0.643       |
|    profit_factor                     | 2.27        |
|    trades_per_episode                | 0.209       |
|    win_rate                          | 41.7        |
|    win_rate_continuation             | 3.61        |
|    win_rate_sweep_days               | 28.1        |
------------------------------------------------------
New best mean reward!
----------------------------------
| session/            |          |
|    london_range_pts | 19.4     |
| time/               |          |
|    fps              | 3        |
|    iterations       | 13       |
|    time_elapsed     | 6708     |
|    total_timesteps  | 926624   |
----------------------------------
------------------------------------------
| session/                |              |
|    london_range_pts     | 29.8         |
| time/                   |              |
|    fps                  | 3            |
|    iterations           | 14           |
|    time_elapsed         | 7217         |
|    total_timesteps      | 928672       |
| train/                  |              |
|    approx_kl            | 0.0068741026 |
|    clip_fraction        | 0.0346       |
|    clip_range           | 0.2          |
|    entropy_loss         | -0.0468      |
|    explained_variance   | 0.696        |
|    learning_rate        | 0.0003       |
|    loss                 | 0.00989      |
|    n_updates            | 4500         |
|    policy_gradient_loss | -0.00904     |
|    value_loss           | 0.089        |
------------------------------------------
------------------------------------------------------
| policy/                              |             |
|    ent_coef                          | 0.01        |
|    hold_rate_500                     | 0.955       |
| session/                             |             |
|    london_range_pts                  | 20          |
| time/                                |             |
|    fps                               | 3           |
|    iterations                        | 15          |
|    time_elapsed                      | 7735        |
|    total_timesteps                   | 930720      |
| trade/                               |             |
|    avg_first_trade_duration_min      | 340         |
|    avg_first_trade_entry_delay_an... | 160         |
|    episode_pnl                       | 0.26        |
|    first_trade_is_ny_open_rate       | 0.333       |
|    first_trade_matches_intent_rate   | 0.667       |
|    first_trade_pnl                   | 4.33        |
|    first_trade_win_rate              | 0.667       |
|    ny_open_trade_rate                | 0.02        |
|    pnl_continuation_days             | -0.174      |
|    pnl_sweep_high_days               | 0           |
|    pnl_sweep_low_days                | 2.7         |
|    trades_per_episode                | 0.06        |
|    win_rate                          | 0.667       |
|    win_rate_continuation             | 0           |
|    win_rate_sweep_days               | 0.125       |
| train/                               |             |
|    approx_kl                         | 0.016105816 |
|    clip_fraction                     | 0.0693      |
|    clip_range                        | 0.2         |
|    entropy_loss                      | -0.0911     |
|    explained_variance                | 0.722       |
|    learning_rate                     | 0.0003      |
|    loss                              | -0.00819    |
|    n_updates                         | 4510        |
|    policy_gradient_loss              | -0.0234     |
|    value_loss                        | 0.115       |
------------------------------------------------------
-----------------------------------------
| session/                |             |
|    london_range_pts     | 27.2        |
| time/                   |             |
|    fps                  | 3           |
|    iterations           | 16          |
|    time_elapsed         | 8276        |
|    total_timesteps      | 932768      |
| train/                  |             |
|    approx_kl            | 0.009233829 |
|    clip_fraction        | 0.0394      |
|    clip_range           | 0.2         |
|    entropy_loss         | -0.0491     |
|    explained_variance   | 0.74        |
|    learning_rate        | 0.0003      |
|    loss                 | -0.00375    |
|    n_updates            | 4520        |
|    policy_gradient_loss | -0.016      |
|    value_loss           | 0.0761      |
-----------------------------------------
-----------------------------------------
| session/                |             |
|    london_range_pts     | 19.5        |
| time/                   |             |
|    fps                  | 3           |
|    iterations           | 17          |
|    time_elapsed         | 8835        |
|    total_timesteps      | 934816      |
| train/                  |             |
|    approx_kl            | 0.008681236 |
|    clip_fraction        | 0.0457      |
|    clip_range           | 0.2         |
|    entropy_loss         | -0.0727     |
|    explained_variance   | 0.7         |
|    learning_rate        | 0.0003      |
|    loss                 | -0.00115    |
|    n_updates            | 4530        |
|    policy_gradient_loss | -0.0134     |
|    value_loss           | 0.145       |
-----------------------------------------
------------------------------------------------------
| policy/                              |             |
|    ent_coef                          | 0.01        |
|    hold_rate_500                     | 0.937       |
| session/                             |             |
|    london_range_pts                  | 42.4        |
| time/                                |             |
|    fps                               | 3           |
|    iterations                        | 18          |
|    time_elapsed                      | 9356        |
|    total_timesteps                   | 936864      |
| trade/                               |             |
|    avg_first_trade_duration_min      | 163         |
|    avg_first_trade_entry_delay_an... | 247         |
|    episode_pnl                       | 2.16        |
|    first_trade_is_ny_open_rate       | 0.2         |
|    first_trade_matches_intent_rate   | 0.333       |
|    first_trade_pnl                   | 4.88        |
|    first_trade_win_rate              | 0.733       |
|    ny_open_trade_rate                | 0.06        |
|    pnl_continuation_days             | 0.945       |
|    pnl_sweep_high_days               | 6.36        |
|    pnl_sweep_low_days                | 2.29        |
|    trades_per_episode                | 0.5         |
|    win_rate                          | 0.8         |
|    win_rate_continuation             | 0.156       |
|    win_rate_sweep_days               | 0.389       |
| train/                               |             |
|    approx_kl                         | 0.010469584 |
|    clip_fraction                     | 0.0553      |
|    clip_range                        | 0.2         |
|    entropy_loss                      | -0.0899     |
|    explained_variance                | 0.565       |
|    learning_rate                     | 0.0003      |
|    loss                              | 0.0254      |
|    n_updates                         | 4540        |
|    policy_gradient_loss              | -0.0196     |
|    value_loss                        | 0.185       |
------------------------------------------------------
-----------------------------------------
| session/                |             |
|    london_range_pts     | 20.2        |
| time/                   |             |
|    fps                  | 3           |
|    iterations           | 19          |
|    time_elapsed         | 9781        |
|    total_timesteps      | 938912      |
| train/                  |             |
|    approx_kl            | 0.010702597 |
|    clip_fraction        | 0.0386      |
|    clip_range           | 0.2         |
|    entropy_loss         | -0.0547     |
|    explained_variance   | 0.753       |
|    learning_rate        | 0.0003      |
|    loss                 | 0.00581     |
|    n_updates            | 4550        |
|    policy_gradient_loss | -0.0152     |
|    value_loss           | 0.142       |
-----------------------------------------
-------------------------------------------------------
| policy/                              |              |
|    ent_coef                          | 0.01         |
|    hold_rate_500                     | 0.953        |
| session/                             |              |
|    london_range_pts                  | 35.2         |
| time/                                |              |
|    fps                               | 3            |
|    iterations                        | 20           |
|    time_elapsed                      | 10242        |
|    total_timesteps                   | 940960       |
| trade/                               |              |
|    avg_first_trade_duration_min      | 202          |
|    avg_first_trade_entry_delay_an... | 214          |
|    episode_pnl                       | 1.73         |
|    first_trade_is_ny_open_rate       | 0.125        |
|    first_trade_matches_intent_rate   | 0            |
|    first_trade_pnl                   | 7.28         |
|    first_trade_win_rate              | 0.875        |
|    ny_open_trade_rate                | 0.02         |
|    pnl_continuation_days             | 0.962        |
|    pnl_sweep_high_days               | 4.81         |
|    pnl_sweep_low_days                | 0            |
|    trades_per_episode                | 0.26         |
|    win_rate                          | 0.875        |
|    win_rate_continuation             | 0.1          |
|    win_rate_sweep_days               | 0.2          |
| train/                               |              |
|    approx_kl                         | 0.0069604944 |
|    clip_fraction                     | 0.0293       |
|    clip_range                        | 0.2          |
|    entropy_loss                      | -0.0381      |
|    explained_variance                | 0.776        |
|    learning_rate                     | 0.0003       |
|    loss                              | -0.00127     |
|    n_updates                         | 4560         |
|    policy_gradient_loss              | -0.0115      |
|    value_loss                        | 0.0963       |
-------------------------------------------------------
-----------------------------------------
| session/                |             |
|    london_range_pts     | 36.4        |
| time/                   |             |
|    fps                  | 4           |
|    iterations           | 21          |
|    time_elapsed         | 10730       |
|    total_timesteps      | 943008      |
| train/                  |             |
|    approx_kl            | 0.008696151 |
|    clip_fraction        | 0.0388      |
|    clip_range           | 0.2         |
|    entropy_loss         | -0.0588     |
|    explained_variance   | 0.731       |
|    learning_rate        | 0.0003      |
|    loss                 | 0.0241      |
|    n_updates            | 4570        |
|    policy_gradient_loss | -0.0121     |
|    value_loss           | 0.127       |
-----------------------------------------
------------------------------------------------------
| policy/                              |             |
|    ent_coef                          | 0.01        |
|    hold_rate_500                     | 0.946       |
| session/                             |             |
|    london_range_pts                  | 17.6        |
| time/                                |             |
|    fps                               | 4           |
|    iterations                        | 22          |
|    time_elapsed                      | 11227       |
|    total_timesteps                   | 945056      |
| trade/                               |             |
|    avg_first_trade_duration_min      | 142         |
|    avg_first_trade_entry_delay_an... | 195         |
|    episode_pnl                       | 0.787       |
|    first_trade_is_ny_open_rate       | 0.167       |
|    first_trade_matches_intent_rate   | 0.5         |
|    first_trade_pnl                   | 2.34        |
|    first_trade_win_rate              | 0.5         |
|    ny_open_trade_rate                | 0.02        |
|    pnl_continuation_days             | 0.867       |
|    pnl_sweep_high_days               | 0.796       |
|    pnl_sweep_low_days                | 0.309       |
|    trades_per_episode                | 0.34        |
|    win_rate                          | 0.833       |
|    win_rate_continuation             | 0.0857      |
|    win_rate_sweep_days               | 0.133       |
| train/                               |             |
|    approx_kl                         | 0.013286978 |
|    clip_fraction                     | 0.0446      |
|    clip_range                        | 0.2         |
|    entropy_loss                      | -0.0652     |
|    explained_variance                | 0.683       |
|    learning_rate                     | 0.0003      |
|    loss                              | 0.00872     |
|    n_updates                         | 4580        |
|    policy_gradient_loss              | -0.0138     |
|    value_loss                        | 0.0984      |
------------------------------------------------------
-----------------------------------------
| session/                |             |
|    london_range_pts     | 70.3        |
| time/                   |             |
|    fps                  | 4           |
|    iterations           | 23          |
|    time_elapsed         | 11754       |
|    total_timesteps      | 947104      |
| train/                  |             |
|    approx_kl            | 0.011224489 |
|    clip_fraction        | 0.0491      |
|    clip_range           | 0.2         |
|    entropy_loss         | -0.0709     |
|    explained_variance   | 0.678       |
|    learning_rate        | 0.0003      |
|    loss                 | -0.00365    |
|    n_updates            | 4590        |
|    policy_gradient_loss | -0.0161     |
|    value_loss           | 0.12        |
-----------------------------------------
-----------------------------------------
| session/                |             |
|    london_range_pts     | 29.1        |
| time/                   |             |
|    fps                  | 3           |
|    iterations           | 24          |
|    time_elapsed         | 12305       |
|    total_timesteps      | 949152      |
| train/                  |             |
|    approx_kl            | 0.012935622 |
|    clip_fraction        | 0.06        |
|    clip_range           | 0.2         |
|    entropy_loss         | -0.0916     |
|    explained_variance   | 0.659       |
|    learning_rate        | 0.0003      |
|    loss                 | 0.0134      |
|    n_updates            | 4600        |
|    policy_gradient_loss | -0.019      |
|    value_loss           | 0.108       |
-----------------------------------------
Eval num_timesteps=950000, episode_reward=-4.09 +/- 1.24
Episode length: 35.00 +/- 0.00
------------------------------------------------------
| eval/                                |             |
|    mean_ep_length                    | 35          |
|    mean_reward                       | -4.09       |
| policy/                              |             |
|    ent_coef                          | 0.01        |
|    hold_rate_500                     | 0.921       |
| session/                             |             |
|    london_range_pts                  | 21.8        |
| time/                                |             |
|    total_timesteps                   | 950000      |
| trade/                               |             |
|    avg_first_trade_duration_min      | 152         |
|    avg_first_trade_entry_delay_an... | 252         |
|    episode_pnl                       | 1.48        |
|    first_trade_is_ny_open_rate       | 0.167       |
|    first_trade_matches_intent_rate   | 0.5         |
|    first_trade_pnl                   | 4.16        |
|    first_trade_win_rate              | 0.75        |
|    ny_open_trade_rate                | 0.04        |
|    pnl_continuation_days             | 1.04        |
|    pnl_sweep_high_days               | 3.01        |
|    pnl_sweep_low_days                | 2.26        |
|    trades_per_episode                | 0.38        |
|    win_rate                          | 0.833       |
|    win_rate_continuation             | 0.111       |
|    win_rate_sweep_days               | 0.429       |
| train/                               |             |
|    approx_kl                         | 0.009523975 |
|    clip_fraction                     | 0.0616      |
|    clip_range                        | 0.2         |
|    entropy_loss                      | -0.098      |
|    explained_variance                | 0.642       |
|    learning_rate                     | 0.0003      |
|    loss                              | -0.00849    |
|    n_updates                         | 4610        |
|    policy_gradient_loss              | -0.0199     |
|    value_loss                        | 0.147       |
| validation/                          |             |
|    acceptance_passed                 | 0           |
|    avg_first_trade_duration_min      | 179         |
|    avg_first_trade_entry_delay_an... | 221         |
|    first_trade_is_ny_open_rate       | 0.294       |
|    first_trade_matches_intent_rate   | 0.471       |
|    first_trade_win_rate              | 64.7        |
|    ny_open_first_trade_win_rate      | 20          |
|    ny_open_trade_rate                | 0.0435      |
|    pnl_continuation_days             | 0.638       |
|    pnl_sweep_low_days                | 0.643       |
|    profit_factor                     | 2.31        |
|    trades_per_episode                | 0.226       |
|    win_rate                          | 38.5        |
|    win_rate_continuation             | 4.82        |
|    win_rate_sweep_days               | 25          |
------------------------------------------------------
New best mean reward!
----------------------------------
| session/            |          |
|    london_range_pts | 15.6     |
| time/               |          |
|    fps              | 3        |
|    iterations       | 25       |
|    time_elapsed     | 13225    |
|    total_timesteps  | 951200   |
----------------------------------
-----------------------------------------
| session/                |             |
|    london_range_pts     | 16.8        |
| time/                   |             |
|    fps                  | 3           |
|    iterations           | 26          |
|    time_elapsed         | 13790       |
|    total_timesteps      | 953248      |
| train/                  |             |
|    approx_kl            | 0.009157893 |
|    clip_fraction        | 0.0534      |
|    clip_range           | 0.2         |
|    entropy_loss         | -0.0837     |
|    explained_variance   | 0.642       |
|    learning_rate        | 0.0003      |
|    loss                 | 0.000526    |
|    n_updates            | 4620        |
|    policy_gradient_loss | -0.0192     |
|    value_loss           | 0.151       |
-----------------------------------------
------------------------------------------------------
| policy/                              |             |
|    ent_coef                          | 0.01        |
|    hold_rate_500                     | 0.948       |
| session/                             |             |
|    london_range_pts                  | 26.5        |
| time/                                |             |
|    fps                               | 3           |
|    iterations                        | 27          |
|    time_elapsed                      | 14307       |
|    total_timesteps                   | 955296      |
| trade/                               |             |
|    avg_first_trade_duration_min      | 125         |
|    avg_first_trade_entry_delay_an... | 245         |
|    episode_pnl                       | 1.84        |
|    first_trade_is_ny_open_rate       | 0.333       |
|    first_trade_matches_intent_rate   | 0.667       |
|    first_trade_pnl                   | 4.56        |
|    first_trade_win_rate              | 1           |
|    ny_open_trade_rate                | 0.04        |
|    pnl_continuation_days             | 2.42        |
|    pnl_sweep_high_days               | 1.21        |
|    pnl_sweep_low_days                | 0.401       |
|    trades_per_episode                | 0.26        |
|    win_rate                          | 1           |
|    win_rate_continuation             | 0.0909      |
|    win_rate_sweep_days               | 0.176       |
| train/                               |             |
|    approx_kl                         | 0.007640072 |
|    clip_fraction                     | 0.0387      |
|    clip_range                        | 0.2         |
|    entropy_loss                      | -0.0642     |
|    explained_variance                | 0.731       |
|    learning_rate                     | 0.0003      |
|    loss                              | 0.0147      |
|    n_updates                         | 4630        |
|    policy_gradient_loss              | -0.0132     |
|    value_loss                        | 0.13        |
------------------------------------------------------
-----------------------------------------
| session/                |             |
|    london_range_pts     | 30.7        |
| time/                   |             |
|    fps                  | 3           |
|    iterations           | 28          |
|    time_elapsed         | 14752       |
|    total_timesteps      | 957344      |
| train/                  |             |
|    approx_kl            | 0.009256916 |
|    clip_fraction        | 0.0395      |
|    clip_range           | 0.2         |
|    entropy_loss         | -0.0569     |
|    explained_variance   | 0.719       |
|    learning_rate        | 0.0003      |
|    loss                 | 0.0185      |
|    n_updates            | 4640        |
|    policy_gradient_loss | -0.0137     |
|    value_loss           | 0.134       |
-----------------------------------------
----------------------------------------
| session/                |            |
|    london_range_pts     | 19.6       |
| time/                   |            |
|    fps                  | 3          |
|    iterations           | 29         |
|    time_elapsed         | 15213      |
|    total_timesteps      | 959392     |
| train/                  |            |
|    approx_kl            | 0.00972768 |
|    clip_fraction        | 0.0444     |
|    clip_range           | 0.2        |
|    entropy_loss         | -0.076     |
|    explained_variance   | 0.726      |
|    learning_rate        | 0.0003     |
|    loss                 | -0.0059    |
|    n_updates            | 4650       |
|    policy_gradient_loss | -0.0147    |
|    value_loss           | 0.123      |
----------------------------------------
------------------------------------------------------
| policy/                              |             |
|    ent_coef                          | 0.01        |
|    hold_rate_500                     | 0.935       |
| session/                             |             |
|    london_range_pts                  | 39.6        |
| time/                                |             |
|    fps                               | 3           |
|    iterations                        | 30          |
|    time_elapsed                      | 15660       |
|    total_timesteps                   | 961440      |
| trade/                               |             |
|    avg_first_trade_duration_min      | 169         |
|    avg_first_trade_entry_delay_an... | 302         |
|    episode_pnl                       | 0.516       |
|    first_trade_is_ny_open_rate       | 0           |
|    first_trade_matches_intent_rate   | 0.375       |
|    first_trade_pnl                   | 2.67        |
|    first_trade_win_rate              | 0.5         |
|    ny_open_trade_rate                | 0           |
|    pnl_continuation_days             | 0.388       |
|    pnl_sweep_high_days               | 1.34        |
|    pnl_sweep_low_days                | -0.604      |
|    trades_per_episode                | 0.18        |
|    win_rate                          | 0.5         |
|    win_rate_continuation             | 0.0625      |
|    win_rate_sweep_days               | 0.111       |
| train/                               |             |
|    approx_kl                         | 0.013208433 |
|    clip_fraction                     | 0.0532      |
|    clip_range                        | 0.2         |
|    entropy_loss                      | -0.0702     |
|    explained_variance                | 0.748       |
|    learning_rate                     | 0.0003      |
|    loss                              | 0.0212      |
|    n_updates                         | 4660        |
|    policy_gradient_loss              | -0.0168     |
|    value_loss                        | 0.135       |
------------------------------------------------------
-----------------------------------------
| session/                |             |
|    london_range_pts     | 24.2        |
| time/                   |             |
|    fps                  | 3           |
|    iterations           | 31          |
|    time_elapsed         | 16147       |
|    total_timesteps      | 963488      |
| train/                  |             |
|    approx_kl            | 0.006445693 |
|    clip_fraction        | 0.0421      |
|    clip_range           | 0.2         |
|    entropy_loss         | -0.0681     |
|    explained_variance   | 0.75        |
|    learning_rate        | 0.0003      |
|    loss                 | -0.00425    |
|    n_updates            | 4670        |
|    policy_gradient_loss | -0.0132     |
|    value_loss           | 0.14        |
-----------------------------------------
------------------------------------------------------
| policy/                              |             |
|    ent_coef                          | 0.01        |
|    hold_rate_500                     | 0.949       |
| session/                             |             |
|    london_range_pts                  | 39.9        |
| time/                                |             |
|    fps                               | 3           |
|    iterations                        | 32          |
|    time_elapsed                      | 18233       |
|    total_timesteps                   | 965536      |
| trade/                               |             |
|    avg_first_trade_duration_min      | 223         |
|    avg_first_trade_entry_delay_an... | 188         |
|    episode_pnl                       | 0.545       |
|    first_trade_is_ny_open_rate       | 0.25        |
|    first_trade_matches_intent_rate   | 0.5         |
|    first_trade_pnl                   | 1.39        |
|    first_trade_win_rate              | 0.375       |
|    ny_open_trade_rate                | 0.04        |
|    pnl_continuation_days             | 0.772       |
|    pnl_sweep_high_days               | 0.488       |
|    pnl_sweep_low_days                | -0.33       |
|    trades_per_episode                | 0.24        |
|    win_rate                          | 0.5         |
|    win_rate_continuation             | 0.0909      |
|    win_rate_sweep_days               | 0.0588      |
| train/                               |             |
|    approx_kl                         | 0.008134776 |
|    clip_fraction                     | 0.0408      |
|    clip_range                        | 0.2         |
|    entropy_loss                      | -0.0591     |
|    explained_variance                | 0.691       |
|    learning_rate                     | 0.0003      |
|    loss                              | 0.013       |
|    n_updates                         | 4680        |
|    policy_gradient_loss              | -0.0157     |
|    value_loss                        | 0.124       |
------------------------------------------------------
-----------------------------------------
| session/                |             |
|    london_range_pts     | 30.5        |
| time/                   |             |
|    fps                  | 3           |
|    iterations           | 33          |
|    time_elapsed         | 18851       |
|    total_timesteps      | 967584      |
| train/                  |             |
|    approx_kl            | 0.015050616 |
|    clip_fraction        | 0.0495      |
|    clip_range           | 0.2         |
|    entropy_loss         | -0.0718     |
|    explained_variance   | 0.641       |
|    learning_rate        | 0.0003      |
|    loss                 | 0.00626     |
|    n_updates            | 4690        |
|    policy_gradient_loss | -0.0168     |
|    value_loss           | 0.151       |
-----------------------------------------
-----------------------------------------
| session/                |             |
|    london_range_pts     | 39.2        |
| time/                   |             |
|    fps                  | 3           |
|    iterations           | 34          |
|    time_elapsed         | 19465       |
|    total_timesteps      | 969632      |
| train/                  |             |
|    approx_kl            | 0.011137513 |
|    clip_fraction        | 0.0468      |
|    clip_range           | 0.2         |
|    entropy_loss         | -0.0626     |
|    explained_variance   | 0.688       |
|    learning_rate        | 0.0003      |
|    loss                 | 0.00498     |
|    n_updates            | 4700        |
|    policy_gradient_loss | -0.0179     |
|    value_loss           | 0.105       |
-----------------------------------------
------------------------------------------------------
| policy/                              |             |
|    ent_coef                          | 0.01        |
|    hold_rate_500                     | 0.937       |
| session/                             |             |
|    london_range_pts                  | 26.3        |
| time/                                |             |
|    fps                               | 3           |
|    iterations                        | 35          |
|    time_elapsed                      | 20106       |
|    total_timesteps                   | 971680      |
| trade/                               |             |
|    avg_first_trade_duration_min      | 145         |
|    avg_first_trade_entry_delay_an... | 302         |
|    episode_pnl                       | 0.345       |
|    first_trade_is_ny_open_rate       | 0.167       |
|    first_trade_matches_intent_rate   | 0.167       |
|    first_trade_pnl                   | 2.47        |
|    first_trade_win_rate              | 0.5         |
|    ny_open_trade_rate                | 0.02        |
|    pnl_continuation_days             | -0.031      |
|    pnl_sweep_high_days               | 1.91        |
|    pnl_sweep_low_days                | -0.543      |
|    trades_per_episode                | 0.2         |
|    win_rate                          | 0.5         |
|    win_rate_continuation             | 0.0294      |
|    win_rate_sweep_days               | 0.125       |
| train/                               |             |
|    approx_kl                         | 0.012622984 |
|    clip_fraction                     | 0.0638      |
|    clip_range                        | 0.2         |
|    entropy_loss                      | -0.105      |
|    explained_variance                | 0.662       |
|    learning_rate                     | 0.0003      |
|    loss                              | 0.0214      |
|    n_updates                         | 4710        |
|    policy_gradient_loss              | -0.0193     |
|    value_loss                        | 0.168       |
------------------------------------------------------
-----------------------------------------
| session/                |             |
|    london_range_pts     | 15.2        |
| time/                   |             |
|    fps                  | 3           |
|    iterations           | 36          |
|    time_elapsed         | 20865       |
|    total_timesteps      | 973728      |
| train/                  |             |
|    approx_kl            | 0.007000401 |
|    clip_fraction        | 0.0447      |
|    clip_range           | 0.2         |
|    entropy_loss         | -0.0817     |
|    explained_variance   | 0.639       |
|    learning_rate        | 0.0003      |
|    loss                 | 0.0141      |
|    n_updates            | 4720        |
|    policy_gradient_loss | -0.0151     |
|    value_loss           | 0.157       |
-----------------------------------------
Eval num_timesteps=975000, episode_reward=-4.16 +/- 0.78
Episode length: 35.00 +/- 0.00
------------------------------------------------------
| eval/                                |             |
|    mean_ep_length                    | 35          |
|    mean_reward                       | -4.16       |
| policy/                              |             |
|    ent_coef                          | 0.01        |
|    hold_rate_500                     | 0.937       |
| session/                             |             |
|    london_range_pts                  | 20.8        |
| time/                                |             |
|    total_timesteps                   | 975000      |
| trade/                               |             |
|    avg_first_trade_duration_min      | 184         |
|    avg_first_trade_entry_delay_an... | 217         |
|    episode_pnl                       | 1.45        |
|    first_trade_is_ny_open_rate       | 0.182       |
|    first_trade_matches_intent_rate   | 0.455       |
|    first_trade_pnl                   | 2.95        |
|    first_trade_win_rate              | 0.636       |
|    ny_open_trade_rate                | 0.04        |
|    pnl_continuation_days             | 1.65        |
|    pnl_sweep_high_days               | -0.361      |
|    pnl_sweep_low_days                | 1.65        |
|    trades_per_episode                | 0.4         |
|    win_rate                          | 0.636       |
|    win_rate_continuation             | 0.0909      |
|    win_rate_sweep_days               | 0.235       |
| train/                               |             |
|    approx_kl                         | 0.010930298 |
|    clip_fraction                     | 0.0557      |
|    clip_range                        | 0.2         |
|    entropy_loss                      | -0.0939     |
|    explained_variance                | 0.593       |
|    learning_rate                     | 0.0003      |
|    loss                              | 0.0171      |
|    n_updates                         | 4730        |
|    policy_gradient_loss              | -0.0184     |
|    value_loss                        | 0.197       |
| validation/                          |             |
|    acceptance_passed                 | 0           |
|    avg_first_trade_duration_min      | 181         |
|    avg_first_trade_entry_delay_an... | 220         |
|    first_trade_is_ny_open_rate       | 0.294       |
|    first_trade_matches_intent_rate   | 0.471       |
|    first_trade_win_rate              | 64.7        |
|    ny_open_first_trade_win_rate      | 20          |
|    ny_open_trade_rate                | 0.0435      |
|    pnl_continuation_days             | 0.633       |
|    pnl_sweep_low_days                | 0.643       |
|    profit_factor                     | 2.31        |
|    trades_per_episode                | 0.226       |
|    win_rate                          | 38.5        |
|    win_rate_continuation             | 4.82        |
|    win_rate_sweep_days               | 25          |
------------------------------------------------------
----------------------------------
| session/            |          |
|    london_range_pts | 24.3     |
| time/               |          |
|    fps              | 3        |
|    iterations       | 37       |
|    time_elapsed     | 22102    |
|    total_timesteps  | 975776   |
----------------------------------
-----------------------------------------
| session/                |             |
|    london_range_pts     | 27.1        |
| time/                   |             |
|    fps                  | 3           |
|    iterations           | 38          |
|    time_elapsed         | 22664       |
|    total_timesteps      | 977824      |
| train/                  |             |
|    approx_kl            | 0.007679192 |
|    clip_fraction        | 0.0315      |
|    clip_range           | 0.2         |
|    entropy_loss         | -0.0475     |
|    explained_variance   | 0.736       |
|    learning_rate        | 0.0003      |
|    loss                 | 0.00512     |
|    n_updates            | 4740        |
|    policy_gradient_loss | -0.00984    |
|    value_loss           | 0.111       |
-----------------------------------------
-----------------------------------------
| session/                |             |
|    london_range_pts     | 21.8        |
| time/                   |             |
|    fps                  | 3           |
|    iterations           | 39          |
|    time_elapsed         | 23234       |
|    total_timesteps      | 979872      |
| train/                  |             |
|    approx_kl            | 0.008857613 |
|    clip_fraction        | 0.0481      |
|    clip_range           | 0.2         |
|    entropy_loss         | -0.0778     |
|    explained_variance   | 0.65        |
|    learning_rate        | 0.0003      |
|    loss                 | -0.00857    |
|    n_updates            | 4750        |
|    policy_gradient_loss | -0.0166     |
|    value_loss           | 0.152       |
-----------------------------------------
-------------------------------------------------------
| policy/                              |              |
|    ent_coef                          | 0.01         |
|    hold_rate_500                     | 0.941        |
| session/                             |              |
|    london_range_pts                  | 37.1         |
| time/                                |              |
|    fps                               | 3            |
|    iterations                        | 40           |
|    time_elapsed                      | 23804        |
|    total_timesteps                   | 981920       |
| trade/                               |              |
|    avg_first_trade_duration_min      | 154          |
|    avg_first_trade_entry_delay_an... | 210          |
|    episode_pnl                       | 1.37         |
|    first_trade_is_ny_open_rate       | 0.273        |
|    first_trade_matches_intent_rate   | 0.273        |
|    first_trade_pnl                   | 2.41         |
|    first_trade_win_rate              | 0.636        |
|    ny_open_trade_rate                | 0.06         |
|    pnl_continuation_days             | 1.83         |
|    pnl_sweep_high_days               | 0.586        |
|    pnl_sweep_low_days                | 0.657        |
|    trades_per_episode                | 0.4          |
|    win_rate                          | 0.636        |
|    win_rate_continuation             | 0.129        |
|    win_rate_sweep_days               | 0.158        |
| train/                               |              |
|    approx_kl                         | 0.0100580705 |
|    clip_fraction                     | 0.0529       |
|    clip_range                        | 0.2          |
|    entropy_loss                      | -0.0918      |
|    explained_variance                | 0.561        |
|    learning_rate                     | 0.0003       |
|    loss                              | 0.0193       |
|    n_updates                         | 4760         |
|    policy_gradient_loss              | -0.0156      |
|    value_loss                        | 0.136        |
-------------------------------------------------------
-----------------------------------------
| session/                |             |
|    london_range_pts     | 18.7        |
| time/                   |             |
|    fps                  | 3           |
|    iterations           | 41          |
|    time_elapsed         | 24462       |
|    total_timesteps      | 983968      |
| train/                  |             |
|    approx_kl            | 0.007076597 |
|    clip_fraction        | 0.032       |
|    clip_range           | 0.2         |
|    entropy_loss         | -0.0449     |
|    explained_variance   | 0.76        |
|    learning_rate        | 0.0003      |
|    loss                 | 0.0131      |
|    n_updates            | 4770        |
|    policy_gradient_loss | -0.0127     |
|    value_loss           | 0.133       |
-----------------------------------------
-----------------------------------------------------
| policy/                              |            |
|    ent_coef                          | 0.01       |
|    hold_rate_500                     | 0.948      |
| session/                             |            |
|    london_range_pts                  | 32.3       |
| time/                                |            |
|    fps                               | 3          |
|    iterations                        | 42         |
|    time_elapsed                      | 25146      |
|    total_timesteps                   | 986016     |
| trade/                               |            |
|    avg_first_trade_duration_min      | 144        |
|    avg_first_trade_entry_delay_an... | 281        |
|    episode_pnl                       | 0.632      |
|    first_trade_is_ny_open_rate       | 0.125      |
|    first_trade_matches_intent_rate   | 0.5        |
|    first_trade_pnl                   | 2.62       |
|    first_trade_win_rate              | 0.625      |
|    ny_open_trade_rate                | 0.02       |
|    pnl_continuation_days             | 0.402      |
|    pnl_sweep_high_days               | -0.0214    |
|    pnl_sweep_low_days                | 4.55       |
|    trades_per_episode                | 0.22       |
|    win_rate                          | 0.625      |
|    win_rate_continuation             | 0.0294     |
|    win_rate_sweep_days               | 0.25       |
| train/                               |            |
|    approx_kl                         | 0.00836838 |
|    clip_fraction                     | 0.0472     |
|    clip_range                        | 0.2        |
|    entropy_loss                      | -0.0708    |
|    explained_variance                | 0.705      |
|    learning_rate                     | 0.0003     |
|    loss                              | 0.00832    |
|    n_updates                         | 4780       |
|    policy_gradient_loss              | -0.0179    |
|    value_loss                        | 0.133      |
-----------------------------------------------------
-----------------------------------------
| session/                |             |
|    london_range_pts     | 29.5        |
| time/                   |             |
|    fps                  | 3           |
|    iterations           | 43          |
|    time_elapsed         | 25881       |
|    total_timesteps      | 988064      |
| train/                  |             |
|    approx_kl            | 0.008599127 |
|    clip_fraction        | 0.0376      |
|    clip_range           | 0.2         |
|    entropy_loss         | -0.0511     |
|    explained_variance   | 0.749       |
|    learning_rate        | 0.0003      |
|    loss                 | -0.00335    |
|    n_updates            | 4790        |
|    policy_gradient_loss | -0.0116     |
|    value_loss           | 0.0866      |
-----------------------------------------
------------------------------------------------------
| policy/                              |             |
|    ent_coef                          | 0.01        |
|    hold_rate_500                     | 0.956       |
| session/                             |             |
|    london_range_pts                  | 21.8        |
| time/                                |             |
|    fps                               | 3           |
|    iterations                        | 44          |
|    time_elapsed                      | 26670       |
|    total_timesteps                   | 990112      |
| trade/                               |             |
|    avg_first_trade_duration_min      | 137         |
|    avg_first_trade_entry_delay_an... | 291         |
|    episode_pnl                       | 1.49        |
|    first_trade_is_ny_open_rate       | 0           |
|    first_trade_matches_intent_rate   | 0.429       |
|    first_trade_pnl                   | 4.95        |
|    first_trade_win_rate              | 0.857       |
|    ny_open_trade_rate                | 0           |
|    pnl_continuation_days             | 1.88        |
|    pnl_sweep_high_days               | 1.19        |
|    pnl_sweep_low_days                | -0.604      |
|    trades_per_episode                | 0.28        |
|    win_rate                          | 0.714       |
|    win_rate_continuation             | 0.111       |
|    win_rate_sweep_days               | 0.0714      |
| train/                               |             |
|    approx_kl                         | 0.009814972 |
|    clip_fraction                     | 0.0418      |
|    clip_range                        | 0.2         |
|    entropy_loss                      | -0.0648     |
|    explained_variance                | 0.694       |
|    learning_rate                     | 0.0003      |
|    loss                              | 0.016       |
|    n_updates                         | 4800        |
|    policy_gradient_loss              | -0.014      |
|    value_loss                        | 0.142       |
------------------------------------------------------
-----------------------------------------
| session/                |             |
|    london_range_pts     | 26          |
| time/                   |             |
|    fps                  | 3           |
|    iterations           | 45          |
|    time_elapsed         | 27377       |
|    total_timesteps      | 992160      |
| train/                  |             |
|    approx_kl            | 0.008462854 |
|    clip_fraction        | 0.0358      |
|    clip_range           | 0.2         |
|    entropy_loss         | -0.0578     |
|    explained_variance   | 0.752       |
|    learning_rate        | 0.0003      |
|    loss                 | 0.00165     |
|    n_updates            | 4810        |
|    policy_gradient_loss | -0.0129     |
|    value_loss           | 0.146       |
-----------------------------------------
------------------------------------------
| session/                |              |
|    london_range_pts     | 29.7         |
| time/                   |              |
|    fps                  | 3            |
|    iterations           | 46           |
|    time_elapsed         | 27993        |
|    total_timesteps      | 994208       |
| train/                  |              |
|    approx_kl            | 0.0068578604 |
|    clip_fraction        | 0.027        |
|    clip_range           | 0.2          |
|    entropy_loss         | -0.0455      |
|    explained_variance   | 0.744        |
|    learning_rate        | 0.0003       |
|    loss                 | 0.0158       |
|    n_updates            | 4820         |
|    policy_gradient_loss | -0.00601     |
|    value_loss           | 0.107        |
------------------------------------------

=== Running: C:\Users\rahul\AppData\Local\Python\pythoncore-3.14-64\python.exe main.py --mode train-lens1 --config C:\RAHUL BOGI\RL_Session Trainings\xauusd_v3\config\retrain_balanced_500k.yaml ===

=== Running: C:\Users\rahul\AppData\Local\Python\pythoncore-3.14-64\python.exe main.py --mode analyse-lens1 --config C:\RAHUL BOGI\RL_Session Trainings\xauusd_v3\config\retrain_balanced_500k.yaml ===

=== Running: C:\Users\rahul\AppData\Local\Python\pythoncore-3.14-64\python.exe main.py --mode train-lens2 --config C:\RAHUL BOGI\RL_Session Trainings\xauusd_v3\config\retrain_balanced_500k.yaml ===
